{"type": "FeatureCollection", "features": [{"type": "Feature", "geometry": {"type": "Polygon", "coordinates": [[[23.5, 46.715], [23.503275505953624, 46.715], [23.503275505953624, 46.71724577793748], [23.5, 46.71724577793748], [23.5, 46.715]]]}, "properties": {"score": 1, "res500": 216, "transit": 0, "shops": 0, "food": 0, "comp": 0, "offices": 0}}, {"type": "Feature", "geometry": {"type": "Polygon", "coordinates": [[[23.503275505953624, 46.715], [23.50655101190725, 46.715], [23.50655101190725, 46.71724577793748], [23.503275505953624, 46.71724577793748], [23.503275505953624, 46.715]]]}, "properties": {"score": 1, "res500": 284, "transit": 0, "shops": 0, "food": 0, "comp": 0, "offices": 0}}, {"type": "Feature", "geometry": {"type": "Polygon", "coordinates": [[[23.50655101190725, 46.715], [23.509826517860873, 46.715], [23.509826517860873, 46.71724577793748], [23.50655101190725, 46.71724577793748], [23.50655101190725, 46.715]]]}, "properties": {"score": 1, "res500": 245, "transit": 0, "shops": 0, "food": 0, "comp": 0, "offices": 0}}, {"type": "Feature", "geometry": {"type": "Polygon", "coordinates": [[[23.56878562502611, 46.715], [23.572061130979733, 46.715], [23.572061130979733, 46.71724577793748], [23.56878562502611, 46.71724577793748], [23.56878562502611, 46.715]]]}, "properties": {"score": 1, "res500": 305, "transit": 0, "shops": 0, "food": 0, "comp": 0, "offices": 0}}, {"type": "Feature", "geometry": {"type": "Polygon", "coordinates": [[[23.572061130979733, 46.715], [23.575336636933358, 46.715], [23.575336636933358, 46.71724577793748], [23.572061130979733, 46.71724577793748], [23.572061130979733, 46.715]]]}, "properties": {"score": 7, "res500": 616, "transit": 2, "shops": 0, "food": 0, "comp": 0, "offices": 0}}, {"type": "Feature", "geometry": {"type": "Polygon", "coordinates": [[[23.575336636933358, 46.715], [23.578612142886982, 46.715], [23.578612142886982, 46.71724577793748], [23.575336636933358, 46.71724577793748], [23.575336636933358, 46.715]]]}, "properties": {"score": 8, "res500": 793, "transit": 2, "shops": 0, "food": 0, "comp": 0, "offices": 0}}, {"type": "Feature", "geometry": {"type": "Polygon", "coordinates": [[[23.578612142886982, 46.715], [23.581887648840606, 46.715], [23.581887648840606, 46.71724577793748], [23.578612142886982, 46.71724577793748], [23.578612142886982, 46.715]]]}, "properties": {"score": 2, "res500": 646, "transit": 0, "shops": 0, "food": 0, "comp": 0, "offices": 0}}, {"type": "Feature", "geometry": {"type": "Polygon", "coordinates": [[[23.581887648840606, 46.715], [23.58516315479423, 46.715], [23.58516315479423, 46.71724577793748], [23.581887648840606, 46.71724577793748], [23.581887648840606, 46.715]]]}, "properties": {"score": 1, "res500": 328, "transit": 0, "shops": 0, "food": 0, "comp": 0, "offices": 0}}, {"type": "Feature", "geometry": {"type": "Polygon", "coordinates": [[[23.60154068456235, 46.715], [23.604816190515976, 46.715], [23.604816190515976, 46.71724577793748], [23.60154068456235, 46.71724577793748], [23.60154068456235, 46.715]]]}, "properties": {"score": 1, "res500": 263, "transit": 0, "shops": 0, "food": 0, "comp": 0, "offices": 0}}, {"type": "Feature", "geometry": {"type": "Polygon", "coordinates": [[[23.604816190515976, 46.715], [23.6080916964696, 46.715], [23.6080916964696, 46.71724577793748], [23.604816190515976, 46.71724577793748], [23.604816190515976, 46.715]]]}, "properties": {"score": 2, "res500": 504, "transit": 0, "shops": 0, "food": 0, "comp": 0, "offices": 0}}, {"type": "Feature", "geometry": {"type": "Polygon", "coordinates": [[[23.6080916964696, 46.715], [23.611367202423224, 46.715], [23.611367202423224, 46.71724577793748], [23.6080916964696, 46.71724577793748], [23.6080916964696, 46.715]]]}, "properties": {"score": 2, "res500": 742, "transit": 0, "shops": 0, "food": 0, "comp": 0, "offices": 0}}, {"type": "Feature", "geometry": {"type": "Polygon", "coordinates": [[[23.611367202423224, 46.715], [23.61464270837685, 46.715], [23.61464270837685, 46.71724577793748], [23.611367202423224, 46.71724577793748], [23.611367202423224, 46.715]]]}, "properties": {"score": 3, "res500": 814, "transit": 0, "shops": 1, "food": 0, "comp": 0, "offices": 0}}, {"type": "Feature", "geometry": {"type": "Polygon", "coordinates": [[[23.61464270837685, 46.715], [23.617918214330473, 46.715], [23.617918214330473, 46.71724577793748], [23.61464270837685, 46.71724577793748], [23.61464270837685, 46.715]]]}, "properties": {"score": 4, "res500": 967, "transit": 0, "shops": 1, "food": 0, "comp": 0, "offices": 0}}, {"type": "Feature", "geometry": {"type": "Polygon", "coordinates": [[[23.617918214330473, 46.715], [23.621193720284097, 46.715], [23.621193720284097, 46.71724577793748], [23.617918214330473, 46.71724577793748], [23.617918214330473, 46.715]]]}, "properties": {"score": 5, "res500": 1122, "transit": 0, "shops": 1, "food": 0, "comp": 0, "offices": 0}}, {"type": "Feature", "geometry": {"type": "Polygon", "coordinates": [[[23.621193720284097, 46.715], [23.62446922623772, 46.715], [23.62446922623772, 46.71724577793748], [23.621193720284097, 46.71724577793748], [23.621193720284097, 46.715]]]}, "properties": {"score": 11, "res500": 1185, "transit": 2, "shops": 0, "food": 0, "comp": 0, "offices": 0}}, {"type": "Feature", "geometry": {"type": "Polygon", "coordinates": [[[23.62446922623772, 46.715], [23.627744732191346, 46.715], [23.627744732191346, 46.71724577793748], [23.62446922623772, 46.71724577793748], [23.62446922623772, 46.715]]]}, "properties": {"score": 10, "res500": 1112, "transit": 2, "shops": 0, "food": 0, "comp": 0, "offices": 0}}, {"type": "Feature", "geometry": {"type": "Polygon", "coordinates": [[[23.627744732191346, 46.715], [23.63102023814497, 46.715], [23.63102023814497, 46.71724577793748], [23.627744732191346, 46.71724577793748], [23.627744732191346, 46.715]]]}, "properties": {"score": 7, "res500": 868, "transit": 1, "shops": 0, "food": 0, "comp": 0, "offices": 0}}, {"type": "Feature", "geometry": {"type": "Polygon", "coordinates": [[[23.63102023814497, 46.715], [23.634295744098594, 46.715], [23.634295744098594, 46.71724577793748], [23.63102023814497, 46.71724577793748], [23.63102023814497, 46.715]]]}, "properties": {"score": 5, "res500": 610, "transit": 1, "shops": 0, "food": 0, "comp": 0, "offices": 0}}, {"type": "Feature", "geometry": {"type": "Polygon", "coordinates": [[[23.634295744098594, 46.715], [23.63757125005222, 46.715], [23.63757125005222, 46.71724577793748], [23.634295744098594, 46.71724577793748], [23.634295744098594, 46.715]]]}, "properties": {"score": 1, "res500": 363, "transit": 0, "shops": 0, "food": 0, "comp": 0, "offices": 0}}, {"type": "Feature", "geometry": {"type": "Polygon", "coordinates": [[[23.5, 46.71724577793748], [23.503275642274744, 46.71724577793748], [23.503275642274744, 46.71949155587495], [23.5, 46.71949155587495], [23.5, 46.71724577793748]]]}, "properties": {"score": 1, "res500": 302, "transit": 0, "shops": 0, "food": 0, "comp": 0, "offices": 0}}, {"type": "Feature", "geometry": {"type": "Polygon", "coordinates": [[[23.503275642274744, 46.71724577793748], [23.506551284549488, 46.71724577793748], [23.506551284549488, 46.71949155587495], [23.503275642274744, 46.71949155587495], [23.503275642274744, 46.71724577793748]]]}, "properties": {"score": 1, "res500": 364, "transit": 0, "shops": 0, "food": 0, "comp": 0, "offices": 0}}, {"type": "Feature", "geometry": {"type": "Polygon", "coordinates": [[[23.506551284549488, 46.71724577793748], [23.509826926824232, 46.71724577793748], [23.509826926824232, 46.71949155587495], [23.506551284549488, 46.71949155587495], [23.506551284549488, 46.71724577793748]]]}, "properties": {"score": 1, "res500": 416, "transit": 0, "shops": 0, "food": 0, "comp": 0, "offices": 0}}, {"type": "Feature", "geometry": {"type": "Polygon", "coordinates": [[[23.509826926824232, 46.71724577793748], [23.513102569098976, 46.71724577793748], [23.513102569098976, 46.71949155587495], [23.509826926824232, 46.71949155587495], [23.509826926824232, 46.71724577793748]]]}, "properties": {"score": 1, "res500": 205, "transit": 0, "shops": 0, "food": 0, "comp": 0, "offices": 0}}, {"type": "Feature", "geometry": {"type": "Polygon", "coordinates": [[[23.568788487769623, 46.71724577793748], [23.572064130044367, 46.71724577793748], [23.572064130044367, 46.71949155587495], [23.568788487769623, 46.71949155587495], [23.568788487769623, 46.71724577793748]]]}, "properties": {"score": 2, "res500": 545, "transit": 0, "shops": 0, "food": 0, "comp": 0, "offices": 0}}, {"type": "Feature", "geometry": {"type": "Polygon", "coordinates": [[[23.572064130044367, 46.71724577793748], [23.57533977231911, 46.71724577793748], [23.57533977231911, 46.71949155587495], [23.572064130044367, 46.71949155587495], [23.572064130044367, 46.71724577793748]]]}, "properties": {"score": 8, "res500": 890, "transit": 2, "shops": 0, "food": 0, "comp": 0, "offices": 0}}, {"type": "Feature", "geometry": {"type": "Polygon", "coordinates": [[[23.57533977231911, 46.71724577793748], [23.578615414593855, 46.71724577793748], [23.578615414593855, 46.71949155587495], [23.57533977231911, 46.71949155587495], [23.57533977231911, 46.71724577793748]]]}, "properties": {"score": 9, "res500": 1050, "transit": 2, "shops": 0, "food": 0, "comp": 0, "offices": 0}}, {"type": "Feature", "geometry": {"type": "Polygon", "coordinates": [[[23.578615414593855, 46.71724577793748], [23.5818910568686, 46.71724577793748], [23.5818910568686, 46.71949155587495], [23.578615414593855, 46.71949155587495], [23.578615414593855, 46.71724577793748]]]}, "properties": {"score": 3, "res500": 889, "transit": 0, "shops": 0, "food": 0, "comp": 0, "offices": 0}}, {"type": "Feature", "geometry": {"type": "Polygon", "coordinates": [[[23.5818910568686, 46.71724577793748], [23.585166699143343, 46.71724577793748], [23.585166699143343, 46.71949155587495], [23.5818910568686, 46.71949155587495], [23.5818910568686, 46.71724577793748]]]}, "properties": {"score": 2, "res500": 445, "transit": 0, "shops": 0, "food": 0, "comp": 0, "offices": 0}}, {"type": "Feature", "geometry": {"type": "Polygon", "coordinates": [[[23.585166699143343, 46.71724577793748], [23.588442341418087, 46.71724577793748], [23.588442341418087, 46.71949155587495], [23.585166699143343, 46.71949155587495], [23.585166699143343, 46.71724577793748]]]}, "properties": {"score": 1, "res500": 299, "transit": 0, "shops": 0, "food": 0, "comp": 0, "offices": 0}}, {"type": "Feature", "geometry": {"type": "Polygon", "coordinates": [[[23.588442341418087, 46.71724577793748], [23.59171798369283, 46.71724577793748], [23.59171798369283, 46.71949155587495], [23.588442341418087, 46.71949155587495], [23.588442341418087, 46.71724577793748]]]}, "properties": {"score": 2, "res500": 279, "transit": 0, "shops": 0, "food": 2, "comp": 0, "offices": 0}}, {"type": "Feature", "geometry": {"type": "Polygon", "coordinates": [[[23.59171798369283, 46.71724577793748], [23.594993625967575, 46.71724577793748], [23.594993625967575, 46.71949155587495], [23.59171798369283, 46.71949155587495], [23.59171798369283, 46.71724577793748]]]}, "properties": {"score": 2, "res500": 353, "transit": 0, "shops": 0, "food": 1, "comp": 0, "offices": 0}}, {"type": "Feature", "geometry": {"type": "Polygon", "coordinates": [[[23.594993625967575, 46.71724577793748], [23.59826926824232, 46.71724577793748], [23.59826926824232, 46.71949155587495], [23.594993625967575, 46.71949155587495], [23.594993625967575, 46.71724577793748]]]}, "properties": {"score": 1, "res500": 239, "transit": 0, "shops": 0, "food": 0, "comp": 0, "offices": 0}}, {"type": "Feature", "geometry": {"type": "Polygon", "coordinates": [[[23.601544910517063, 46.71724577793748], [23.604820552791807, 46.71724577793748], [23.604820552791807, 46.71949155587495], [23.601544910517063, 46.71949155587495], [23.601544910517063, 46.71724577793748]]]}, "properties": {"score": 1, "res500": 359, "transit": 0, "shops": 0, "food": 0, "comp": 0, "offices": 0}}, {"type": "Feature", "geometry": {"type": "Polygon", "coordinates": [[[23.604820552791807, 46.71724577793748], [23.60809619506655, 46.71724577793748], [23.60809619506655, 46.71949155587495], [23.604820552791807, 46.71949155587495], [23.604820552791807, 46.71724577793748]]]}, "properties": {"score": 2, "res500": 558, "transit": 0, "shops": 0, "food": 0, "comp": 0, "offices": 0}}, {"type": "Feature", "geometry": {"type": "Polygon", "coordinates": [[[23.60809619506655, 46.71724577793748], [23.611371837341295, 46.71724577793748], [23.611371837341295, 46.71949155587495], [23.60809619506655, 46.71949155587495], [23.60809619506655, 46.71724577793748]]]}, "properties": {"score": 3, "res500": 791, "transit": 0, "shops": 0, "food": 0, "comp": 0, "offices": 0}}, {"type": "Feature", "geometry": {"type": "Polygon", "coordinates": [[[23.611371837341295, 46.71724577793748], [23.61464747961604, 46.71724577793748], [23.61464747961604, 46.71949155587495], [23.611371837341295, 46.71949155587495], [23.611371837341295, 46.71724577793748]]]}, "properties": {"score": 3, "res500": 974, "transit": 0, "shops": 0, "food": 0, "comp": 0, "offices": 0}}, {"type": "Feature", "geometry": {"type": "Polygon", "coordinates": [[[23.61464747961604, 46.71724577793748], [23.617923121890783, 46.71724577793748], [23.617923121890783, 46.71949155587495], [23.61464747961604, 46.71949155587495], [23.61464747961604, 46.71724577793748]]]}, "properties": {"score": 10, "res500": 1275, "transit": 2, "shops": 1, "food": 1, "comp": 0, "offices": 0}}, {"type": "Feature", "geometry": {"type": "Polygon", "coordinates": [[[23.617923121890783, 46.71724577793748], [23.621198764165527, 46.71724577793748], [23.621198764165527, 46.71949155587495], [23.617923121890783, 46.71949155587495], [23.617923121890783, 46.71724577793748]]]}, "properties": {"score": 6, "res500": 1442, "transit": 0, "shops": 1, "food": 1, "comp": 0, "offices": 0}}, {"type": "Feature", "geometry": {"type": "Polygon", "coordinates": [[[23.621198764165527, 46.71724577793748], [23.62447440644027, 46.71724577793748], [23.62447440644027, 46.71949155587495], [23.621198764165527, 46.71949155587495], [23.621198764165527, 46.71724577793748]]]}, "properties": {"score": 12, "res500": 1456, "transit": 2, "shops": 0, "food": 1, "comp": 0, "offices": 0}}, {"type": "Feature", "geometry": {"type": "Polygon", "coordinates": [[[23.62447440644027, 46.71724577793748], [23.627750048715015, 46.71724577793748], [23.627750048715015, 46.71949155587495], [23.62447440644027, 46.71949155587495], [23.62447440644027, 46.71724577793748]]]}, "properties": {"score": 11, "res500": 1328, "transit": 2, "shops": 0, "food": 0, "comp": 0, "offices": 0}}, {"type": "Feature", "geometry": {"type": "Polygon", "coordinates": [[[23.627750048715015, 46.71724577793748], [23.63102569098976, 46.71724577793748], [23.63102569098976, 46.71949155587495], [23.627750048715015, 46.71949155587495], [23.627750048715015, 46.71724577793748]]]}, "properties": {"score": 7, "res500": 980, "transit": 1, "shops": 0, "food": 0, "comp": 0, "offices": 0}}, {"type": "Feature", "geometry": {"type": "Polygon", "coordinates": [[[23.63102569098976, 46.71724577793748], [23.634301333264503, 46.71724577793748], [23.634301333264503, 46.71949155587495], [23.63102569098976, 46.71949155587495], [23.63102569098976, 46.71724577793748]]]}, "properties": {"score": 2, "res500": 645, "transit": 0, "shops": 0, "food": 0, "comp": 0, "offices": 0}}, {"type": "Feature", "geometry": {"type": "Polygon", "coordinates": [[[23.634301333264503, 46.71724577793748], [23.637576975539247, 46.71724577793748], [23.637576975539247, 46.71949155587495], [23.634301333264503, 46.71949155587495], [23.634301333264503, 46.71724577793748]]]}, "properties": {"score": 1, "res500": 335, "transit": 0, "shops": 0, "food": 0, "comp": 0, "offices": 0}}, {"type": "Feature", "geometry": {"type": "Polygon", "coordinates": [[[23.5, 46.71949155587495], [23.50327577861225, 46.71949155587495], [23.50327577861225, 46.72173733381243], [23.5, 46.72173733381243], [23.5, 46.71949155587495]]]}, "properties": {"score": 1, "res500": 315, "transit": 0, "shops": 0, "food": 0, "comp": 0, "offices": 0}}, {"type": "Feature", "geometry": {"type": "Polygon", "coordinates": [[[23.50327577861225, 46.71949155587495], [23.506551557224498, 46.71949155587495], [23.506551557224498, 46.72173733381243], [23.50327577861225, 46.72173733381243], [23.50327577861225, 46.71949155587495]]]}, "properties": {"score": 2, "res500": 469, "transit": 0, "shops": 0, "food": 0, "comp": 0, "offices": 0}}, {"type": "Feature", "geometry": {"type": "Polygon", "coordinates": [[[23.506551557224498, 46.71949155587495], [23.509827335836746, 46.71949155587495], [23.509827335836746, 46.72173733381243], [23.506551557224498, 46.72173733381243], [23.506551557224498, 46.71949155587495]]]}, "properties": {"score": 2, "res500": 575, "transit": 0, "shops": 0, "food": 0, "comp": 0, "offices": 0}}, {"type": "Feature", "geometry": {"type": "Polygon", "coordinates": [[[23.509827335836746, 46.71949155587495], [23.513103114448995, 46.71949155587495], [23.513103114448995, 46.72173733381243], [23.509827335836746, 46.72173733381243], [23.509827335836746, 46.71949155587495]]]}, "properties": {"score": 1, "res500": 379, "transit": 0, "shops": 0, "food": 0, "comp": 0, "offices": 0}}, {"type": "Feature", "geometry": {"type": "Polygon", "coordinates": [[[23.568791350857225, 46.71949155587495], [23.572067129469474, 46.71949155587495], [23.572067129469474, 46.72173733381243], [23.568791350857225, 46.72173733381243], [23.568791350857225, 46.71949155587495]]]}, "properties": {"score": 2, "res500": 496, "transit": 0, "shops": 0, "food": 0, "comp": 0, "offices": 0}}, {"type": "Feature", "geometry": {"type": "Polygon", "coordinates": [[[23.572067129469474, 46.71949155587495], [23.575342908081723, 46.71949155587495], [23.575342908081723, 46.72173733381243], [23.572067129469474, 46.72173733381243], [23.572067129469474, 46.71949155587495]]]}, "properties": {"score": 3, "res500": 905, "transit": 0, "shops": 0, "food": 0, "comp": 0, "offices": 0}}, {"type": "Feature", "geometry": {"type": "Polygon", "coordinates": [[[23.575342908081723, 46.71949155587495], [23.57861868669397, 46.71949155587495], [23.57861868669397, 46.72173733381243], [23.575342908081723, 46.72173733381243], [23.575342908081723, 46.71949155587495]]]}, "properties": {"score": 3, "res500": 1012, "transit": 0, "shops": 0, "food": 0, "comp": 0, "offices": 0}}, {"type": "Feature", "geometry": {"type": "Polygon", "coordinates": [[[23.57861868669397, 46.71949155587495], [23.58189446530622, 46.71949155587495], [23.58189446530622, 46.72173733381243], [23.57861868669397, 46.72173733381243], [23.57861868669397, 46.71949155587495]]]}, "properties": {"score": 3, "res500": 869, "transit": 0, "shops": 0, "food": 0, "comp": 0, "offices": 0}}, {"type": "Feature", "geometry": {"type": "Polygon", "coordinates": [[[23.58189446530622, 46.71949155587495], [23.58517024391847, 46.71949155587495], [23.58517024391847, 46.72173733381243], [23.58189446530622, 46.72173733381243], [23.58189446530622, 46.71949155587495]]]}, "properties": {"score": 2, "res500": 542, "transit": 0, "shops": 0, "food": 0, "comp": 0, "offices": 0}}, {"type": "Feature", "geometry": {"type": "Polygon", "coordinates": [[[23.58517024391847, 46.71949155587495], [23.588446022530718, 46.71949155587495], [23.588446022530718, 46.72173733381243], [23.58517024391847, 46.72173733381243], [23.58517024391847, 46.71949155587495]]]}, "properties": {"score": 3, "res500": 359, "transit": 0, "shops": 1, "food": 2, "comp": 0, "offices": 0}}, {"type": "Feature", "geometry": {"type": "Polygon", "coordinates": [[[23.588446022530718, 46.71949155587495], [23.591721801142967, 46.71949155587495], [23.591721801142967, 46.72173733381243], [23.588446022530718, 46.72173733381243], [23.588446022530718, 46.71949155587495]]]}, "properties": {"score": 1, "res500": 402, "transit": 0, "shops": 1, "food": 2, "comp": 2, "offices": 0}}, {"type": "Feature", "geometry": {"type": "Polygon", "coordinates": [[[23.591721801142967, 46.71949155587495], [23.594997579755216, 46.71949155587495], [23.594997579755216, 46.72173733381243], [23.591721801142967, 46.72173733381243], [23.591721801142967, 46.71949155587495]]]}, "properties": {"score": 3, "res500": 412, "transit": 0, "shops": 1, "food": 2, "comp": 0, "offices": 0}}, {"type": "Feature", "geometry": {"type": "Polygon", "coordinates": [[[23.594997579755216, 46.71949155587495], [23.598273358367464, 46.71949155587495], [23.598273358367464, 46.72173733381243], [23.594997579755216, 46.72173733381243], [23.594997579755216, 46.71949155587495]]]}, "properties": {"score": 1, "res500": 254, "transit": 0, "shops": 0, "food": 0, "comp": 0, "offices": 0}}, {"type": "Feature", "geometry": {"type": "Polygon", "coordinates": [[[23.598273358367464, 46.71949155587495], [23.601549136979713, 46.71949155587495], [23.601549136979713, 46.72173733381243], [23.598273358367464, 46.72173733381243], [23.598273358367464, 46.71949155587495]]]}, "properties": {"score": 1, "res500": 212, "transit": 0, "shops": 0, "food": 0, "comp": 0, "offices": 0}}, {"type": "Feature", "geometry": {"type": "Polygon", "coordinates": [[[23.601549136979713, 46.71949155587495], [23.604824915591962, 46.71949155587495], [23.604824915591962, 46.72173733381243], [23.601549136979713, 46.72173733381243], [23.601549136979713, 46.71949155587495]]]}, "properties": {"score": 2, "res500": 294, "transit": 0, "shops": 0, "food": 1, "comp": 0, "offices": 0}}, {"type": "Feature", "geometry": {"type": "Polygon", "coordinates": [[[23.604824915591962, 46.71949155587495], [23.60810069420421, 46.71949155587495], [23.60810069420421, 46.72173733381243], [23.604824915591962, 46.72173733381243], [23.604824915591962, 46.71949155587495]]]}, "properties": {"score": 2, "res500": 441, "transit": 0, "shops": 0, "food": 1, "comp": 0, "offices": 0}}, {"type": "Feature", "geometry": {"type": "Polygon", "coordinates": [[[23.60810069420421, 46.71949155587495], [23.61137647281646, 46.71949155587495], [23.61137647281646, 46.72173733381243], [23.60810069420421, 46.72173733381243], [23.60810069420421, 46.71949155587495]]]}, "properties": {"score": 2, "res500": 614, "transit": 0, "shops": 0, "food": 0, "comp": 0, "offices": 0}}, {"type": "Feature", "geometry": {"type": "Polygon", "coordinates": [[[23.61137647281646, 46.71949155587495], [23.61465225142871, 46.71949155587495], [23.61465225142871, 46.72173733381243], [23.61137647281646, 46.72173733381243], [23.61137647281646, 46.71949155587495]]]}, "properties": {"score": 8, "res500": 763, "transit": 2, "shops": 0, "food": 0, "comp": 0, "offices": 0}}, {"type": "Feature", "geometry": {"type": "Polygon", "coordinates": [[[23.61465225142871, 46.71949155587495], [23.617928030040957, 46.71949155587495], [23.617928030040957, 46.72173733381243], [23.61465225142871, 46.72173733381243], [23.61465225142871, 46.71949155587495]]]}, "properties": {"score": 10, "res500": 988, "transit": 2, "shops": 1, "food": 1, "comp": 0, "offices": 0}}, {"type": "Feature", "geometry": {"type": "Polygon", "coordinates": [[[23.617928030040957, 46.71949155587495], [23.621203808653206, 46.71949155587495], [23.621203808653206, 46.72173733381243], [23.617928030040957, 46.72173733381243], [23.617928030040957, 46.71949155587495]]]}, "properties": {"score": 9, "res500": 1105, "transit": 2, "shops": 1, "food": 1, "comp": 1, "offices": 0}}, {"type": "Feature", "geometry": {"type": "Polygon", "coordinates": [[[23.621203808653206, 46.71949155587495], [23.624479587265455, 46.71949155587495], [23.624479587265455, 46.72173733381243], [23.621203808653206, 46.72173733381243], [23.621203808653206, 46.71949155587495]]]}, "properties": {"score": 6, "res500": 1143, "transit": 0, "shops": 0, "food": 1, "comp": 0, "offices": 0}}, {"type": "Feature", "geometry": {"type": "Polygon", "coordinates": [[[23.624479587265455, 46.71949155587495], [23.627755365877704, 46.71949155587495], [23.627755365877704, 46.72173733381243], [23.624479587265455, 46.72173733381243], [23.624479587265455, 46.71949155587495]]]}, "properties": {"score": 5, "res500": 999, "transit": 0, "shops": 0, "food": 0, "comp": 0, "offices": 0}}, {"type": "Feature", "geometry": {"type": "Polygon", "coordinates": [[[23.627755365877704, 46.71949155587495], [23.631031144489953, 46.71949155587495], [23.631031144489953, 46.72173733381243], [23.627755365877704, 46.72173733381243], [23.627755365877704, 46.71949155587495]]]}, "properties": {"score": 2, "res500": 670, "transit": 0, "shops": 0, "food": 0, "comp": 0, "offices": 0}}, {"type": "Feature", "geometry": {"type": "Polygon", "coordinates": [[[23.631031144489953, 46.71949155587495], [23.6343069231022, 46.71949155587495], [23.6343069231022, 46.72173733381243], [23.631031144489953, 46.72173733381243], [23.631031144489953, 46.71949155587495]]]}, "properties": {"score": 1, "res500": 361, "transit": 0, "shops": 0, "food": 0, "comp": 0, "offices": 0}}, {"type": "Feature", "geometry": {"type": "Polygon", "coordinates": [[[23.5, 46.72173733381243], [23.503275914966135, 46.72173733381243], [23.503275914966135, 46.7239831117499], [23.5, 46.7239831117499], [23.5, 46.72173733381243]]]}, "properties": {"score": 1, "res500": 295, "transit": 0, "shops": 0, "food": 0, "comp": 0, "offices": 0}}, {"type": "Feature", "geometry": {"type": "Polygon", "coordinates": [[[23.503275914966135, 46.72173733381243], [23.50655182993227, 46.72173733381243], [23.50655182993227, 46.7239831117499], [23.503275914966135, 46.7239831117499], [23.503275914966135, 46.72173733381243]]]}, "properties": {"score": 2, "res500": 530, "transit": 0, "shops": 0, "food": 1, "comp": 0, "offices": 0}}, {"type": "Feature", "geometry": {"type": "Polygon", "coordinates": [[[23.50655182993227, 46.72173733381243], [23.509827744898406, 46.72173733381243], [23.509827744898406, 46.7239831117499], [23.50655182993227, 46.7239831117499], [23.50655182993227, 46.72173733381243]]]}, "properties": {"score": 3, "res500": 601, "transit": 0, "shops": 0, "food": 1, "comp": 0, "offices": 0}}, {"type": "Feature", "geometry": {"type": "Polygon", "coordinates": [[[23.509827744898406, 46.72173733381243], [23.51310365986454, 46.72173733381243], [23.51310365986454, 46.7239831117499], [23.509827744898406, 46.7239831117499], [23.509827744898406, 46.72173733381243]]]}, "properties": {"score": 2, "res500": 508, "transit": 0, "shops": 0, "food": 1, "comp": 0, "offices": 0}}, {"type": "Feature", "geometry": {"type": "Polygon", "coordinates": [[[23.56879421428884, 46.72173733381243], [23.572070129254975, 46.72173733381243], [23.572070129254975, 46.7239831117499], [23.56879421428884, 46.7239831117499], [23.56879421428884, 46.72173733381243]]]}, "properties": {"score": 1, "res500": 314, "transit": 0, "shops": 0, "food": 0, "comp": 0, "offices": 0}}, {"type": "Feature", "geometry": {"type": "Polygon", "coordinates": [[[23.572070129254975, 46.72173733381243], [23.57534604422111, 46.72173733381243], [23.57534604422111, 46.7239831117499], [23.572070129254975, 46.7239831117499], [23.572070129254975, 46.72173733381243]]]}, "properties": {"score": 2, "res500": 701, "transit": 0, "shops": 0, "food": 0, "comp": 0, "offices": 0}}, {"type": "Feature", "geometry": {"type": "Polygon", "coordinates": [[[23.57534604422111, 46.72173733381243], [23.578621959187245, 46.72173733381243], [23.578621959187245, 46.7239831117499], [23.57534604422111, 46.7239831117499], [23.57534604422111, 46.72173733381243]]]}, "properties": {"score": 9, "res500": 927, "transit": 2, "shops": 0, "food": 0, "comp": 0, "offices": 0}}, {"type": "Feature", "geometry": {"type": "Polygon", "coordinates": [[[23.578621959187245, 46.72173733381243], [23.58189787415338, 46.72173733381243], [23.58189787415338, 46.7239831117499], [23.578621959187245, 46.7239831117499], [23.578621959187245, 46.72173733381243]]]}, "properties": {"score": 8, "res500": 818, "transit": 2, "shops": 0, "food": 0, "comp": 0, "offices": 0}}, {"type": "Feature", "geometry": {"type": "Polygon", "coordinates": [[[23.58189787415338, 46.72173733381243], [23.585173789119516, 46.72173733381243], [23.585173789119516, 46.7239831117499], [23.58189787415338, 46.7239831117499], [23.58189787415338, 46.72173733381243]]]}, "properties": {"score": 3, "res500": 794, "transit": 0, "shops": 0, "food": 1, "comp": 0, "offices": 0}}, {"type": "Feature", "geometry": {"type": "Polygon", "coordinates": [[[23.585173789119516, 46.72173733381243], [23.58844970408565, 46.72173733381243], [23.58844970408565, 46.7239831117499], [23.585173789119516, 46.7239831117499], [23.585173789119516, 46.72173733381243]]]}, "properties": {"score": 3, "res500": 566, "transit": 0, "shops": 0, "food": 2, "comp": 0, "offices": 0}}, {"type": "Feature", "geometry": {"type": "Polygon", "coordinates": [[[23.58844970408565, 46.72173733381243], [23.591725619051786, 46.72173733381243], [23.591725619051786, 46.7239831117499], [23.58844970408565, 46.7239831117499], [23.58844970408565, 46.72173733381243]]]}, "properties": {"score": 1, "res500": 561, "transit": 0, "shops": 1, "food": 2, "comp": 2, "offices": 0}}, {"type": "Feature", "geometry": {"type": "Polygon", "coordinates": [[[23.591725619051786, 46.72173733381243], [23.59500153401792, 46.72173733381243], [23.59500153401792, 46.7239831117499], [23.591725619051786, 46.7239831117499], [23.591725619051786, 46.72173733381243]]]}, "properties": {"score": 3, "res500": 497, "transit": 0, "shops": 1, "food": 2, "comp": 0, "offices": 0}}, {"type": "Feature", "geometry": {"type": "Polygon", "coordinates": [[[23.59500153401792, 46.72173733381243], [23.598277448984057, 46.72173733381243], [23.598277448984057, 46.7239831117499], [23.59500153401792, 46.7239831117499], [23.59500153401792, 46.72173733381243]]]}, "properties": {"score": 1, "res500": 255, "transit": 0, "shops": 0, "food": 0, "comp": 0, "offices": 0}}, {"type": "Feature", "geometry": {"type": "Polygon", "coordinates": [[[23.608105193882462, 46.72173733381243], [23.611381108848597, 46.72173733381243], [23.611381108848597, 46.7239831117499], [23.608105193882462, 46.7239831117499], [23.608105193882462, 46.72173733381243]]]}, "properties": {"score": 1, "res500": 300, "transit": 0, "shops": 0, "food": 0, "comp": 0, "offices": 0}}, {"type": "Feature", "geometry": {"type": "Polygon", "coordinates": [[[23.611381108848597, 46.72173733381243], [23.614657023814733, 46.72173733381243], [23.614657023814733, 46.7239831117499], [23.611381108848597, 46.7239831117499], [23.611381108848597, 46.72173733381243]]]}, "properties": {"score": 1, "res500": 365, "transit": 0, "shops": 0, "food": 0, "comp": 0, "offices": 0}}, {"type": "Feature", "geometry": {"type": "Polygon", "coordinates": [[[23.614657023814733, 46.72173733381243], [23.617932938780868, 46.72173733381243], [23.617932938780868, 46.7239831117499], [23.614657023814733, 46.7239831117499], [23.614657023814733, 46.72173733381243]]]}, "properties": {"score": 8, "res500": 524, "transit": 2, "shops": 0, "food": 1, "comp": 0, "offices": 0}}, {"type": "Feature", "geometry": {"type": "Polygon", "coordinates": [[[23.617932938780868, 46.72173733381243], [23.621208853747003, 46.72173733381243], [23.621208853747003, 46.7239831117499], [23.617932938780868, 46.7239831117499], [23.617932938780868, 46.72173733381243]]]}, "properties": {"score": 3, "res500": 604, "transit": 0, "shops": 0, "food": 1, "comp": 0, "offices": 0}}, {"type": "Feature", "geometry": {"type": "Polygon", "coordinates": [[[23.621208853747003, 46.72173733381243], [23.62448476871314, 46.72173733381243], [23.62448476871314, 46.7239831117499], [23.621208853747003, 46.7239831117499], [23.621208853747003, 46.72173733381243]]]}, "properties": {"score": 3, "res500": 590, "transit": 0, "shops": 0, "food": 1, "comp": 0, "offices": 0}}, {"type": "Feature", "geometry": {"type": "Polygon", "coordinates": [[[23.62448476871314, 46.72173733381243], [23.627760683679274, 46.72173733381243], [23.627760683679274, 46.7239831117499], [23.62448476871314, 46.7239831117499], [23.62448476871314, 46.72173733381243]]]}, "properties": {"score": 2, "res500": 475, "transit": 0, "shops": 0, "food": 0, "comp": 0, "offices": 0}}, {"type": "Feature", "geometry": {"type": "Polygon", "coordinates": [[[23.627760683679274, 46.72173733381243], [23.63103659864541, 46.72173733381243], [23.63103659864541, 46.7239831117499], [23.627760683679274, 46.7239831117499], [23.627760683679274, 46.72173733381243]]]}, "properties": {"score": 1, "res500": 232, "transit": 0, "shops": 0, "food": 0, "comp": 0, "offices": 0}}, {"type": "Feature", "geometry": {"type": "Polygon", "coordinates": [[[23.5, 46.7239831117499], [23.503276051336407, 46.7239831117499], [23.503276051336407, 46.72622888968738], [23.5, 46.72622888968738], [23.5, 46.7239831117499]]]}, "properties": {"score": 1, "res500": 244, "transit": 0, "shops": 0, "food": 0, "comp": 0, "offices": 0}}, {"type": "Feature", "geometry": {"type": "Polygon", "coordinates": [[[23.503276051336407, 46.7239831117499], [23.506552102672813, 46.7239831117499], [23.506552102672813, 46.72622888968738], [23.503276051336407, 46.72622888968738], [23.503276051336407, 46.7239831117499]]]}, "properties": {"score": 2, "res500": 474, "transit": 0, "shops": 0, "food": 1, "comp": 0, "offices": 0}}, {"type": "Feature", "geometry": {"type": "Polygon", "coordinates": [[[23.506552102672813, 46.7239831117499], [23.50982815400922, 46.7239831117499], [23.50982815400922, 46.72622888968738], [23.506552102672813, 46.72622888968738], [23.506552102672813, 46.7239831117499]]]}, "properties": {"score": 1, "res500": 547, "transit": 0, "shops": 0, "food": 1, "comp": 1, "offices": 0}}, {"type": "Feature", "geometry": {"type": "Polygon", "coordinates": [[[23.50982815400922, 46.7239831117499], [23.513104205345627, 46.7239831117499], [23.513104205345627, 46.72622888968738], [23.50982815400922, 46.72622888968738], [23.50982815400922, 46.7239831117499]]]}, "properties": {"score": 2, "res500": 530, "transit": 0, "shops": 0, "food": 1, "comp": 0, "offices": 0}}, {"type": "Feature", "geometry": {"type": "Polygon", "coordinates": [[[23.513104205345627, 46.7239831117499], [23.516380256682034, 46.7239831117499], [23.516380256682034, 46.72622888968738], [23.513104205345627, 46.72622888968738], [23.513104205345627, 46.7239831117499]]]}, "properties": {"score": 1, "res500": 224, "transit": 0, "shops": 0, "food": 0, "comp": 0, "offices": 0}}, {"type": "Feature", "geometry": {"type": "Polygon", "coordinates": [[[23.56879707806454, 46.7239831117499], [23.57207312940095, 46.7239831117499], [23.57207312940095, 46.72622888968738], [23.56879707806454, 46.72622888968738], [23.56879707806454, 46.7239831117499]]]}, "properties": {"score": 1, "res500": 315, "transit": 0, "shops": 0, "food": 0, "comp": 0, "offices": 0}}, {"type": "Feature", "geometry": {"type": "Polygon", "coordinates": [[[23.57207312940095, 46.7239831117499], [23.575349180737355, 46.7239831117499], [23.575349180737355, 46.72622888968738], [23.57207312940095, 46.72622888968738], [23.57207312940095, 46.7239831117499]]]}, "properties": {"score": 2, "res500": 688, "transit": 0, "shops": 0, "food": 0, "comp": 0, "offices": 0}}, {"type": "Feature", "geometry": {"type": "Polygon", "coordinates": [[[23.575349180737355, 46.7239831117499], [23.57862523207376, 46.7239831117499], [23.57862523207376, 46.72622888968738], [23.575349180737355, 46.72622888968738], [23.575349180737355, 46.7239831117499]]]}, "properties": {"score": 8, "res500": 885, "transit": 2, "shops": 0, "food": 0, "comp": 0, "offices": 0}}, {"type": "Feature", "geometry": {"type": "Polygon", "coordinates": [[[23.57862523207376, 46.7239831117499], [23.58190128341017, 46.7239831117499], [23.58190128341017, 46.72622888968738], [23.57862523207376, 46.72622888968738], [23.57862523207376, 46.7239831117499]]]}, "properties": {"score": 9, "res500": 838, "transit": 2, "shops": 0, "food": 2, "comp": 0, "offices": 0}}, {"type": "Feature", "geometry": {"type": "Polygon", "coordinates": [[[23.58190128341017, 46.7239831117499], [23.585177334746575, 46.7239831117499], [23.585177334746575, 46.72622888968738], [23.58190128341017, 46.72622888968738], [23.58190128341017, 46.7239831117499]]]}, "properties": {"score": 2, "res500": 878, "transit": 0, "shops": 0, "food": 2, "comp": 2, "offices": 0}}, {"type": "Feature", "geometry": {"type": "Polygon", "coordinates": [[[23.585177334746575, 46.7239831117499], [23.588453386082982, 46.7239831117499], [23.588453386082982, 46.72622888968738], [23.585177334746575, 46.72622888968738], [23.585177334746575, 46.7239831117499]]]}, "properties": {"score": 4, "res500": 733, "transit": 0, "shops": 0, "food": 2, "comp": 0, "offices": 0}}, {"type": "Feature", "geometry": {"type": "Polygon", "coordinates": [[[23.588453386082982, 46.7239831117499], [23.59172943741939, 46.7239831117499], [23.59172943741939, 46.72622888968738], [23.588453386082982, 46.72622888968738], [23.588453386082982, 46.7239831117499]]]}, "properties": {"score": 3, "res500": 596, "transit": 0, "shops": 0, "food": 1, "comp": 0, "offices": 0}}, {"type": "Feature", "geometry": {"type": "Polygon", "coordinates": [[[23.59172943741939, 46.7239831117499], [23.595005488755795, 46.7239831117499], [23.595005488755795, 46.72622888968738], [23.59172943741939, 46.72622888968738], [23.59172943741939, 46.7239831117499]]]}, "properties": {"score": 2, "res500": 467, "transit": 0, "shops": 0, "food": 0, "comp": 0, "offices": 0}}, {"type": "Feature", "geometry": {"type": "Polygon", "coordinates": [[[23.503276187723063, 46.72622888968738], [23.506552375446127, 46.72622888968738], [23.506552375446127, 46.72847466762485], [23.503276187723063, 46.72847466762485], [23.503276187723063, 46.72622888968738]]]}, "properties": {"score": 2, "res500": 394, "transit": 0, "shops": 0, "food": 1, "comp": 0, "offices": 0}}, {"type": "Feature", "geometry": {"type": "Polygon", "coordinates": [[[23.506552375446127, 46.72622888968738], [23.50982856316919, 46.72622888968738], [23.50982856316919, 46.72847466762485], [23.506552375446127, 46.72847466762485], [23.506552375446127, 46.72622888968738]]]}, "properties": {"score": 2, "res500": 461, "transit": 0, "shops": 0, "food": 1, "comp": 0, "offices": 0}}, {"type": "Feature", "geometry": {"type": "Polygon", "coordinates": [[[23.50982856316919, 46.72622888968738], [23.513104750892253, 46.72622888968738], [23.513104750892253, 46.72847466762485], [23.50982856316919, 46.72847466762485], [23.50982856316919, 46.72622888968738]]]}, "properties": {"score": 2, "res500": 395, "transit": 0, "shops": 0, "food": 1, "comp": 0, "offices": 0}}, {"type": "Feature", "geometry": {"type": "Polygon", "coordinates": [[[23.56879994218433, 46.72622888968738], [23.572076129907394, 46.72622888968738], [23.572076129907394, 46.72847466762485], [23.56879994218433, 46.72847466762485], [23.56879994218433, 46.72622888968738]]]}, "properties": {"score": 1, "res500": 234, "transit": 0, "shops": 0, "food": 0, "comp": 0, "offices": 0}}, {"type": "Feature", "geometry": {"type": "Polygon", "coordinates": [[[23.572076129907394, 46.72622888968738], [23.575352317630458, 46.72622888968738], [23.575352317630458, 46.72847466762485], [23.572076129907394, 46.72847466762485], [23.572076129907394, 46.72622888968738]]]}, "properties": {"score": 2, "res500": 472, "transit": 0, "shops": 0, "food": 0, "comp": 0, "offices": 0}}, {"type": "Feature", "geometry": {"type": "Polygon", "coordinates": [[[23.575352317630458, 46.72622888968738], [23.57862850535352, 46.72622888968738], [23.57862850535352, 46.72847466762485], [23.575352317630458, 46.72847466762485], [23.575352317630458, 46.72622888968738]]]}, "properties": {"score": 2, "res500": 669, "transit": 0, "shops": 0, "food": 0, "comp": 0, "offices": 0}}, {"type": "Feature", "geometry": {"type": "Polygon", "coordinates": [[[23.57862850535352, 46.72622888968738], [23.581904693076584, 46.72622888968738], [23.581904693076584, 46.72847466762485], [23.57862850535352, 46.72847466762485], [23.57862850535352, 46.72622888968738]]]}, "properties": {"score": 3, "res500": 806, "transit": 0, "shops": 0, "food": 2, "comp": 1, "offices": 0}}, {"type": "Feature", "geometry": {"type": "Polygon", "coordinates": [[[23.581904693076584, 46.72622888968738], [23.585180880799648, 46.72622888968738], [23.585180880799648, 46.72847466762485], [23.581904693076584, 46.72847466762485], [23.581904693076584, 46.72622888968738]]]}, "properties": {"score": 7, "res500": 912, "transit": 2, "shops": 0, "food": 2, "comp": 2, "offices": 0}}, {"type": "Feature", "geometry": {"type": "Polygon", "coordinates": [[[23.585180880799648, 46.72622888968738], [23.58845706852271, 46.72622888968738], [23.58845706852271, 46.72847466762485], [23.585180880799648, 46.72847466762485], [23.585180880799648, 46.72622888968738]]]}, "properties": {"score": 9, "res500": 639, "transit": 2, "shops": 1, "food": 2, "comp": 0, "offices": 0}}, {"type": "Feature", "geometry": {"type": "Polygon", "coordinates": [[[23.58845706852271, 46.72622888968738], [23.591733256245774, 46.72622888968738], [23.591733256245774, 46.72847466762485], [23.58845706852271, 46.72847466762485], [23.58845706852271, 46.72622888968738]]]}, "properties": {"score": 2, "res500": 544, "transit": 0, "shops": 0, "food": 0, "comp": 0, "offices": 0}}, {"type": "Feature", "geometry": {"type": "Polygon", "coordinates": [[[23.591733256245774, 46.72622888968738], [23.595009443968838, 46.72622888968738], [23.595009443968838, 46.72847466762485], [23.591733256245774, 46.72847466762485], [23.591733256245774, 46.72622888968738]]]}, "properties": {"score": 1, "res500": 243, "transit": 0, "shops": 0, "food": 0, "comp": 0, "offices": 0}}, {"type": "Feature", "geometry": {"type": "Polygon", "coordinates": [[[23.503276324126116, 46.72847466762485], [23.50655264825223, 46.72847466762485], [23.50655264825223, 46.730720445562326], [23.503276324126116, 46.730720445562326], [23.503276324126116, 46.72847466762485]]]}, "properties": {"score": 1, "res500": 243, "transit": 0, "shops": 0, "food": 0, "comp": 0, "offices": 0}}, {"type": "Feature", "geometry": {"type": "Polygon", "coordinates": [[[23.50655264825223, 46.72847466762485], [23.509828972378347, 46.72847466762485], [23.509828972378347, 46.730720445562326], [23.50655264825223, 46.730720445562326], [23.50655264825223, 46.72847466762485]]]}, "properties": {"score": 1, "res500": 280, "transit": 0, "shops": 0, "food": 0, "comp": 0, "offices": 0}}, {"type": "Feature", "geometry": {"type": "Polygon", "coordinates": [[[23.509828972378347, 46.72847466762485], [23.513105296504463, 46.72847466762485], [23.513105296504463, 46.730720445562326], [23.509828972378347, 46.730720445562326], [23.509828972378347, 46.72847466762485]]]}, "properties": {"score": 1, "res500": 254, "transit": 0, "shops": 0, "food": 0, "comp": 0, "offices": 0}}, {"type": "Feature", "geometry": {"type": "Polygon", "coordinates": [[[23.572079130774547, 46.72847466762485], [23.575355454900663, 46.72847466762485], [23.575355454900663, 46.730720445562326], [23.572079130774547, 46.730720445562326], [23.572079130774547, 46.72847466762485]]]}, "properties": {"score": 1, "res500": 359, "transit": 0, "shops": 0, "food": 0, "comp": 0, "offices": 0}}, {"type": "Feature", "geometry": {"type": "Polygon", "coordinates": [[[23.575355454900663, 46.72847466762485], [23.57863177902678, 46.72847466762485], [23.57863177902678, 46.730720445562326], [23.575355454900663, 46.730720445562326], [23.575355454900663, 46.72847466762485]]]}, "properties": {"score": 2, "res500": 491, "transit": 0, "shops": 0, "food": 0, "comp": 0, "offices": 0}}, {"type": "Feature", "geometry": {"type": "Polygon", "coordinates": [[[23.57863177902678, 46.72847466762485], [23.581908103152895, 46.72847466762485], [23.581908103152895, 46.730720445562326], [23.57863177902678, 46.730720445562326], [23.57863177902678, 46.72847466762485]]]}, "properties": {"score": 3, "res500": 632, "transit": 0, "shops": 0, "food": 1, "comp": 0, "offices": 0}}, {"type": "Feature", "geometry": {"type": "Polygon", "coordinates": [[[23.581908103152895, 46.72847466762485], [23.58518442727901, 46.72847466762485], [23.58518442727901, 46.730720445562326], [23.581908103152895, 46.730720445562326], [23.581908103152895, 46.72847466762485]]]}, "properties": {"score": 9, "res500": 711, "transit": 2, "shops": 1, "food": 2, "comp": 0, "offices": 0}}, {"type": "Feature", "geometry": {"type": "Polygon", "coordinates": [[[23.58518442727901, 46.72847466762485], [23.588460751405126, 46.72847466762485], [23.588460751405126, 46.730720445562326], [23.58518442727901, 46.730720445562326], [23.58518442727901, 46.72847466762485]]]}, "properties": {"score": 8, "res500": 730, "transit": 2, "shops": 1, "food": 0, "comp": 0, "offices": 0}}, {"type": "Feature", "geometry": {"type": "Polygon", "coordinates": [[[23.588460751405126, 46.72847466762485], [23.591737075531242, 46.72847466762485], [23.591737075531242, 46.730720445562326], [23.588460751405126, 46.730720445562326], [23.588460751405126, 46.72847466762485]]]}, "properties": {"score": 3, "res500": 709, "transit": 0, "shops": 1, "food": 0, "comp": 0, "offices": 0}}, {"type": "Feature", "geometry": {"type": "Polygon", "coordinates": [[[23.591737075531242, 46.72847466762485], [23.595013399657358, 46.72847466762485], [23.595013399657358, 46.730720445562326], [23.591737075531242, 46.730720445562326], [23.591737075531242, 46.72847466762485]]]}, "properties": {"score": 2, "res500": 367, "transit": 0, "shops": 0, "food": 0, "comp": 0, "offices": 0}}, {"type": "Feature", "geometry": {"type": "Polygon", "coordinates": [[[23.595013399657358, 46.72847466762485], [23.598289723783473, 46.72847466762485], [23.598289723783473, 46.730720445562326], [23.595013399657358, 46.730720445562326], [23.595013399657358, 46.72847466762485]]]}, "properties": {"score": 4, "res500": 285, "transit": 1, "shops": 0, "food": 0, "comp": 0, "offices": 0}}, {"type": "Feature", "geometry": {"type": "Polygon", "coordinates": [[[23.598289723783473, 46.72847466762485], [23.60156604790959, 46.72847466762485], [23.60156604790959, 46.730720445562326], [23.598289723783473, 46.730720445562326], [23.598289723783473, 46.72847466762485]]]}, "properties": {"score": 4, "res500": 257, "transit": 1, "shops": 0, "food": 0, "comp": 0, "offices": 0}}, {"type": "Feature", "geometry": {"type": "Polygon", "coordinates": [[[23.60156604790959, 46.72847466762485], [23.604842372035705, 46.72847466762485], [23.604842372035705, 46.730720445562326], [23.60156604790959, 46.730720445562326], [23.60156604790959, 46.72847466762485]]]}, "properties": {"score": 2, "res500": 243, "transit": 0, "shops": 0, "food": 2, "comp": 0, "offices": 0}}, {"type": "Feature", "geometry": {"type": "Polygon", "coordinates": [[[23.506552921091114, 46.730720445562326], [23.50982938163667, 46.730720445562326], [23.50982938163667, 46.7329662234998], [23.506552921091114, 46.7329662234998], [23.506552921091114, 46.730720445562326]]]}, "properties": {"score": 2, "res500": 331, "transit": 0, "shops": 0, "food": 0, "comp": 0, "offices": 0}}, {"type": "Feature", "geometry": {"type": "Polygon", "coordinates": [[[23.50982938163667, 46.730720445562326], [23.513105842182227, 46.730720445562326], [23.513105842182227, 46.7329662234998], [23.50982938163667, 46.7329662234998], [23.50982938163667, 46.730720445562326]]]}, "properties": {"score": 2, "res500": 444, "transit": 0, "shops": 0, "food": 0, "comp": 0, "offices": 0}}, {"type": "Feature", "geometry": {"type": "Polygon", "coordinates": [[[23.513105842182227, 46.730720445562326], [23.516382302727784, 46.730720445562326], [23.516382302727784, 46.7329662234998], [23.513105842182227, 46.7329662234998], [23.513105842182227, 46.730720445562326]]]}, "properties": {"score": 1, "res500": 353, "transit": 0, "shops": 0, "food": 0, "comp": 0, "offices": 0}}, {"type": "Feature", "geometry": {"type": "Polygon", "coordinates": [[[23.57208213200225, 46.730720445562326], [23.575358592547808, 46.730720445562326], [23.575358592547808, 46.7329662234998], [23.57208213200225, 46.7329662234998], [23.57208213200225, 46.730720445562326]]]}, "properties": {"score": 1, "res500": 219, "transit": 0, "shops": 0, "food": 0, "comp": 0, "offices": 0}}, {"type": "Feature", "geometry": {"type": "Polygon", "coordinates": [[[23.575358592547808, 46.730720445562326], [23.578635053093365, 46.730720445562326], [23.578635053093365, 46.7329662234998], [23.575358592547808, 46.7329662234998], [23.575358592547808, 46.730720445562326]]]}, "properties": {"score": 1, "res500": 270, "transit": 0, "shops": 0, "food": 0, "comp": 0, "offices": 0}}, {"type": "Feature", "geometry": {"type": "Polygon", "coordinates": [[[23.58191151363892, 46.730720445562326], [23.58518797418448, 46.730720445562326], [23.58518797418448, 46.7329662234998], [23.58191151363892, 46.7329662234998], [23.58191151363892, 46.730720445562326]]]}, "properties": {"score": 2, "res500": 568, "transit": 0, "shops": 0, "food": 0, "comp": 0, "offices": 0}}, {"type": "Feature", "geometry": {"type": "Polygon", "coordinates": [[[23.58518797418448, 46.730720445562326], [23.588464434730035, 46.730720445562326], [23.588464434730035, 46.7329662234998], [23.58518797418448, 46.7329662234998], [23.58518797418448, 46.730720445562326]]]}, "properties": {"score": 8, "res500": 733, "transit": 2, "shops": 1, "food": 0, "comp": 0, "offices": 0}}, {"type": "Feature", "geometry": {"type": "Polygon", "coordinates": [[[23.588464434730035, 46.730720445562326], [23.591740895275592, 46.730720445562326], [23.591740895275592, 46.7329662234998], [23.588464434730035, 46.7329662234998], [23.588464434730035, 46.730720445562326]]]}, "properties": {"score": 8, "res500": 781, "transit": 2, "shops": 0, "food": 0, "comp": 0, "offices": 0}}, {"type": "Feature", "geometry": {"type": "Polygon", "coordinates": [[[23.591740895275592, 46.730720445562326], [23.59501735582115, 46.730720445562326], [23.59501735582115, 46.7329662234998], [23.591740895275592, 46.7329662234998], [23.591740895275592, 46.730720445562326]]]}, "properties": {"score": 5, "res500": 600, "transit": 1, "shops": 0, "food": 0, "comp": 0, "offices": 0}}, {"type": "Feature", "geometry": {"type": "Polygon", "coordinates": [[[23.59501735582115, 46.730720445562326], [23.598293816366706, 46.730720445562326], [23.598293816366706, 46.7329662234998], [23.59501735582115, 46.7329662234998], [23.59501735582115, 46.730720445562326]]]}, "properties": {"score": 4, "res500": 412, "transit": 1, "shops": 0, "food": 0, "comp": 0, "offices": 0}}, {"type": "Feature", "geometry": {"type": "Polygon", "coordinates": [[[23.598293816366706, 46.730720445562326], [23.601570276912263, 46.730720445562326], [23.601570276912263, 46.7329662234998], [23.598293816366706, 46.7329662234998], [23.598293816366706, 46.730720445562326]]]}, "properties": {"score": 4, "res500": 350, "transit": 1, "shops": 1, "food": 0, "comp": 0, "offices": 0}}, {"type": "Feature", "geometry": {"type": "Polygon", "coordinates": [[[23.601570276912263, 46.730720445562326], [23.60484673745782, 46.730720445562326], [23.60484673745782, 46.7329662234998], [23.601570276912263, 46.7329662234998], [23.601570276912263, 46.730720445562326]]]}, "properties": {"score": 1, "res500": 300, "transit": 0, "shops": 1, "food": 2, "comp": 1, "offices": 0}}, {"type": "Feature", "geometry": {"type": "Polygon", "coordinates": [[[23.503276596981394, 46.7329662234998], [23.506553193962787, 46.7329662234998], [23.506553193962787, 46.735212001437276], [23.503276596981394, 46.735212001437276], [23.503276596981394, 46.7329662234998]]]}, "properties": {"score": 3, "res500": 495, "transit": 0, "shops": 0, "food": 0, "comp": 0, "offices": 0}}, {"type": "Feature", "geometry": {"type": "Polygon", "coordinates": [[[23.506553193962787, 46.7329662234998], [23.50982979094418, 46.7329662234998], [23.50982979094418, 46.735212001437276], [23.506553193962787, 46.735212001437276], [23.506553193962787, 46.7329662234998]]]}, "properties": {"score": 3, "res500": 650, "transit": 0, "shops": 0, "food": 0, "comp": 0, "offices": 1}}, {"type": "Feature", "geometry": {"type": "Polygon", "coordinates": [[[23.50982979094418, 46.7329662234998], [23.513106387925575, 46.7329662234998], [23.513106387925575, 46.735212001437276], [23.50982979094418, 46.735212001437276], [23.50982979094418, 46.7329662234998]]]}, "properties": {"score": 4, "res500": 829, "transit": 0, "shops": 0, "food": 0, "comp": 0, "offices": 1}}, {"type": "Feature", "geometry": {"type": "Polygon", "coordinates": [[[23.513106387925575, 46.7329662234998], [23.51638298490697, 46.7329662234998], [23.51638298490697, 46.735212001437276], [23.513106387925575, 46.735212001437276], [23.513106387925575, 46.7329662234998]]]}, "properties": {"score": 3, "res500": 782, "transit": 0, "shops": 0, "food": 0, "comp": 0, "offices": 0}}, {"type": "Feature", "geometry": {"type": "Polygon", "coordinates": [[[23.51638298490697, 46.7329662234998], [23.519659581888362, 46.7329662234998], [23.519659581888362, 46.735212001437276], [23.51638298490697, 46.735212001437276], [23.51638298490697, 46.7329662234998]]]}, "properties": {"score": 2, "res500": 379, "transit": 0, "shops": 0, "food": 0, "comp": 0, "offices": 0}}, {"type": "Feature", "geometry": {"type": "Polygon", "coordinates": [[[23.568808536609268, 46.7329662234998], [23.57208513359066, 46.7329662234998], [23.57208513359066, 46.735212001437276], [23.568808536609268, 46.735212001437276], [23.568808536609268, 46.7329662234998]]]}, "properties": {"score": 1, "res500": 215, "transit": 0, "shops": 0, "food": 0, "comp": 0, "offices": 0}}, {"type": "Feature", "geometry": {"type": "Polygon", "coordinates": [[[23.57208513359066, 46.7329662234998], [23.575361730572055, 46.7329662234998], [23.575361730572055, 46.735212001437276], [23.57208513359066, 46.735212001437276], [23.57208513359066, 46.7329662234998]]]}, "properties": {"score": 1, "res500": 214, "transit": 0, "shops": 0, "food": 0, "comp": 0, "offices": 0}}, {"type": "Feature", "geometry": {"type": "Polygon", "coordinates": [[[23.581914924534843, 46.7329662234998], [23.585191521516236, 46.7329662234998], [23.585191521516236, 46.735212001437276], [23.581914924534843, 46.735212001437276], [23.581914924534843, 46.7329662234998]]]}, "properties": {"score": 3, "res500": 668, "transit": 0, "shops": 0, "food": 0, "comp": 0, "offices": 0}}, {"type": "Feature", "geometry": {"type": "Polygon", "coordinates": [[[23.585191521516236, 46.7329662234998], [23.58846811849763, 46.7329662234998], [23.58846811849763, 46.735212001437276], [23.585191521516236, 46.735212001437276], [23.585191521516236, 46.7329662234998]]]}, "properties": {"score": 9, "res500": 970, "transit": 2, "shops": 0, "food": 0, "comp": 0, "offices": 1}}, {"type": "Feature", "geometry": {"type": "Polygon", "coordinates": [[[23.58846811849763, 46.7329662234998], [23.591744715479024, 46.7329662234998], [23.591744715479024, 46.735212001437276], [23.58846811849763, 46.735212001437276], [23.58846811849763, 46.7329662234998]]]}, "properties": {"score": 9, "res500": 1056, "transit": 2, "shops": 0, "food": 0, "comp": 0, "offices": 0}}, {"type": "Feature", "geometry": {"type": "Polygon", "coordinates": [[[23.591744715479024, 46.7329662234998], [23.595021312460418, 46.7329662234998], [23.595021312460418, 46.735212001437276], [23.591744715479024, 46.735212001437276], [23.591744715479024, 46.7329662234998]]]}, "properties": {"score": 6, "res500": 739, "transit": 1, "shops": 0, "food": 0, "comp": 0, "offices": 0}}, {"type": "Feature", "geometry": {"type": "Polygon", "coordinates": [[[23.595021312460418, 46.7329662234998], [23.59829790944181, 46.7329662234998], [23.59829790944181, 46.735212001437276], [23.595021312460418, 46.735212001437276], [23.595021312460418, 46.7329662234998]]]}, "properties": {"score": 2, "res500": 534, "transit": 0, "shops": 0, "food": 0, "comp": 0, "offices": 0}}, {"type": "Feature", "geometry": {"type": "Polygon", "coordinates": [[[23.59829790944181, 46.7329662234998], [23.601574506423205, 46.7329662234998], [23.601574506423205, 46.735212001437276], [23.59829790944181, 46.735212001437276], [23.59829790944181, 46.7329662234998]]]}, "properties": {"score": 2, "res500": 432, "transit": 0, "shops": 1, "food": 0, "comp": 0, "offices": 0}}, {"type": "Feature", "geometry": {"type": "Polygon", "coordinates": [[[23.601574506423205, 46.7329662234998], [23.6048511034046, 46.7329662234998], [23.6048511034046, 46.735212001437276], [23.601574506423205, 46.735212001437276], [23.601574506423205, 46.7329662234998]]]}, "properties": {"score": 2, "res500": 279, "transit": 0, "shops": 1, "food": 1, "comp": 0, "offices": 0}}, {"type": "Feature", "geometry": {"type": "Polygon", "coordinates": [[[23.5, 46.735212001437276], [23.503276733433626, 46.735212001437276], [23.503276733433626, 46.73745777937475], [23.5, 46.73745777937475], [23.5, 46.735212001437276]]]}, "properties": {"score": 4, "res500": 1105, "transit": 0, "shops": 0, "food": 0, "comp": 0, "offices": 0}}, {"type": "Feature", "geometry": {"type": "Polygon", "coordinates": [[[23.503276733433626, 46.735212001437276], [23.506553466867253, 46.735212001437276], [23.506553466867253, 46.73745777937475], [23.503276733433626, 46.73745777937475], [23.503276733433626, 46.735212001437276]]]}, "properties": {"score": 7, "res500": 1694, "transit": 0, "shops": 0, "food": 0, "comp": 0, "offices": 2}}, {"type": "Feature", "geometry": {"type": "Polygon", "coordinates": [[[23.506553466867253, 46.735212001437276], [23.50983020030088, 46.735212001437276], [23.50983020030088, 46.73745777937475], [23.506553466867253, 46.73745777937475], [23.506553466867253, 46.735212001437276]]]}, "properties": {"score": 7, "res500": 1908, "transit": 0, "shops": 0, "food": 0, "comp": 0, "offices": 2}}, {"type": "Feature", "geometry": {"type": "Polygon", "coordinates": [[[23.50983020030088, 46.735212001437276], [23.513106933734505, 46.735212001437276], [23.513106933734505, 46.73745777937475], [23.50983020030088, 46.73745777937475], [23.50983020030088, 46.735212001437276]]]}, "properties": {"score": 6, "res500": 1512, "transit": 0, "shops": 0, "food": 0, "comp": 0, "offices": 1}}, {"type": "Feature", "geometry": {"type": "Polygon", "coordinates": [[[23.513106933734505, 46.735212001437276], [23.51638366716813, 46.735212001437276], [23.51638366716813, 46.73745777937475], [23.513106933734505, 46.73745777937475], [23.513106933734505, 46.735212001437276]]]}, "properties": {"score": 5, "res500": 1232, "transit": 0, "shops": 0, "food": 0, "comp": 0, "offices": 1}}, {"type": "Feature", "geometry": {"type": "Polygon", "coordinates": [[[23.51638366716813, 46.735212001437276], [23.519660400601758, 46.735212001437276], [23.519660400601758, 46.73745777937475], [23.51638366716813, 46.73745777937475], [23.51638366716813, 46.735212001437276]]]}, "properties": {"score": 3, "res500": 722, "transit": 0, "shops": 0, "food": 0, "comp": 0, "offices": 0}}, {"type": "Feature", "geometry": {"type": "Polygon", "coordinates": [[[23.519660400601758, 46.735212001437276], [23.522937134035384, 46.735212001437276], [23.522937134035384, 46.73745777937475], [23.519660400601758, 46.73745777937475], [23.519660400601758, 46.735212001437276]]]}, "properties": {"score": 1, "res500": 230, "transit": 0, "shops": 0, "food": 0, "comp": 0, "offices": 0}}, {"type": "Feature", "geometry": {"type": "Polygon", "coordinates": [[[23.529490600902637, 46.735212001437276], [23.532767334336263, 46.735212001437276], [23.532767334336263, 46.73745777937475], [23.529490600902637, 46.73745777937475], [23.529490600902637, 46.735212001437276]]]}, "properties": {"score": 1, "res500": 252, "transit": 0, "shops": 0, "food": 0, "comp": 0, "offices": 0}}, {"type": "Feature", "geometry": {"type": "Polygon", "coordinates": [[[23.532767334336263, 46.735212001437276], [23.53604406776989, 46.735212001437276], [23.53604406776989, 46.73745777937475], [23.532767334336263, 46.73745777937475], [23.532767334336263, 46.735212001437276]]]}, "properties": {"score": 1, "res500": 250, "transit": 0, "shops": 0, "food": 0, "comp": 0, "offices": 0}}, {"type": "Feature", "geometry": {"type": "Polygon", "coordinates": [[[23.565534668672527, 46.735212001437276], [23.568811402106153, 46.735212001437276], [23.568811402106153, 46.73745777937475], [23.565534668672527, 46.73745777937475], [23.565534668672527, 46.735212001437276]]]}, "properties": {"score": 1, "res500": 235, "transit": 0, "shops": 0, "food": 0, "comp": 0, "offices": 0}}, {"type": "Feature", "geometry": {"type": "Polygon", "coordinates": [[[23.568811402106153, 46.735212001437276], [23.57208813553978, 46.735212001437276], [23.57208813553978, 46.73745777937475], [23.568811402106153, 46.73745777937475], [23.568811402106153, 46.735212001437276]]]}, "properties": {"score": 2, "res500": 314, "transit": 0, "shops": 0, "food": 0, "comp": 0, "offices": 0}}, {"type": "Feature", "geometry": {"type": "Polygon", "coordinates": [[[23.57208813553978, 46.735212001437276], [23.575364868973406, 46.735212001437276], [23.575364868973406, 46.73745777937475], [23.57208813553978, 46.73745777937475], [23.57208813553978, 46.735212001437276]]]}, "properties": {"score": 2, "res500": 382, "transit": 0, "shops": 0, "food": 0, "comp": 0, "offices": 0}}, {"type": "Feature", "geometry": {"type": "Polygon", "coordinates": [[[23.575364868973406, 46.735212001437276], [23.578641602407032, 46.735212001437276], [23.578641602407032, 46.73745777937475], [23.575364868973406, 46.73745777937475], [23.575364868973406, 46.735212001437276]]]}, "properties": {"score": 2, "res500": 317, "transit": 0, "shops": 0, "food": 0, "comp": 0, "offices": 0}}, {"type": "Feature", "geometry": {"type": "Polygon", "coordinates": [[[23.578641602407032, 46.735212001437276], [23.58191833584066, 46.735212001437276], [23.58191833584066, 46.73745777937475], [23.578641602407032, 46.73745777937475], [23.578641602407032, 46.735212001437276]]]}, "properties": {"score": 2, "res500": 332, "transit": 0, "shops": 0, "food": 0, "comp": 0, "offices": 0}}, {"type": "Feature", "geometry": {"type": "Polygon", "coordinates": [[[23.58191833584066, 46.735212001437276], [23.585195069274285, 46.735212001437276], [23.585195069274285, 46.73745777937475], [23.58191833584066, 46.73745777937475], [23.58191833584066, 46.735212001437276]]]}, "properties": {"score": 5, "res500": 1091, "transit": 0, "shops": 0, "food": 0, "comp": 0, "offices": 1}}, {"type": "Feature", "geometry": {"type": "Polygon", "coordinates": [[[23.585195069274285, 46.735212001437276], [23.58847180270791, 46.735212001437276], [23.58847180270791, 46.73745777937475], [23.585195069274285, 46.73745777937475], [23.585195069274285, 46.735212001437276]]]}, "properties": {"score": 6, "res500": 1599, "transit": 0, "shops": 0, "food": 0, "comp": 0, "offices": 1}}, {"type": "Feature", "geometry": {"type": "Polygon", "coordinates": [[[23.58847180270791, 46.735212001437276], [23.591748536141537, 46.735212001437276], [23.591748536141537, 46.73745777937475], [23.58847180270791, 46.73745777937475], [23.58847180270791, 46.735212001437276]]]}, "properties": {"score": 14, "res500": 1564, "transit": 3, "shops": 0, "food": 0, "comp": 0, "offices": 1}}, {"type": "Feature", "geometry": {"type": "Polygon", "coordinates": [[[23.591748536141537, 46.735212001437276], [23.595025269575164, 46.735212001437276], [23.595025269575164, 46.73745777937475], [23.591748536141537, 46.73745777937475], [23.591748536141537, 46.735212001437276]]]}, "properties": {"score": 12, "res500": 874, "transit": 3, "shops": 0, "food": 0, "comp": 0, "offices": 0}}, {"type": "Feature", "geometry": {"type": "Polygon", "coordinates": [[[23.595025269575164, 46.735212001437276], [23.59830200300879, 46.735212001437276], [23.59830200300879, 46.73745777937475], [23.595025269575164, 46.73745777937475], [23.595025269575164, 46.735212001437276]]]}, "properties": {"score": 5, "res500": 450, "transit": 1, "shops": 0, "food": 0, "comp": 0, "offices": 0}}, {"type": "Feature", "geometry": {"type": "Polygon", "coordinates": [[[23.59830200300879, 46.735212001437276], [23.601578736442416, 46.735212001437276], [23.601578736442416, 46.73745777937475], [23.59830200300879, 46.73745777937475], [23.59830200300879, 46.735212001437276]]]}, "properties": {"score": 2, "res500": 315, "transit": 0, "shops": 1, "food": 0, "comp": 0, "offices": 0}}, {"type": "Feature", "geometry": {"type": "Polygon", "coordinates": [[[23.601578736442416, 46.735212001437276], [23.604855469876043, 46.735212001437276], [23.604855469876043, 46.73745777937475], [23.601578736442416, 46.73745777937475], [23.601578736442416, 46.735212001437276]]]}, "properties": {"score": 1, "res500": 206, "transit": 0, "shops": 0, "food": 0, "comp": 0, "offices": 0}}, {"type": "Feature", "geometry": {"type": "Polygon", "coordinates": [[[23.64417627107956, 46.735212001437276], [23.647453004513185, 46.735212001437276], [23.647453004513185, 46.73745777937475], [23.64417627107956, 46.73745777937475], [23.64417627107956, 46.735212001437276]]]}, "properties": {"score": 1, "res500": 206, "transit": 0, "shops": 0, "food": 0, "comp": 0, "offices": 0}}, {"type": "Feature", "geometry": {"type": "Polygon", "coordinates": [[[23.647453004513185, 46.735212001437276], [23.65072973794681, 46.735212001437276], [23.65072973794681, 46.73745777937475], [23.647453004513185, 46.73745777937475], [23.647453004513185, 46.735212001437276]]]}, "properties": {"score": 1, "res500": 262, "transit": 0, "shops": 0, "food": 0, "comp": 0, "offices": 0}}, {"type": "Feature", "geometry": {"type": "Polygon", "coordinates": [[[23.65072973794681, 46.735212001437276], [23.654006471380438, 46.735212001437276], [23.654006471380438, 46.73745777937475], [23.65072973794681, 46.73745777937475], [23.65072973794681, 46.735212001437276]]]}, "properties": {"score": 1, "res500": 255, "transit": 0, "shops": 0, "food": 0, "comp": 0, "offices": 0}}, {"type": "Feature", "geometry": {"type": "Polygon", "coordinates": [[[23.5, 46.73745777937475], [23.503276869902262, 46.73745777937475], [23.503276869902262, 46.739703557312225], [23.5, 46.739703557312225], [23.5, 46.73745777937475]]]}, "properties": {"score": 9, "res500": 2138, "transit": 0, "shops": 1, "food": 1, "comp": 0, "offices": 1}}, {"type": "Feature", "geometry": {"type": "Polygon", "coordinates": [[[23.503276869902262, 46.73745777937475], [23.506553739804524, 46.73745777937475], [23.506553739804524, 46.739703557312225], [23.503276869902262, 46.739703557312225], [23.503276869902262, 46.73745777937475]]]}, "properties": {"score": 19, "res500": 3439, "transit": 2, "shops": 4, "food": 1, "comp": 0, "offices": 2}}, {"type": "Feature", "geometry": {"type": "Polygon", "coordinates": [[[23.506553739804524, 46.73745777937475], [23.509830609706786, 46.73745777937475], [23.509830609706786, 46.739703557312225], [23.506553739804524, 46.739703557312225], [23.506553739804524, 46.73745777937475]]]}, "properties": {"score": 22, "res500": 3636, "transit": 3, "shops": 3, "food": 1, "comp": 0, "offices": 2}}, {"type": "Feature", "geometry": {"type": "Polygon", "coordinates": [[[23.509830609706786, 46.73745777937475], [23.513107479609047, 46.73745777937475], [23.513107479609047, 46.739703557312225], [23.509830609706786, 46.739703557312225], [23.509830609706786, 46.73745777937475]]]}, "properties": {"score": 12, "res500": 2498, "transit": 1, "shops": 0, "food": 0, "comp": 0, "offices": 2}}, {"type": "Feature", "geometry": {"type": "Polygon", "coordinates": [[[23.513107479609047, 46.73745777937475], [23.51638434951131, 46.73745777937475], [23.51638434951131, 46.739703557312225], [23.513107479609047, 46.739703557312225], [23.513107479609047, 46.73745777937475]]]}, "properties": {"score": 6, "res500": 1374, "transit": 0, "shops": 0, "food": 0, "comp": 0, "offices": 1}}, {"type": "Feature", "geometry": {"type": "Polygon", "coordinates": [[[23.51638434951131, 46.73745777937475], [23.51966121941357, 46.73745777937475], [23.51966121941357, 46.739703557312225], [23.51638434951131, 46.739703557312225], [23.51638434951131, 46.73745777937475]]]}, "properties": {"score": 4, "res500": 843, "transit": 0, "shops": 0, "food": 0, "comp": 0, "offices": 0}}, {"type": "Feature", "geometry": {"type": "Polygon", "coordinates": [[[23.51966121941357, 46.73745777937475], [23.522938089315833, 46.73745777937475], [23.522938089315833, 46.739703557312225], [23.51966121941357, 46.739703557312225], [23.51966121941357, 46.73745777937475]]]}, "properties": {"score": 2, "res500": 370, "transit": 0, "shops": 0, "food": 0, "comp": 0, "offices": 0}}, {"type": "Feature", "geometry": {"type": "Polygon", "coordinates": [[[23.526214959218095, 46.73745777937475], [23.529491829120357, 46.73745777937475], [23.529491829120357, 46.739703557312225], [23.526214959218095, 46.739703557312225], [23.526214959218095, 46.73745777937475]]]}, "properties": {"score": 3, "res500": 800, "transit": 0, "shops": 0, "food": 0, "comp": 0, "offices": 0}}, {"type": "Feature", "geometry": {"type": "Polygon", "coordinates": [[[23.529491829120357, 46.73745777937475], [23.53276869902262, 46.73745777937475], [23.53276869902262, 46.739703557312225], [23.529491829120357, 46.739703557312225], [23.529491829120357, 46.73745777937475]]]}, "properties": {"score": 4, "res500": 1078, "transit": 0, "shops": 0, "food": 0, "comp": 0, "offices": 0}}, {"type": "Feature", "geometry": {"type": "Polygon", "coordinates": [[[23.53276869902262, 46.73745777937475], [23.53604556892488, 46.73745777937475], [23.53604556892488, 46.739703557312225], [23.53276869902262, 46.739703557312225], [23.53276869902262, 46.73745777937475]]]}, "properties": {"score": 4, "res500": 1096, "transit": 0, "shops": 0, "food": 1, "comp": 0, "offices": 0}}, {"type": "Feature", "geometry": {"type": "Polygon", "coordinates": [[[23.53604556892488, 46.73745777937475], [23.539322438827142, 46.73745777937475], [23.539322438827142, 46.739703557312225], [23.53604556892488, 46.739703557312225], [23.53604556892488, 46.73745777937475]]]}, "properties": {"score": 2, "res500": 458, "transit": 0, "shops": 0, "food": 0, "comp": 0, "offices": 0}}, {"type": "Feature", "geometry": {"type": "Polygon", "coordinates": [[[23.562260528142975, 46.73745777937475], [23.565537398045237, 46.73745777937475], [23.565537398045237, 46.739703557312225], [23.562260528142975, 46.739703557312225], [23.562260528142975, 46.73745777937475]]]}, "properties": {"score": 2, "res500": 416, "transit": 0, "shops": 0, "food": 0, "comp": 0, "offices": 0}}, {"type": "Feature", "geometry": {"type": "Polygon", "coordinates": [[[23.565537398045237, 46.73745777937475], [23.5688142679475, 46.73745777937475], [23.5688142679475, 46.739703557312225], [23.565537398045237, 46.739703557312225], [23.565537398045237, 46.73745777937475]]]}, "properties": {"score": 3, "res500": 721, "transit": 0, "shops": 0, "food": 0, "comp": 0, "offices": 0}}, {"type": "Feature", "geometry": {"type": "Polygon", "coordinates": [[[23.5688142679475, 46.73745777937475], [23.57209113784976, 46.73745777937475], [23.57209113784976, 46.739703557312225], [23.5688142679475, 46.739703557312225], [23.5688142679475, 46.73745777937475]]]}, "properties": {"score": 5, "res500": 589, "transit": 1, "shops": 0, "food": 0, "comp": 0, "offices": 0}}, {"type": "Feature", "geometry": {"type": "Polygon", "coordinates": [[[23.57209113784976, 46.73745777937475], [23.575368007752022, 46.73745777937475], [23.575368007752022, 46.739703557312225], [23.57209113784976, 46.739703557312225], [23.57209113784976, 46.73745777937475]]]}, "properties": {"score": 5, "res500": 595, "transit": 1, "shops": 0, "food": 0, "comp": 0, "offices": 0}}, {"type": "Feature", "geometry": {"type": "Polygon", "coordinates": [[[23.575368007752022, 46.73745777937475], [23.578644877654284, 46.73745777937475], [23.578644877654284, 46.739703557312225], [23.575368007752022, 46.739703557312225], [23.575368007752022, 46.73745777937475]]]}, "properties": {"score": 2, "res500": 392, "transit": 0, "shops": 0, "food": 0, "comp": 0, "offices": 0}}, {"type": "Feature", "geometry": {"type": "Polygon", "coordinates": [[[23.578644877654284, 46.73745777937475], [23.581921747556546, 46.73745777937475], [23.581921747556546, 46.739703557312225], [23.578644877654284, 46.739703557312225], [23.578644877654284, 46.73745777937475]]]}, "properties": {"score": 3, "res500": 458, "transit": 0, "shops": 0, "food": 0, "comp": 0, "offices": 0}}, {"type": "Feature", "geometry": {"type": "Polygon", "coordinates": [[[23.581921747556546, 46.73745777937475], [23.585198617458808, 46.73745777937475], [23.585198617458808, 46.739703557312225], [23.581921747556546, 46.739703557312225], [23.581921747556546, 46.73745777937475]]]}, "properties": {"score": 10, "res500": 1177, "transit": 2, "shops": 0, "food": 0, "comp": 0, "offices": 1}}, {"type": "Feature", "geometry": {"type": "Polygon", "coordinates": [[[23.585198617458808, 46.73745777937475], [23.58847548736107, 46.73745777937475], [23.58847548736107, 46.739703557312225], [23.585198617458808, 46.739703557312225], [23.585198617458808, 46.73745777937475]]]}, "properties": {"score": 12, "res500": 1751, "transit": 2, "shops": 0, "food": 0, "comp": 0, "offices": 1}}, {"type": "Feature", "geometry": {"type": "Polygon", "coordinates": [[[23.58847548736107, 46.73745777937475], [23.59175235726333, 46.73745777937475], [23.59175235726333, 46.739703557312225], [23.58847548736107, 46.739703557312225], [23.58847548736107, 46.73745777937475]]]}, "properties": {"score": 15, "res500": 1878, "transit": 3, "shops": 0, "food": 0, "comp": 0, "offices": 1}}, {"type": "Feature", "geometry": {"type": "Polygon", "coordinates": [[[23.59175235726333, 46.73745777937475], [23.595029227165593, 46.73745777937475], [23.595029227165593, 46.739703557312225], [23.59175235726333, 46.739703557312225], [23.59175235726333, 46.73745777937475]]]}, "properties": {"score": 17, "res500": 1158, "transit": 4, "shops": 1, "food": 0, "comp": 0, "offices": 2}}, {"type": "Feature", "geometry": {"type": "Polygon", "coordinates": [[[23.595029227165593, 46.73745777937475], [23.598306097067855, 46.73745777937475], [23.598306097067855, 46.739703557312225], [23.595029227165593, 46.739703557312225], [23.595029227165593, 46.73745777937475]]]}, "properties": {"score": 4, "res500": 794, "transit": 0, "shops": 0, "food": 0, "comp": 0, "offices": 1}}, {"type": "Feature", "geometry": {"type": "Polygon", "coordinates": [[[23.598306097067855, 46.73745777937475], [23.601582966970117, 46.73745777937475], [23.601582966970117, 46.739703557312225], [23.598306097067855, 46.739703557312225], [23.598306097067855, 46.73745777937475]]]}, "properties": {"score": 3, "res500": 549, "transit": 0, "shops": 0, "food": 0, "comp": 0, "offices": 1}}, {"type": "Feature", "geometry": {"type": "Polygon", "coordinates": [[[23.601582966970117, 46.73745777937475], [23.60485983687238, 46.73745777937475], [23.60485983687238, 46.739703557312225], [23.601582966970117, 46.739703557312225], [23.601582966970117, 46.73745777937475]]]}, "properties": {"score": 2, "res500": 400, "transit": 0, "shops": 0, "food": 0, "comp": 0, "offices": 0}}, {"type": "Feature", "geometry": {"type": "Polygon", "coordinates": [[[23.60485983687238, 46.73745777937475], [23.60813670677464, 46.73745777937475], [23.60813670677464, 46.739703557312225], [23.60485983687238, 46.739703557312225], [23.60485983687238, 46.73745777937475]]]}, "properties": {"score": 1, "res500": 344, "transit": 0, "shops": 0, "food": 0, "comp": 0, "offices": 0}}, {"type": "Feature", "geometry": {"type": "Polygon", "coordinates": [[[23.634351665992735, 46.73745777937475], [23.637628535894997, 46.73745777937475], [23.637628535894997, 46.739703557312225], [23.634351665992735, 46.739703557312225], [23.634351665992735, 46.73745777937475]]]}, "properties": {"score": 1, "res500": 237, "transit": 0, "shops": 0, "food": 0, "comp": 0, "offices": 0}}, {"type": "Feature", "geometry": {"type": "Polygon", "coordinates": [[[23.637628535894997, 46.73745777937475], [23.64090540579726, 46.73745777937475], [23.64090540579726, 46.739703557312225], [23.637628535894997, 46.739703557312225], [23.637628535894997, 46.73745777937475]]]}, "properties": {"score": 1, "res500": 224, "transit": 0, "shops": 0, "food": 0, "comp": 0, "offices": 0}}, {"type": "Feature", "geometry": {"type": "Polygon", "coordinates": [[[23.64418227569952, 46.73745777937475], [23.647459145601783, 46.73745777937475], [23.647459145601783, 46.739703557312225], [23.64418227569952, 46.739703557312225], [23.64418227569952, 46.73745777937475]]]}, "properties": {"score": 1, "res500": 282, "transit": 0, "shops": 0, "food": 0, "comp": 0, "offices": 0}}, {"type": "Feature", "geometry": {"type": "Polygon", "coordinates": [[[23.647459145601783, 46.73745777937475], [23.650736015504044, 46.73745777937475], [23.650736015504044, 46.739703557312225], [23.647459145601783, 46.739703557312225], [23.647459145601783, 46.73745777937475]]]}, "properties": {"score": 6, "res500": 290, "transit": 2, "shops": 0, "food": 0, "comp": 0, "offices": 0}}, {"type": "Feature", "geometry": {"type": "Polygon", "coordinates": [[[23.650736015504044, 46.73745777937475], [23.654012885406306, 46.73745777937475], [23.654012885406306, 46.739703557312225], [23.650736015504044, 46.739703557312225], [23.650736015504044, 46.73745777937475]]]}, "properties": {"score": 7, "res500": 404, "transit": 2, "shops": 0, "food": 0, "comp": 0, "offices": 0}}, {"type": "Feature", "geometry": {"type": "Polygon", "coordinates": [[[23.654012885406306, 46.73745777937475], [23.657289755308568, 46.73745777937475], [23.657289755308568, 46.739703557312225], [23.654012885406306, 46.739703557312225], [23.654012885406306, 46.73745777937475]]]}, "properties": {"score": 1, "res500": 352, "transit": 0, "shops": 0, "food": 0, "comp": 0, "offices": 0}}, {"type": "Feature", "geometry": {"type": "Polygon", "coordinates": [[[23.657289755308568, 46.73745777937475], [23.66056662521083, 46.73745777937475], [23.66056662521083, 46.739703557312225], [23.657289755308568, 46.739703557312225], [23.657289755308568, 46.73745777937475]]]}, "properties": {"score": 1, "res500": 234, "transit": 0, "shops": 0, "food": 0, "comp": 0, "offices": 0}}, {"type": "Feature", "geometry": {"type": "Polygon", "coordinates": [[[23.66056662521083, 46.73745777937475], [23.663843495113092, 46.73745777937475], [23.663843495113092, 46.739703557312225], [23.66056662521083, 46.739703557312225], [23.66056662521083, 46.73745777937475]]]}, "properties": {"score": 1, "res500": 216, "transit": 0, "shops": 0, "food": 0, "comp": 0, "offices": 0}}, {"type": "Feature", "geometry": {"type": "Polygon", "coordinates": [[[23.5, 46.739703557312225], [23.5032770063873, 46.739703557312225], [23.5032770063873, 46.7419493352497], [23.5, 46.7419493352497], [23.5, 46.739703557312225]]]}, "properties": {"score": 13, "res500": 3486, "transit": 0, "shops": 3, "food": 1, "comp": 0, "offices": 1}}, {"type": "Feature", "geometry": {"type": "Polygon", "coordinates": [[[23.5032770063873, 46.739703557312225], [23.5065540127746, 46.739703557312225], [23.5065540127746, 46.7419493352497], [23.5032770063873, 46.7419493352497], [23.5032770063873, 46.739703557312225]]]}, "properties": {"score": 20, "res500": 3771, "transit": 2, "shops": 6, "food": 2, "comp": 1, "offices": 2}}, {"type": "Feature", "geometry": {"type": "Polygon", "coordinates": [[[23.5065540127746, 46.739703557312225], [23.5098310191619, 46.739703557312225], [23.5098310191619, 46.7419493352497], [23.5065540127746, 46.7419493352497], [23.5065540127746, 46.739703557312225]]]}, "properties": {"score": 23, "res500": 3848, "transit": 3, "shops": 4, "food": 2, "comp": 1, "offices": 2}}, {"type": "Feature", "geometry": {"type": "Polygon", "coordinates": [[[23.5098310191619, 46.739703557312225], [23.5131080255492, 46.739703557312225], [23.5131080255492, 46.7419493352497], [23.5098310191619, 46.7419493352497], [23.5098310191619, 46.739703557312225]]]}, "properties": {"score": 15, "res500": 3015, "transit": 1, "shops": 2, "food": 0, "comp": 0, "offices": 2}}, {"type": "Feature", "geometry": {"type": "Polygon", "coordinates": [[[23.5131080255492, 46.739703557312225], [23.5163850319365, 46.739703557312225], [23.5163850319365, 46.7419493352497], [23.5131080255492, 46.7419493352497], [23.5131080255492, 46.739703557312225]]]}, "properties": {"score": 8, "res500": 1128, "transit": 1, "shops": 0, "food": 0, "comp": 0, "offices": 0}}, {"type": "Feature", "geometry": {"type": "Polygon", "coordinates": [[[23.5163850319365, 46.739703557312225], [23.5196620383238, 46.739703557312225], [23.5196620383238, 46.7419493352497], [23.5163850319365, 46.7419493352497], [23.5163850319365, 46.739703557312225]]]}, "properties": {"score": 7, "res500": 833, "transit": 1, "shops": 0, "food": 0, "comp": 0, "offices": 0}}, {"type": "Feature", "geometry": {"type": "Polygon", "coordinates": [[[23.5196620383238, 46.739703557312225], [23.5229390447111, 46.739703557312225], [23.5229390447111, 46.7419493352497], [23.5196620383238, 46.7419493352497], [23.5196620383238, 46.739703557312225]]]}, "properties": {"score": 5, "res500": 1018, "transit": 0, "shops": 0, "food": 0, "comp": 0, "offices": 0}}, {"type": "Feature", "geometry": {"type": "Polygon", "coordinates": [[[23.5229390447111, 46.739703557312225], [23.5262160510984, 46.739703557312225], [23.5262160510984, 46.7419493352497], [23.5229390447111, 46.7419493352497], [23.5229390447111, 46.739703557312225]]]}, "properties": {"score": 4, "res500": 985, "transit": 0, "shops": 0, "food": 0, "comp": 0, "offices": 0}}, {"type": "Feature", "geometry": {"type": "Polygon", "coordinates": [[[23.5262160510984, 46.739703557312225], [23.529493057485702, 46.739703557312225], [23.529493057485702, 46.7419493352497], [23.5262160510984, 46.7419493352497], [23.5262160510984, 46.739703557312225]]]}, "properties": {"score": 6, "res500": 1834, "transit": 0, "shops": 0, "food": 0, "comp": 0, "offices": 0}}, {"type": "Feature", "geometry": {"type": "Polygon", "coordinates": [[[23.529493057485702, 46.739703557312225], [23.532770063873002, 46.739703557312225], [23.532770063873002, 46.7419493352497], [23.529493057485702, 46.7419493352497], [23.529493057485702, 46.739703557312225]]]}, "properties": {"score": 7, "res500": 1650, "transit": 0, "shops": 1, "food": 1, "comp": 0, "offices": 0}}, {"type": "Feature", "geometry": {"type": "Polygon", "coordinates": [[[23.532770063873002, 46.739703557312225], [23.536047070260302, 46.739703557312225], [23.536047070260302, 46.7419493352497], [23.532770063873002, 46.7419493352497], [23.532770063873002, 46.739703557312225]]]}, "properties": {"score": 7, "res500": 1193, "transit": 1, "shops": 1, "food": 1, "comp": 1, "offices": 0}}, {"type": "Feature", "geometry": {"type": "Polygon", "coordinates": [[[23.536047070260302, 46.739703557312225], [23.539324076647603, 46.739703557312225], [23.539324076647603, 46.7419493352497], [23.536047070260302, 46.7419493352497], [23.536047070260302, 46.739703557312225]]]}, "properties": {"score": 6, "res500": 836, "transit": 1, "shops": 0, "food": 1, "comp": 0, "offices": 0}}, {"type": "Feature", "geometry": {"type": "Polygon", "coordinates": [[[23.555709108584104, 46.739703557312225], [23.558986114971404, 46.739703557312225], [23.558986114971404, 46.7419493352497], [23.555709108584104, 46.7419493352497], [23.555709108584104, 46.739703557312225]]]}, "properties": {"score": 2, "res500": 302, "transit": 0, "shops": 0, "food": 0, "comp": 0, "offices": 0}}, {"type": "Feature", "geometry": {"type": "Polygon", "coordinates": [[[23.558986114971404, 46.739703557312225], [23.562263121358704, 46.739703557312225], [23.562263121358704, 46.7419493352497], [23.558986114971404, 46.7419493352497], [23.558986114971404, 46.739703557312225]]]}, "properties": {"score": 4, "res500": 907, "transit": 0, "shops": 0, "food": 0, "comp": 0, "offices": 0}}, {"type": "Feature", "geometry": {"type": "Polygon", "coordinates": [[[23.562263121358704, 46.739703557312225], [23.565540127746004, 46.739703557312225], [23.565540127746004, 46.7419493352497], [23.562263121358704, 46.7419493352497], [23.562263121358704, 46.739703557312225]]]}, "properties": {"score": 8, "res500": 1201, "transit": 1, "shops": 1, "food": 0, "comp": 0, "offices": 0}}, {"type": "Feature", "geometry": {"type": "Polygon", "coordinates": [[[23.565540127746004, 46.739703557312225], [23.568817134133305, 46.739703557312225], [23.568817134133305, 46.7419493352497], [23.565540127746004, 46.7419493352497], [23.565540127746004, 46.739703557312225]]]}, "properties": {"score": 10, "res500": 1951, "transit": 1, "shops": 1, "food": 0, "comp": 0, "offices": 0}}, {"type": "Feature", "geometry": {"type": "Polygon", "coordinates": [[[23.568817134133305, 46.739703557312225], [23.572094140520605, 46.739703557312225], [23.572094140520605, 46.7419493352497], [23.568817134133305, 46.7419493352497], [23.568817134133305, 46.739703557312225]]]}, "properties": {"score": 10, "res500": 2060, "transit": 1, "shops": 0, "food": 0, "comp": 0, "offices": 0}}, {"type": "Feature", "geometry": {"type": "Polygon", "coordinates": [[[23.572094140520605, 46.739703557312225], [23.575371146907905, 46.739703557312225], [23.575371146907905, 46.7419493352497], [23.572094140520605, 46.7419493352497], [23.572094140520605, 46.739703557312225]]]}, "properties": {"score": 7, "res500": 1192, "transit": 1, "shops": 0, "food": 0, "comp": 0, "offices": 0}}, {"type": "Feature", "geometry": {"type": "Polygon", "coordinates": [[[23.575371146907905, 46.739703557312225], [23.578648153295205, 46.739703557312225], [23.578648153295205, 46.7419493352497], [23.575371146907905, 46.7419493352497], [23.575371146907905, 46.739703557312225]]]}, "properties": {"score": 3, "res500": 524, "transit": 0, "shops": 0, "food": 0, "comp": 0, "offices": 0}}, {"type": "Feature", "geometry": {"type": "Polygon", "coordinates": [[[23.578648153295205, 46.739703557312225], [23.581925159682505, 46.739703557312225], [23.581925159682505, 46.7419493352497], [23.578648153295205, 46.7419493352497], [23.578648153295205, 46.739703557312225]]]}, "properties": {"score": 4, "res500": 658, "transit": 0, "shops": 0, "food": 0, "comp": 0, "offices": 0}}, {"type": "Feature", "geometry": {"type": "Polygon", "coordinates": [[[23.581925159682505, 46.739703557312225], [23.585202166069806, 46.739703557312225], [23.585202166069806, 46.7419493352497], [23.581925159682505, 46.7419493352497], [23.581925159682505, 46.739703557312225]]]}, "properties": {"score": 14, "res500": 2298, "transit": 2, "shops": 0, "food": 0, "comp": 0, "offices": 1}}, {"type": "Feature", "geometry": {"type": "Polygon", "coordinates": [[[23.585202166069806, 46.739703557312225], [23.588479172457106, 46.739703557312225], [23.588479172457106, 46.7419493352497], [23.585202166069806, 46.7419493352497], [23.585202166069806, 46.739703557312225]]]}, "properties": {"score": 17, "res500": 3494, "transit": 2, "shops": 0, "food": 0, "comp": 0, "offices": 1}}, {"type": "Feature", "geometry": {"type": "Polygon", "coordinates": [[[23.588479172457106, 46.739703557312225], [23.591756178844406, 46.739703557312225], [23.591756178844406, 46.7419493352497], [23.588479172457106, 46.7419493352497], [23.588479172457106, 46.739703557312225]]]}, "properties": {"score": 27, "res500": 3545, "transit": 5, "shops": 2, "food": 0, "comp": 0, "offices": 4}}, {"type": "Feature", "geometry": {"type": "Polygon", "coordinates": [[[23.591756178844406, 46.739703557312225], [23.595033185231706, 46.739703557312225], [23.595033185231706, 46.7419493352497], [23.591756178844406, 46.7419493352497], [23.591756178844406, 46.739703557312225]]]}, "properties": {"score": 19, "res500": 2242, "transit": 3, "shops": 3, "food": 0, "comp": 0, "offices": 4}}, {"type": "Feature", "geometry": {"type": "Polygon", "coordinates": [[[23.595033185231706, 46.739703557312225], [23.598310191619007, 46.739703557312225], [23.598310191619007, 46.7419493352497], [23.595033185231706, 46.7419493352497], [23.595033185231706, 46.739703557312225]]]}, "properties": {"score": 7, "res500": 1274, "transit": 0, "shops": 0, "food": 0, "comp": 0, "offices": 4}}, {"type": "Feature", "geometry": {"type": "Polygon", "coordinates": [[[23.598310191619007, 46.739703557312225], [23.601587198006307, 46.739703557312225], [23.601587198006307, 46.7419493352497], [23.598310191619007, 46.7419493352497], [23.598310191619007, 46.739703557312225]]]}, "properties": {"score": 5, "res500": 851, "transit": 0, "shops": 0, "food": 0, "comp": 0, "offices": 1}}, {"type": "Feature", "geometry": {"type": "Polygon", "coordinates": [[[23.601587198006307, 46.739703557312225], [23.604864204393607, 46.739703557312225], [23.604864204393607, 46.7419493352497], [23.601587198006307, 46.7419493352497], [23.601587198006307, 46.739703557312225]]]}, "properties": {"score": 4, "res500": 883, "transit": 0, "shops": 0, "food": 0, "comp": 0, "offices": 1}}, {"type": "Feature", "geometry": {"type": "Polygon", "coordinates": [[[23.604864204393607, 46.739703557312225], [23.608141210780907, 46.739703557312225], [23.608141210780907, 46.7419493352497], [23.604864204393607, 46.7419493352497], [23.604864204393607, 46.739703557312225]]]}, "properties": {"score": 3, "res500": 696, "transit": 0, "shops": 0, "food": 0, "comp": 0, "offices": 0}}, {"type": "Feature", "geometry": {"type": "Polygon", "coordinates": [[[23.608141210780907, 46.739703557312225], [23.611418217168207, 46.739703557312225], [23.611418217168207, 46.7419493352497], [23.608141210780907, 46.7419493352497], [23.608141210780907, 46.739703557312225]]]}, "properties": {"score": 2, "res500": 472, "transit": 0, "shops": 0, "food": 0, "comp": 0, "offices": 0}}, {"type": "Feature", "geometry": {"type": "Polygon", "coordinates": [[[23.63108025549201, 46.739703557312225], [23.63435726187931, 46.739703557312225], [23.63435726187931, 46.7419493352497], [23.63108025549201, 46.7419493352497], [23.63108025549201, 46.739703557312225]]]}, "properties": {"score": 1, "res500": 286, "transit": 0, "shops": 0, "food": 0, "comp": 0, "offices": 0}}, {"type": "Feature", "geometry": {"type": "Polygon", "coordinates": [[[23.63435726187931, 46.739703557312225], [23.63763426826661, 46.739703557312225], [23.63763426826661, 46.7419493352497], [23.63435726187931, 46.7419493352497], [23.63435726187931, 46.739703557312225]]]}, "properties": {"score": 1, "res500": 355, "transit": 0, "shops": 0, "food": 0, "comp": 0, "offices": 0}}, {"type": "Feature", "geometry": {"type": "Polygon", "coordinates": [[[23.63763426826661, 46.739703557312225], [23.64091127465391, 46.739703557312225], [23.64091127465391, 46.7419493352497], [23.63763426826661, 46.7419493352497], [23.63763426826661, 46.739703557312225]]]}, "properties": {"score": 1, "res500": 311, "transit": 0, "shops": 0, "food": 0, "comp": 0, "offices": 0}}, {"type": "Feature", "geometry": {"type": "Polygon", "coordinates": [[[23.64418828104121, 46.739703557312225], [23.64746528742851, 46.739703557312225], [23.64746528742851, 46.7419493352497], [23.64418828104121, 46.7419493352497], [23.64418828104121, 46.739703557312225]]]}, "properties": {"score": 2, "res500": 421, "transit": 0, "shops": 0, "food": 0, "comp": 0, "offices": 0}}, {"type": "Feature", "geometry": {"type": "Polygon", "coordinates": [[[23.64746528742851, 46.739703557312225], [23.65074229381581, 46.739703557312225], [23.65074229381581, 46.7419493352497], [23.64746528742851, 46.7419493352497], [23.64746528742851, 46.739703557312225]]]}, "properties": {"score": 8, "res500": 644, "transit": 2, "shops": 0, "food": 0, "comp": 0, "offices": 0}}, {"type": "Feature", "geometry": {"type": "Polygon", "coordinates": [[[23.65074229381581, 46.739703557312225], [23.65401930020311, 46.739703557312225], [23.65401930020311, 46.7419493352497], [23.65074229381581, 46.7419493352497], [23.65074229381581, 46.739703557312225]]]}, "properties": {"score": 7, "res500": 534, "transit": 2, "shops": 0, "food": 0, "comp": 0, "offices": 0}}, {"type": "Feature", "geometry": {"type": "Polygon", "coordinates": [[[23.65401930020311, 46.739703557312225], [23.65729630659041, 46.739703557312225], [23.65729630659041, 46.7419493352497], [23.65401930020311, 46.7419493352497], [23.65401930020311, 46.739703557312225]]]}, "properties": {"score": 1, "res500": 406, "transit": 0, "shops": 0, "food": 0, "comp": 0, "offices": 0}}, {"type": "Feature", "geometry": {"type": "Polygon", "coordinates": [[[23.65729630659041, 46.739703557312225], [23.66057331297771, 46.739703557312225], [23.66057331297771, 46.7419493352497], [23.65729630659041, 46.7419493352497], [23.65729630659041, 46.739703557312225]]]}, "properties": {"score": 1, "res500": 283, "transit": 0, "shops": 0, "food": 0, "comp": 0, "offices": 0}}, {"type": "Feature", "geometry": {"type": "Polygon", "coordinates": [[[23.66057331297771, 46.739703557312225], [23.66385031936501, 46.739703557312225], [23.66385031936501, 46.7419493352497], [23.66057331297771, 46.7419493352497], [23.66057331297771, 46.739703557312225]]]}, "properties": {"score": 1, "res500": 234, "transit": 0, "shops": 0, "food": 0, "comp": 0, "offices": 0}}, {"type": "Feature", "geometry": {"type": "Polygon", "coordinates": [[[23.5, 46.7419493352497], [23.50327714288874, 46.7419493352497], [23.50327714288874, 46.744195113187175], [23.5, 46.744195113187175], [23.5, 46.7419493352497]]]}, "properties": {"score": 12, "res500": 3376, "transit": 0, "shops": 1, "food": 0, "comp": 0, "offices": 0}}, {"type": "Feature", "geometry": {"type": "Polygon", "coordinates": [[[23.50327714288874, 46.7419493352497], [23.506554285777483, 46.7419493352497], [23.506554285777483, 46.744195113187175], [23.50327714288874, 46.744195113187175], [23.50327714288874, 46.7419493352497]]]}, "properties": {"score": 20, "res500": 4095, "transit": 2, "shops": 2, "food": 2, "comp": 1, "offices": 1}}, {"type": "Feature", "geometry": {"type": "Polygon", "coordinates": [[[23.506554285777483, 46.7419493352497], [23.509831428666224, 46.7419493352497], [23.509831428666224, 46.744195113187175], [23.506554285777483, 46.744195113187175], [23.506554285777483, 46.7419493352497]]]}, "properties": {"score": 14, "res500": 3714, "transit": 0, "shops": 1, "food": 2, "comp": 1, "offices": 1}}, {"type": "Feature", "geometry": {"type": "Polygon", "coordinates": [[[23.509831428666224, 46.7419493352497], [23.513108571554966, 46.7419493352497], [23.513108571554966, 46.744195113187175], [23.509831428666224, 46.744195113187175], [23.509831428666224, 46.7419493352497]]]}, "properties": {"score": 11, "res500": 2715, "transit": 0, "shops": 0, "food": 1, "comp": 0, "offices": 1}}, {"type": "Feature", "geometry": {"type": "Polygon", "coordinates": [[[23.513108571554966, 46.7419493352497], [23.516385714443707, 46.7419493352497], [23.516385714443707, 46.744195113187175], [23.513108571554966, 46.744195113187175], [23.513108571554966, 46.7419493352497]]]}, "properties": {"score": 9, "res500": 1419, "transit": 1, "shops": 0, "food": 0, "comp": 0, "offices": 0}}, {"type": "Feature", "geometry": {"type": "Polygon", "coordinates": [[[23.516385714443707, 46.7419493352497], [23.51966285733245, 46.7419493352497], [23.51966285733245, 46.744195113187175], [23.516385714443707, 46.744195113187175], [23.516385714443707, 46.7419493352497]]]}, "properties": {"score": 12, "res500": 1647, "transit": 2, "shops": 0, "food": 0, "comp": 0, "offices": 0}}, {"type": "Feature", "geometry": {"type": "Polygon", "coordinates": [[[23.51966285733245, 46.7419493352497], [23.52294000022119, 46.7419493352497], [23.52294000022119, 46.744195113187175], [23.51966285733245, 46.744195113187175], [23.51966285733245, 46.7419493352497]]]}, "properties": {"score": 11, "res500": 1990, "transit": 1, "shops": 1, "food": 0, "comp": 0, "offices": 0}}, {"type": "Feature", "geometry": {"type": "Polygon", "coordinates": [[[23.52294000022119, 46.7419493352497], [23.526217143109932, 46.7419493352497], [23.526217143109932, 46.744195113187175], [23.52294000022119, 46.744195113187175], [23.52294000022119, 46.7419493352497]]]}, "properties": {"score": 8, "res500": 1823, "transit": 0, "shops": 1, "food": 0, "comp": 0, "offices": 0}}, {"type": "Feature", "geometry": {"type": "Polygon", "coordinates": [[[23.526217143109932, 46.7419493352497], [23.529494285998673, 46.7419493352497], [23.529494285998673, 46.744195113187175], [23.526217143109932, 46.744195113187175], [23.526217143109932, 46.7419493352497]]]}, "properties": {"score": 10, "res500": 3029, "transit": 0, "shops": 0, "food": 0, "comp": 0, "offices": 0}}, {"type": "Feature", "geometry": {"type": "Polygon", "coordinates": [[[23.529494285998673, 46.7419493352497], [23.532771428887415, 46.7419493352497], [23.532771428887415, 46.744195113187175], [23.529494285998673, 46.744195113187175], [23.529494285998673, 46.7419493352497]]]}, "properties": {"score": 13, "res500": 3110, "transit": 0, "shops": 1, "food": 1, "comp": 0, "offices": 0}}, {"type": "Feature", "geometry": {"type": "Polygon", "coordinates": [[[23.532771428887415, 46.7419493352497], [23.536048571776156, 46.7419493352497], [23.536048571776156, 46.744195113187175], [23.532771428887415, 46.744195113187175], [23.532771428887415, 46.7419493352497]]]}, "properties": {"score": 10, "res500": 1925, "transit": 1, "shops": 1, "food": 1, "comp": 1, "offices": 0}}, {"type": "Feature", "geometry": {"type": "Polygon", "coordinates": [[[23.536048571776156, 46.7419493352497], [23.539325714664898, 46.7419493352497], [23.539325714664898, 46.744195113187175], [23.536048571776156, 46.744195113187175], [23.536048571776156, 46.7419493352497]]]}, "properties": {"score": 7, "res500": 775, "transit": 1, "shops": 0, "food": 1, "comp": 0, "offices": 0}}, {"type": "Feature", "geometry": {"type": "Polygon", "coordinates": [[[23.552434286219864, 46.7419493352497], [23.555711429108605, 46.7419493352497], [23.555711429108605, 46.744195113187175], [23.552434286219864, 46.744195113187175], [23.552434286219864, 46.7419493352497]]]}, "properties": {"score": 3, "res500": 419, "transit": 0, "shops": 0, "food": 0, "comp": 0, "offices": 0}}, {"type": "Feature", "geometry": {"type": "Polygon", "coordinates": [[[23.555711429108605, 46.7419493352497], [23.558988571997347, 46.7419493352497], [23.558988571997347, 46.744195113187175], [23.555711429108605, 46.744195113187175], [23.555711429108605, 46.7419493352497]]]}, "properties": {"score": 4, "res500": 466, "transit": 0, "shops": 0, "food": 0, "comp": 0, "offices": 0}}, {"type": "Feature", "geometry": {"type": "Polygon", "coordinates": [[[23.558988571997347, 46.7419493352497], [23.562265714886088, 46.7419493352497], [23.562265714886088, 46.744195113187175], [23.558988571997347, 46.744195113187175], [23.558988571997347, 46.7419493352497]]]}, "properties": {"score": 6, "res500": 1400, "transit": 0, "shops": 0, "food": 0, "comp": 0, "offices": 0}}, {"type": "Feature", "geometry": {"type": "Polygon", "coordinates": [[[23.562265714886088, 46.7419493352497], [23.56554285777483, 46.7419493352497], [23.56554285777483, 46.744195113187175], [23.562265714886088, 46.744195113187175], [23.562265714886088, 46.7419493352497]]]}, "properties": {"score": 12, "res500": 2271, "transit": 1, "shops": 1, "food": 0, "comp": 0, "offices": 0}}, {"type": "Feature", "geometry": {"type": "Polygon", "coordinates": [[[23.56554285777483, 46.7419493352497], [23.56882000066357, 46.7419493352497], [23.56882000066357, 46.744195113187175], [23.56554285777483, 46.744195113187175], [23.56554285777483, 46.7419493352497]]]}, "properties": {"score": 18, "res500": 2701, "transit": 3, "shops": 1, "food": 0, "comp": 0, "offices": 0}}, {"type": "Feature", "geometry": {"type": "Polygon", "coordinates": [[[23.56882000066357, 46.7419493352497], [23.572097143552313, 46.7419493352497], [23.572097143552313, 46.744195113187175], [23.56882000066357, 46.744195113187175], [23.56882000066357, 46.7419493352497]]]}, "properties": {"score": 16, "res500": 3000, "transit": 2, "shops": 0, "food": 0, "comp": 0, "offices": 0}}, {"type": "Feature", "geometry": {"type": "Polygon", "coordinates": [[[23.572097143552313, 46.7419493352497], [23.575374286441054, 46.7419493352497], [23.575374286441054, 46.744195113187175], [23.572097143552313, 46.744195113187175], [23.572097143552313, 46.7419493352497]]]}, "properties": {"score": 12, "res500": 1670, "transit": 2, "shops": 0, "food": 0, "comp": 0, "offices": 0}}, {"type": "Feature", "geometry": {"type": "Polygon", "coordinates": [[[23.575374286441054, 46.7419493352497], [23.578651429329796, 46.7419493352497], [23.578651429329796, 46.744195113187175], [23.575374286441054, 46.744195113187175], [23.575374286441054, 46.7419493352497]]]}, "properties": {"score": 6, "res500": 1080, "transit": 0, "shops": 0, "food": 0, "comp": 0, "offices": 0}}, {"type": "Feature", "geometry": {"type": "Polygon", "coordinates": [[[23.578651429329796, 46.7419493352497], [23.581928572218537, 46.7419493352497], [23.581928572218537, 46.744195113187175], [23.578651429329796, 46.744195113187175], [23.578651429329796, 46.7419493352497]]]}, "properties": {"score": 7, "res500": 1542, "transit": 0, "shops": 0, "food": 0, "comp": 0, "offices": 1}}, {"type": "Feature", "geometry": {"type": "Polygon", "coordinates": [[[23.581928572218537, 46.7419493352497], [23.58520571510728, 46.7419493352497], [23.58520571510728, 46.744195113187175], [23.581928572218537, 46.744195113187175], [23.581928572218537, 46.7419493352497]]]}, "properties": {"score": 18, "res500": 3047, "transit": 2, "shops": 3, "food": 0, "comp": 0, "offices": 1}}, {"type": "Feature", "geometry": {"type": "Polygon", "coordinates": [[[23.58520571510728, 46.7419493352497], [23.58848285799602, 46.7419493352497], [23.58848285799602, 46.744195113187175], [23.58520571510728, 46.744195113187175], [23.58520571510728, 46.7419493352497]]]}, "properties": {"score": 22, "res500": 4094, "transit": 2, "shops": 3, "food": 0, "comp": 0, "offices": 6}}, {"type": "Feature", "geometry": {"type": "Polygon", "coordinates": [[[23.58848285799602, 46.7419493352497], [23.59176000088476, 46.7419493352497], [23.59176000088476, 46.744195113187175], [23.58848285799602, 46.744195113187175], [23.58848285799602, 46.7419493352497]]]}, "properties": {"score": 26, "res500": 4307, "transit": 2, "shops": 6, "food": 2, "comp": 0, "offices": 7}}, {"type": "Feature", "geometry": {"type": "Polygon", "coordinates": [[[23.59176000088476, 46.7419493352497], [23.595037143773503, 46.7419493352497], [23.595037143773503, 46.744195113187175], [23.59176000088476, 46.744195113187175], [23.59176000088476, 46.7419493352497]]]}, "properties": {"score": 26, "res500": 3244, "transit": 3, "shops": 7, "food": 2, "comp": 0, "offices": 8}}, {"type": "Feature", "geometry": {"type": "Polygon", "coordinates": [[[23.595037143773503, 46.7419493352497], [23.598314286662244, 46.7419493352497], [23.598314286662244, 46.744195113187175], [23.595037143773503, 46.744195113187175], [23.595037143773503, 46.7419493352497]]]}, "properties": {"score": 13, "res500": 2463, "transit": 0, "shops": 0, "food": 0, "comp": 0, "offices": 9}}, {"type": "Feature", "geometry": {"type": "Polygon", "coordinates": [[[23.598314286662244, 46.7419493352497], [23.601591429550986, 46.7419493352497], [23.601591429550986, 46.744195113187175], [23.598314286662244, 46.744195113187175], [23.598314286662244, 46.7419493352497]]]}, "properties": {"score": 10, "res500": 2085, "transit": 0, "shops": 0, "food": 0, "comp": 0, "offices": 3}}, {"type": "Feature", "geometry": {"type": "Polygon", "coordinates": [[[23.601591429550986, 46.7419493352497], [23.604868572439727, 46.7419493352497], [23.604868572439727, 46.744195113187175], [23.601591429550986, 46.744195113187175], [23.601591429550986, 46.7419493352497]]]}, "properties": {"score": 6, "res500": 1106, "transit": 0, "shops": 0, "food": 0, "comp": 0, "offices": 1}}, {"type": "Feature", "geometry": {"type": "Polygon", "coordinates": [[[23.604868572439727, 46.7419493352497], [23.60814571532847, 46.7419493352497], [23.60814571532847, 46.744195113187175], [23.604868572439727, 46.744195113187175], [23.604868572439727, 46.7419493352497]]]}, "properties": {"score": 4, "res500": 794, "transit": 0, "shops": 0, "food": 0, "comp": 0, "offices": 0}}, {"type": "Feature", "geometry": {"type": "Polygon", "coordinates": [[[23.60814571532847, 46.7419493352497], [23.61142285821721, 46.7419493352497], [23.61142285821721, 46.744195113187175], [23.60814571532847, 46.744195113187175], [23.60814571532847, 46.7419493352497]]]}, "properties": {"score": 3, "res500": 702, "transit": 0, "shops": 0, "food": 0, "comp": 0, "offices": 0}}, {"type": "Feature", "geometry": {"type": "Polygon", "coordinates": [[[23.627808572660918, 46.7419493352497], [23.63108571554966, 46.7419493352497], [23.63108571554966, 46.744195113187175], [23.627808572660918, 46.744195113187175], [23.627808572660918, 46.7419493352497]]]}, "properties": {"score": 1, "res500": 297, "transit": 0, "shops": 0, "food": 0, "comp": 0, "offices": 0}}, {"type": "Feature", "geometry": {"type": "Polygon", "coordinates": [[[23.63108571554966, 46.7419493352497], [23.6343628584384, 46.7419493352497], [23.6343628584384, 46.744195113187175], [23.63108571554966, 46.744195113187175], [23.63108571554966, 46.7419493352497]]]}, "properties": {"score": 2, "res500": 589, "transit": 0, "shops": 0, "food": 0, "comp": 0, "offices": 0}}, {"type": "Feature", "geometry": {"type": "Polygon", "coordinates": [[[23.6343628584384, 46.7419493352497], [23.637640001327142, 46.7419493352497], [23.637640001327142, 46.744195113187175], [23.6343628584384, 46.744195113187175], [23.6343628584384, 46.7419493352497]]]}, "properties": {"score": 2, "res500": 655, "transit": 0, "shops": 0, "food": 0, "comp": 0, "offices": 0}}, {"type": "Feature", "geometry": {"type": "Polygon", "coordinates": [[[23.637640001327142, 46.7419493352497], [23.640917144215884, 46.7419493352497], [23.640917144215884, 46.744195113187175], [23.637640001327142, 46.744195113187175], [23.637640001327142, 46.7419493352497]]]}, "properties": {"score": 2, "res500": 463, "transit": 0, "shops": 0, "food": 0, "comp": 0, "offices": 0}}, {"type": "Feature", "geometry": {"type": "Polygon", "coordinates": [[[23.640917144215884, 46.7419493352497], [23.644194287104625, 46.7419493352497], [23.644194287104625, 46.744195113187175], [23.640917144215884, 46.744195113187175], [23.640917144215884, 46.7419493352497]]]}, "properties": {"score": 2, "res500": 476, "transit": 0, "shops": 0, "food": 0, "comp": 0, "offices": 0}}, {"type": "Feature", "geometry": {"type": "Polygon", "coordinates": [[[23.644194287104625, 46.7419493352497], [23.647471429993367, 46.7419493352497], [23.647471429993367, 46.744195113187175], [23.644194287104625, 46.744195113187175], [23.644194287104625, 46.7419493352497]]]}, "properties": {"score": 2, "res500": 614, "transit": 0, "shops": 0, "food": 0, "comp": 0, "offices": 0}}, {"type": "Feature", "geometry": {"type": "Polygon", "coordinates": [[[23.647471429993367, 46.7419493352497], [23.650748572882108, 46.7419493352497], [23.650748572882108, 46.744195113187175], [23.647471429993367, 46.744195113187175], [23.647471429993367, 46.7419493352497]]]}, "properties": {"score": 8, "res500": 759, "transit": 2, "shops": 0, "food": 0, "comp": 0, "offices": 0}}, {"type": "Feature", "geometry": {"type": "Polygon", "coordinates": [[[23.650748572882108, 46.7419493352497], [23.65402571577085, 46.7419493352497], [23.65402571577085, 46.744195113187175], [23.650748572882108, 46.744195113187175], [23.650748572882108, 46.7419493352497]]]}, "properties": {"score": 9, "res500": 607, "transit": 2, "shops": 0, "food": 0, "comp": 0, "offices": 0}}, {"type": "Feature", "geometry": {"type": "Polygon", "coordinates": [[[23.65402571577085, 46.7419493352497], [23.65730285865959, 46.7419493352497], [23.65730285865959, 46.744195113187175], [23.65402571577085, 46.744195113187175], [23.65402571577085, 46.7419493352497]]]}, "properties": {"score": 3, "res500": 452, "transit": 0, "shops": 0, "food": 0, "comp": 0, "offices": 0}}, {"type": "Feature", "geometry": {"type": "Polygon", "coordinates": [[[23.65730285865959, 46.7419493352497], [23.660580001548333, 46.7419493352497], [23.660580001548333, 46.744195113187175], [23.65730285865959, 46.744195113187175], [23.65730285865959, 46.7419493352497]]]}, "properties": {"score": 2, "res500": 258, "transit": 0, "shops": 0, "food": 0, "comp": 0, "offices": 0}}, {"type": "Feature", "geometry": {"type": "Polygon", "coordinates": [[[23.660580001548333, 46.7419493352497], [23.663857144437074, 46.7419493352497], [23.663857144437074, 46.744195113187175], [23.660580001548333, 46.744195113187175], [23.660580001548333, 46.7419493352497]]]}, "properties": {"score": 1, "res500": 212, "transit": 0, "shops": 0, "food": 0, "comp": 0, "offices": 0}}, {"type": "Feature", "geometry": {"type": "Polygon", "coordinates": [[[23.5, 46.744195113187175], [23.50327727940659, 46.744195113187175], [23.50327727940659, 46.74644089112465], [23.5, 46.74644089112465], [23.5, 46.744195113187175]]]}, "properties": {"score": 11, "res500": 3083, "transit": 0, "shops": 1, "food": 1, "comp": 1, "offices": 0}}, {"type": "Feature", "geometry": {"type": "Polygon", "coordinates": [[[23.50327727940659, 46.744195113187175], [23.50655455881318, 46.744195113187175], [23.50655455881318, 46.74644089112465], [23.50327727940659, 46.74644089112465], [23.50327727940659, 46.744195113187175]]]}, "properties": {"score": 19, "res500": 3819, "transit": 2, "shops": 1, "food": 3, "comp": 1, "offices": 0}}, {"type": "Feature", "geometry": {"type": "Polygon", "coordinates": [[[23.50655455881318, 46.744195113187175], [23.509831838219768, 46.744195113187175], [23.509831838219768, 46.74644089112465], [23.50655455881318, 46.74644089112465], [23.50655455881318, 46.744195113187175]]]}, "properties": {"score": 14, "res500": 3440, "transit": 0, "shops": 0, "food": 2, "comp": 0, "offices": 0}}, {"type": "Feature", "geometry": {"type": "Polygon", "coordinates": [[[23.509831838219768, 46.744195113187175], [23.513109117626357, 46.744195113187175], [23.513109117626357, 46.74644089112465], [23.509831838219768, 46.74644089112465], [23.509831838219768, 46.744195113187175]]]}, "properties": {"score": 9, "res500": 1910, "transit": 0, "shops": 0, "food": 1, "comp": 0, "offices": 0}}, {"type": "Feature", "geometry": {"type": "Polygon", "coordinates": [[[23.513109117626357, 46.744195113187175], [23.516386397032946, 46.744195113187175], [23.516386397032946, 46.74644089112465], [23.513109117626357, 46.74644089112465], [23.513109117626357, 46.744195113187175]]]}, "properties": {"score": 10, "res500": 2471, "transit": 0, "shops": 0, "food": 0, "comp": 0, "offices": 1}}, {"type": "Feature", "geometry": {"type": "Polygon", "coordinates": [[[23.516386397032946, 46.744195113187175], [23.519663676439535, 46.744195113187175], [23.519663676439535, 46.74644089112465], [23.516386397032946, 46.74644089112465], [23.516386397032946, 46.744195113187175]]]}, "properties": {"score": 14, "res500": 2802, "transit": 1, "shops": 1, "food": 0, "comp": 0, "offices": 1}}, {"type": "Feature", "geometry": {"type": "Polygon", "coordinates": [[[23.519663676439535, 46.744195113187175], [23.522940955846124, 46.744195113187175], [23.522940955846124, 46.74644089112465], [23.519663676439535, 46.74644089112465], [23.519663676439535, 46.744195113187175]]]}, "properties": {"score": 15, "res500": 3181, "transit": 1, "shops": 2, "food": 0, "comp": 0, "offices": 1}}, {"type": "Feature", "geometry": {"type": "Polygon", "coordinates": [[[23.522940955846124, 46.744195113187175], [23.526218235252713, 46.744195113187175], [23.526218235252713, 46.74644089112465], [23.522940955846124, 46.74644089112465], [23.522940955846124, 46.744195113187175]]]}, "properties": {"score": 15, "res500": 3538, "transit": 1, "shops": 1, "food": 0, "comp": 0, "offices": 0}}, {"type": "Feature", "geometry": {"type": "Polygon", "coordinates": [[[23.526218235252713, 46.744195113187175], [23.529495514659303, 46.744195113187175], [23.529495514659303, 46.74644089112465], [23.526218235252713, 46.74644089112465], [23.526218235252713, 46.744195113187175]]]}, "properties": {"score": 15, "res500": 3017, "transit": 1, "shops": 0, "food": 0, "comp": 0, "offices": 0}}, {"type": "Feature", "geometry": {"type": "Polygon", "coordinates": [[[23.529495514659303, 46.744195113187175], [23.53277279406589, 46.744195113187175], [23.53277279406589, 46.74644089112465], [23.529495514659303, 46.74644089112465], [23.529495514659303, 46.744195113187175]]]}, "properties": {"score": 14, "res500": 3068, "transit": 0, "shops": 1, "food": 2, "comp": 0, "offices": 0}}, {"type": "Feature", "geometry": {"type": "Polygon", "coordinates": [[[23.53277279406589, 46.744195113187175], [23.53605007347248, 46.744195113187175], [23.53605007347248, 46.74644089112465], [23.53277279406589, 46.74644089112465], [23.53277279406589, 46.744195113187175]]]}, "properties": {"score": 10, "res500": 2156, "transit": 0, "shops": 1, "food": 1, "comp": 0, "offices": 0}}, {"type": "Feature", "geometry": {"type": "Polygon", "coordinates": [[[23.53605007347248, 46.744195113187175], [23.53932735287907, 46.744195113187175], [23.53932735287907, 46.74644089112465], [23.53605007347248, 46.74644089112465], [23.53605007347248, 46.744195113187175]]]}, "properties": {"score": 5, "res500": 726, "transit": 0, "shops": 0, "food": 0, "comp": 0, "offices": 0}}, {"type": "Feature", "geometry": {"type": "Polygon", "coordinates": [[[23.549159191098838, 46.744195113187175], [23.552436470505427, 46.744195113187175], [23.552436470505427, 46.74644089112465], [23.549159191098838, 46.74644089112465], [23.549159191098838, 46.744195113187175]]]}, "properties": {"score": 3, "res500": 289, "transit": 0, "shops": 0, "food": 0, "comp": 0, "offices": 0}}, {"type": "Feature", "geometry": {"type": "Polygon", "coordinates": [[[23.552436470505427, 46.744195113187175], [23.555713749912016, 46.744195113187175], [23.555713749912016, 46.74644089112465], [23.552436470505427, 46.74644089112465], [23.552436470505427, 46.744195113187175]]]}, "properties": {"score": 6, "res500": 959, "transit": 0, "shops": 0, "food": 0, "comp": 0, "offices": 0}}, {"type": "Feature", "geometry": {"type": "Polygon", "coordinates": [[[23.555713749912016, 46.744195113187175], [23.558991029318605, 46.744195113187175], [23.558991029318605, 46.74644089112465], [23.555713749912016, 46.74644089112465], [23.555713749912016, 46.744195113187175]]]}, "properties": {"score": 9, "res500": 1889, "transit": 0, "shops": 0, "food": 0, "comp": 0, "offices": 0}}, {"type": "Feature", "geometry": {"type": "Polygon", "coordinates": [[[23.558991029318605, 46.744195113187175], [23.562268308725194, 46.744195113187175], [23.562268308725194, 46.74644089112465], [23.558991029318605, 46.74644089112465], [23.558991029318605, 46.744195113187175]]]}, "properties": {"score": 14, "res500": 3703, "transit": 0, "shops": 0, "food": 0, "comp": 0, "offices": 0}}, {"type": "Feature", "geometry": {"type": "Polygon", "coordinates": [[[23.562268308725194, 46.744195113187175], [23.565545588131783, 46.744195113187175], [23.565545588131783, 46.74644089112465], [23.562268308725194, 46.74644089112465], [23.562268308725194, 46.744195113187175]]]}, "properties": {"score": 21, "res500": 3814, "transit": 2, "shops": 3, "food": 0, "comp": 0, "offices": 0}}, {"type": "Feature", "geometry": {"type": "Polygon", "coordinates": [[[23.565545588131783, 46.744195113187175], [23.568822867538373, 46.744195113187175], [23.568822867538373, 46.74644089112465], [23.565545588131783, 46.74644089112465], [23.565545588131783, 46.744195113187175]]]}, "properties": {"score": 21, "res500": 4183, "transit": 2, "shops": 2, "food": 0, "comp": 0, "offices": 0}}, {"type": "Feature", "geometry": {"type": "Polygon", "coordinates": [[[23.568822867538373, 46.744195113187175], [23.572100146944962, 46.744195113187175], [23.572100146944962, 46.74644089112465], [23.568822867538373, 46.74644089112465], [23.568822867538373, 46.744195113187175]]]}, "properties": {"score": 19, "res500": 2855, "transit": 3, "shops": 1, "food": 0, "comp": 0, "offices": 0}}, {"type": "Feature", "geometry": {"type": "Polygon", "coordinates": [[[23.572100146944962, 46.744195113187175], [23.57537742635155, 46.744195113187175], [23.57537742635155, 46.74644089112465], [23.572100146944962, 46.74644089112465], [23.572100146944962, 46.744195113187175]]]}, "properties": {"score": 14, "res500": 2032, "transit": 2, "shops": 0, "food": 0, "comp": 0, "offices": 0}}, {"type": "Feature", "geometry": {"type": "Polygon", "coordinates": [[[23.57537742635155, 46.744195113187175], [23.57865470575814, 46.744195113187175], [23.57865470575814, 46.74644089112465], [23.57537742635155, 46.74644089112465], [23.57537742635155, 46.744195113187175]]]}, "properties": {"score": 9, "res500": 1484, "transit": 0, "shops": 0, "food": 0, "comp": 0, "offices": 0}}, {"type": "Feature", "geometry": {"type": "Polygon", "coordinates": [[[23.57865470575814, 46.744195113187175], [23.58193198516473, 46.744195113187175], [23.58193198516473, 46.74644089112465], [23.57865470575814, 46.74644089112465], [23.57865470575814, 46.744195113187175]]]}, "properties": {"score": 11, "res500": 2364, "transit": 0, "shops": 0, "food": 0, "comp": 0, "offices": 1}}, {"type": "Feature", "geometry": {"type": "Polygon", "coordinates": [[[23.58193198516473, 46.744195113187175], [23.58520926457132, 46.744195113187175], [23.58520926457132, 46.74644089112465], [23.58193198516473, 46.74644089112465], [23.58193198516473, 46.744195113187175]]]}, "properties": {"score": 20, "res500": 3611, "transit": 2, "shops": 3, "food": 0, "comp": 0, "offices": 1}}, {"type": "Feature", "geometry": {"type": "Polygon", "coordinates": [[[23.58520926457132, 46.744195113187175], [23.588486543977908, 46.744195113187175], [23.588486543977908, 46.74644089112465], [23.58520926457132, 46.74644089112465], [23.58520926457132, 46.744195113187175]]]}, "properties": {"score": 25, "res500": 4438, "transit": 2, "shops": 3, "food": 2, "comp": 0, "offices": 6}}, {"type": "Feature", "geometry": {"type": "Polygon", "coordinates": [[[23.588486543977908, 46.744195113187175], [23.591763823384497, 46.744195113187175], [23.591763823384497, 46.74644089112465], [23.588486543977908, 46.74644089112465], [23.588486543977908, 46.744195113187175]]]}, "properties": {"score": 26, "res500": 4664, "transit": 2, "shops": 8, "food": 2, "comp": 2, "offices": 9}}, {"type": "Feature", "geometry": {"type": "Polygon", "coordinates": [[[23.591763823384497, 46.744195113187175], [23.595041102791086, 46.744195113187175], [23.595041102791086, 46.74644089112465], [23.591763823384497, 46.74644089112465], [23.591763823384497, 46.744195113187175]]]}, "properties": {"score": 28, "res500": 4656, "transit": 2, "shops": 10, "food": 2, "comp": 2, "offices": 12}}, {"type": "Feature", "geometry": {"type": "Polygon", "coordinates": [[[23.595041102791086, 46.744195113187175], [23.598318382197675, 46.744195113187175], [23.598318382197675, 46.74644089112465], [23.595041102791086, 46.74644089112465], [23.595041102791086, 46.744195113187175]]]}, "properties": {"score": 22, "res500": 3388, "transit": 1, "shops": 3, "food": 1, "comp": 0, "offices": 12}}, {"type": "Feature", "geometry": {"type": "Polygon", "coordinates": [[[23.598318382197675, 46.744195113187175], [23.601595661604264, 46.744195113187175], [23.601595661604264, 46.74644089112465], [23.598318382197675, 46.74644089112465], [23.598318382197675, 46.744195113187175]]]}, "properties": {"score": 15, "res500": 3305, "transit": 0, "shops": 0, "food": 1, "comp": 0, "offices": 4}}, {"type": "Feature", "geometry": {"type": "Polygon", "coordinates": [[[23.601595661604264, 46.744195113187175], [23.604872941010854, 46.744195113187175], [23.604872941010854, 46.74644089112465], [23.601595661604264, 46.74644089112465], [23.601595661604264, 46.744195113187175]]]}, "properties": {"score": 11, "res500": 2545, "transit": 0, "shops": 0, "food": 0, "comp": 0, "offices": 2}}, {"type": "Feature", "geometry": {"type": "Polygon", "coordinates": [[[23.604872941010854, 46.744195113187175], [23.608150220417443, 46.744195113187175], [23.608150220417443, 46.74644089112465], [23.604872941010854, 46.74644089112465], [23.604872941010854, 46.744195113187175]]]}, "properties": {"score": 7, "res500": 1574, "transit": 0, "shops": 0, "food": 0, "comp": 0, "offices": 0}}, {"type": "Feature", "geometry": {"type": "Polygon", "coordinates": [[[23.608150220417443, 46.744195113187175], [23.611427499824032, 46.744195113187175], [23.611427499824032, 46.74644089112465], [23.608150220417443, 46.74644089112465], [23.608150220417443, 46.744195113187175]]]}, "properties": {"score": 4, "res500": 839, "transit": 0, "shops": 0, "food": 0, "comp": 0, "offices": 0}}, {"type": "Feature", "geometry": {"type": "Polygon", "coordinates": [[[23.611427499824032, 46.744195113187175], [23.61470477923062, 46.744195113187175], [23.61470477923062, 46.74644089112465], [23.611427499824032, 46.74644089112465], [23.611427499824032, 46.744195113187175]]]}, "properties": {"score": 2, "res500": 275, "transit": 0, "shops": 0, "food": 0, "comp": 0, "offices": 0}}, {"type": "Feature", "geometry": {"type": "Polygon", "coordinates": [[[23.62453661745039, 46.744195113187175], [23.627813896856978, 46.744195113187175], [23.627813896856978, 46.74644089112465], [23.62453661745039, 46.74644089112465], [23.62453661745039, 46.744195113187175]]]}, "properties": {"score": 2, "res500": 427, "transit": 0, "shops": 0, "food": 0, "comp": 0, "offices": 0}}, {"type": "Feature", "geometry": {"type": "Polygon", "coordinates": [[[23.627813896856978, 46.744195113187175], [23.631091176263567, 46.744195113187175], [23.631091176263567, 46.74644089112465], [23.627813896856978, 46.74644089112465], [23.627813896856978, 46.744195113187175]]]}, "properties": {"score": 3, "res500": 761, "transit": 0, "shops": 0, "food": 0, "comp": 0, "offices": 0}}, {"type": "Feature", "geometry": {"type": "Polygon", "coordinates": [[[23.631091176263567, 46.744195113187175], [23.634368455670156, 46.744195113187175], [23.634368455670156, 46.74644089112465], [23.631091176263567, 46.74644089112465], [23.631091176263567, 46.744195113187175]]]}, "properties": {"score": 4, "res500": 964, "transit": 0, "shops": 0, "food": 0, "comp": 0, "offices": 0}}, {"type": "Feature", "geometry": {"type": "Polygon", "coordinates": [[[23.634368455670156, 46.744195113187175], [23.637645735076745, 46.744195113187175], [23.637645735076745, 46.74644089112465], [23.634368455670156, 46.74644089112465], [23.634368455670156, 46.744195113187175]]]}, "properties": {"score": 3, "res500": 877, "transit": 0, "shops": 0, "food": 0, "comp": 0, "offices": 0}}, {"type": "Feature", "geometry": {"type": "Polygon", "coordinates": [[[23.637645735076745, 46.744195113187175], [23.640923014483334, 46.744195113187175], [23.640923014483334, 46.74644089112465], [23.637645735076745, 46.74644089112465], [23.637645735076745, 46.744195113187175]]]}, "properties": {"score": 3, "res500": 735, "transit": 0, "shops": 0, "food": 0, "comp": 0, "offices": 0}}, {"type": "Feature", "geometry": {"type": "Polygon", "coordinates": [[[23.640923014483334, 46.744195113187175], [23.644200293889924, 46.744195113187175], [23.644200293889924, 46.74644089112465], [23.640923014483334, 46.74644089112465], [23.640923014483334, 46.744195113187175]]]}, "properties": {"score": 3, "res500": 835, "transit": 0, "shops": 0, "food": 0, "comp": 0, "offices": 0}}, {"type": "Feature", "geometry": {"type": "Polygon", "coordinates": [[[23.644200293889924, 46.744195113187175], [23.647477573296513, 46.744195113187175], [23.647477573296513, 46.74644089112465], [23.644200293889924, 46.74644089112465], [23.644200293889924, 46.744195113187175]]]}, "properties": {"score": 8, "res500": 855, "transit": 2, "shops": 0, "food": 0, "comp": 0, "offices": 0}}, {"type": "Feature", "geometry": {"type": "Polygon", "coordinates": [[[23.647477573296513, 46.744195113187175], [23.650754852703102, 46.744195113187175], [23.650754852703102, 46.74644089112465], [23.647477573296513, 46.74644089112465], [23.647477573296513, 46.744195113187175]]]}, "properties": {"score": 15, "res500": 792, "transit": 4, "shops": 0, "food": 0, "comp": 0, "offices": 0}}, {"type": "Feature", "geometry": {"type": "Polygon", "coordinates": [[[23.650754852703102, 46.744195113187175], [23.65403213210969, 46.744195113187175], [23.65403213210969, 46.74644089112465], [23.650754852703102, 46.74644089112465], [23.650754852703102, 46.744195113187175]]]}, "properties": {"score": 9, "res500": 703, "transit": 2, "shops": 0, "food": 0, "comp": 0, "offices": 0}}, {"type": "Feature", "geometry": {"type": "Polygon", "coordinates": [[[23.65403213210969, 46.744195113187175], [23.65730941151628, 46.744195113187175], [23.65730941151628, 46.74644089112465], [23.65403213210969, 46.74644089112465], [23.65403213210969, 46.744195113187175]]]}, "properties": {"score": 3, "res500": 362, "transit": 0, "shops": 0, "food": 0, "comp": 0, "offices": 0}}, {"type": "Feature", "geometry": {"type": "Polygon", "coordinates": [[[23.5, 46.74644089112465], [23.50327741594085, 46.74644089112465], [23.50327741594085, 46.748686669062124], [23.5, 46.748686669062124], [23.5, 46.74644089112465]]]}, "properties": {"score": 17, "res500": 3366, "transit": 2, "shops": 1, "food": 2, "comp": 1, "offices": 0}}, {"type": "Feature", "geometry": {"type": "Polygon", "coordinates": [[[23.50327741594085, 46.74644089112465], [23.5065548318817, 46.74644089112465], [23.5065548318817, 46.748686669062124], [23.50327741594085, 46.748686669062124], [23.50327741594085, 46.74644089112465]]]}, "properties": {"score": 20, "res500": 4776, "transit": 2, "shops": 1, "food": 2, "comp": 2, "offices": 0}}, {"type": "Feature", "geometry": {"type": "Polygon", "coordinates": [[[23.5065548318817, 46.74644089112465], [23.50983224782255, 46.74644089112465], [23.50983224782255, 46.748686669062124], [23.5065548318817, 46.748686669062124], [23.5065548318817, 46.74644089112465]]]}, "properties": {"score": 19, "res500": 3886, "transit": 2, "shops": 0, "food": 2, "comp": 1, "offices": 0}}, {"type": "Feature", "geometry": {"type": "Polygon", "coordinates": [[[23.50983224782255, 46.74644089112465], [23.5131096637634, 46.74644089112465], [23.5131096637634, 46.748686669062124], [23.50983224782255, 46.748686669062124], [23.50983224782255, 46.74644089112465]]]}, "properties": {"score": 10, "res500": 2449, "transit": 0, "shops": 0, "food": 0, "comp": 0, "offices": 0}}, {"type": "Feature", "geometry": {"type": "Polygon", "coordinates": [[[23.5131096637634, 46.74644089112465], [23.516387079704252, 46.74644089112465], [23.516387079704252, 46.748686669062124], [23.5131096637634, 46.748686669062124], [23.5131096637634, 46.74644089112465]]]}, "properties": {"score": 12, "res500": 3198, "transit": 0, "shops": 0, "food": 0, "comp": 0, "offices": 1}}, {"type": "Feature", "geometry": {"type": "Polygon", "coordinates": [[[23.516387079704252, 46.74644089112465], [23.519664495645102, 46.74644089112465], [23.519664495645102, 46.748686669062124], [23.516387079704252, 46.748686669062124], [23.516387079704252, 46.74644089112465]]]}, "properties": {"score": 14, "res500": 3131, "transit": 0, "shops": 6, "food": 0, "comp": 0, "offices": 3}}, {"type": "Feature", "geometry": {"type": "Polygon", "coordinates": [[[23.519664495645102, 46.74644089112465], [23.522941911585953, 46.74644089112465], [23.522941911585953, 46.748686669062124], [23.519664495645102, 46.748686669062124], [23.519664495645102, 46.74644089112465]]]}, "properties": {"score": 16, "res500": 3761, "transit": 0, "shops": 6, "food": 0, "comp": 0, "offices": 4}}, {"type": "Feature", "geometry": {"type": "Polygon", "coordinates": [[[23.522941911585953, 46.74644089112465], [23.526219327526803, 46.74644089112465], [23.526219327526803, 46.748686669062124], [23.522941911585953, 46.748686669062124], [23.522941911585953, 46.74644089112465]]]}, "properties": {"score": 22, "res500": 5615, "transit": 1, "shops": 0, "food": 0, "comp": 0, "offices": 4}}, {"type": "Feature", "geometry": {"type": "Polygon", "coordinates": [[[23.526219327526803, 46.74644089112465], [23.529496743467654, 46.74644089112465], [23.529496743467654, 46.748686669062124], [23.526219327526803, 46.748686669062124], [23.526219327526803, 46.74644089112465]]]}, "properties": {"score": 24, "res500": 3966, "transit": 1, "shops": 6, "food": 9, "comp": 0, "offices": 0}}, {"type": "Feature", "geometry": {"type": "Polygon", "coordinates": [[[23.529496743467654, 46.74644089112465], [23.532774159408504, 46.74644089112465], [23.532774159408504, 46.748686669062124], [23.529496743467654, 46.748686669062124], [23.529496743467654, 46.74644089112465]]]}, "properties": {"score": 19, "res500": 2726, "transit": 0, "shops": 23, "food": 13, "comp": 6, "offices": 1}}, {"type": "Feature", "geometry": {"type": "Polygon", "coordinates": [[[23.532774159408504, 46.74644089112465], [23.536051575349354, 46.74644089112465], [23.536051575349354, 46.748686669062124], [23.532774159408504, 46.748686669062124], [23.532774159408504, 46.74644089112465]]]}, "properties": {"score": 23, "res500": 1804, "transit": 0, "shops": 22, "food": 13, "comp": 0, "offices": 1}}, {"type": "Feature", "geometry": {"type": "Polygon", "coordinates": [[[23.536051575349354, 46.74644089112465], [23.539328991290205, 46.74644089112465], [23.539328991290205, 46.748686669062124], [23.536051575349354, 46.748686669062124], [23.536051575349354, 46.74644089112465]]]}, "properties": {"score": 7, "res500": 1107, "transit": 0, "shops": 0, "food": 0, "comp": 0, "offices": 0}}, {"type": "Feature", "geometry": {"type": "Polygon", "coordinates": [[[23.539328991290205, 46.74644089112465], [23.542606407231055, 46.74644089112465], [23.542606407231055, 46.748686669062124], [23.539328991290205, 46.748686669062124], [23.539328991290205, 46.74644089112465]]]}, "properties": {"score": 5, "res500": 1119, "transit": 0, "shops": 0, "food": 0, "comp": 0, "offices": 0}}, {"type": "Feature", "geometry": {"type": "Polygon", "coordinates": [[[23.542606407231055, 46.74644089112465], [23.545883823171906, 46.74644089112465], [23.545883823171906, 46.748686669062124], [23.542606407231055, 46.748686669062124], [23.542606407231055, 46.74644089112465]]]}, "properties": {"score": 6, "res500": 1134, "transit": 0, "shops": 0, "food": 0, "comp": 0, "offices": 0}}, {"type": "Feature", "geometry": {"type": "Polygon", "coordinates": [[[23.545883823171906, 46.74644089112465], [23.549161239112756, 46.74644089112465], [23.549161239112756, 46.748686669062124], [23.545883823171906, 46.748686669062124], [23.545883823171906, 46.74644089112465]]]}, "properties": {"score": 8, "res500": 1534, "transit": 0, "shops": 0, "food": 0, "comp": 0, "offices": 0}}, {"type": "Feature", "geometry": {"type": "Polygon", "coordinates": [[[23.549161239112756, 46.74644089112465], [23.552438655053606, 46.74644089112465], [23.552438655053606, 46.748686669062124], [23.549161239112756, 46.748686669062124], [23.549161239112756, 46.74644089112465]]]}, "properties": {"score": 10, "res500": 1877, "transit": 0, "shops": 1, "food": 0, "comp": 0, "offices": 0}}, {"type": "Feature", "geometry": {"type": "Polygon", "coordinates": [[[23.552438655053606, 46.74644089112465], [23.555716070994457, 46.74644089112465], [23.555716070994457, 46.748686669062124], [23.552438655053606, 46.748686669062124], [23.552438655053606, 46.74644089112465]]]}, "properties": {"score": 16, "res500": 3528, "transit": 0, "shops": 1, "food": 1, "comp": 0, "offices": 0}}, {"type": "Feature", "geometry": {"type": "Polygon", "coordinates": [[[23.555716070994457, 46.74644089112465], [23.558993486935307, 46.74644089112465], [23.558993486935307, 46.748686669062124], [23.555716070994457, 46.748686669062124], [23.555716070994457, 46.74644089112465]]]}, "properties": {"score": 22, "res500": 5436, "transit": 0, "shops": 5, "food": 1, "comp": 1, "offices": 0}}, {"type": "Feature", "geometry": {"type": "Polygon", "coordinates": [[[23.558993486935307, 46.74644089112465], [23.562270902876158, 46.74644089112465], [23.562270902876158, 46.748686669062124], [23.558993486935307, 46.748686669062124], [23.558993486935307, 46.74644089112465]]]}, "properties": {"score": 36, "res500": 6413, "transit": 3, "shops": 3, "food": 2, "comp": 0, "offices": 0}}, {"type": "Feature", "geometry": {"type": "Polygon", "coordinates": [[[23.562270902876158, 46.74644089112465], [23.565548318817008, 46.74644089112465], [23.565548318817008, 46.748686669062124], [23.562270902876158, 46.748686669062124], [23.562270902876158, 46.74644089112465]]]}, "properties": {"score": 34, "res500": 5862, "transit": 3, "shops": 3, "food": 1, "comp": 0, "offices": 0}}, {"type": "Feature", "geometry": {"type": "Polygon", "coordinates": [[[23.565548318817008, 46.74644089112465], [23.56882573475786, 46.74644089112465], [23.56882573475786, 46.748686669062124], [23.565548318817008, 46.748686669062124], [23.565548318817008, 46.74644089112465]]]}, "properties": {"score": 31, "res500": 4244, "transit": 4, "shops": 3, "food": 0, "comp": 0, "offices": 0}}, {"type": "Feature", "geometry": {"type": "Polygon", "coordinates": [[[23.56882573475786, 46.74644089112465], [23.57210315069871, 46.74644089112465], [23.57210315069871, 46.748686669062124], [23.56882573475786, 46.748686669062124], [23.56882573475786, 46.74644089112465]]]}, "properties": {"score": 24, "res500": 3894, "transit": 3, "shops": 3, "food": 0, "comp": 0, "offices": 0}}, {"type": "Feature", "geometry": {"type": "Polygon", "coordinates": [[[23.57210315069871, 46.74644089112465], [23.57538056663956, 46.74644089112465], [23.57538056663956, 46.748686669062124], [23.57210315069871, 46.748686669062124], [23.57210315069871, 46.74644089112465]]]}, "properties": {"score": 22, "res500": 3457, "transit": 2, "shops": 4, "food": 0, "comp": 0, "offices": 1}}, {"type": "Feature", "geometry": {"type": "Polygon", "coordinates": [[[23.57538056663956, 46.74644089112465], [23.57865798258041, 46.74644089112465], [23.57865798258041, 46.748686669062124], [23.57538056663956, 46.748686669062124], [23.57538056663956, 46.74644089112465]]]}, "properties": {"score": 22, "res500": 3415, "transit": 2, "shops": 2, "food": 0, "comp": 0, "offices": 2}}, {"type": "Feature", "geometry": {"type": "Polygon", "coordinates": [[[23.57865798258041, 46.74644089112465], [23.58193539852126, 46.74644089112465], [23.58193539852126, 46.748686669062124], [23.57865798258041, 46.748686669062124], [23.57865798258041, 46.74644089112465]]]}, "properties": {"score": 22, "res500": 3247, "transit": 2, "shops": 1, "food": 0, "comp": 0, "offices": 3}}, {"type": "Feature", "geometry": {"type": "Polygon", "coordinates": [[[23.58193539852126, 46.74644089112465], [23.58521281446211, 46.74644089112465], [23.58521281446211, 46.748686669062124], [23.58193539852126, 46.748686669062124], [23.58193539852126, 46.74644089112465]]]}, "properties": {"score": 24, "res500": 4593, "transit": 2, "shops": 1, "food": 0, "comp": 0, "offices": 3}}, {"type": "Feature", "geometry": {"type": "Polygon", "coordinates": [[[23.58521281446211, 46.74644089112465], [23.58849023040296, 46.74644089112465], [23.58849023040296, 46.748686669062124], [23.58521281446211, 46.748686669062124], [23.58521281446211, 46.74644089112465]]]}, "properties": {"score": 22, "res500": 5404, "transit": 0, "shops": 1, "food": 0, "comp": 0, "offices": 5}}, {"type": "Feature", "geometry": {"type": "Polygon", "coordinates": [[[23.58849023040296, 46.74644089112465], [23.59176764634381, 46.74644089112465], [23.59176764634381, 46.748686669062124], [23.58849023040296, 46.748686669062124], [23.58849023040296, 46.74644089112465]]]}, "properties": {"score": 34, "res500": 5053, "transit": 3, "shops": 9, "food": 2, "comp": 0, "offices": 7}}, {"type": "Feature", "geometry": {"type": "Polygon", "coordinates": [[[23.59176764634381, 46.74644089112465], [23.59504506228466, 46.74644089112465], [23.59504506228466, 46.748686669062124], [23.59176764634381, 46.748686669062124], [23.59176764634381, 46.74644089112465]]]}, "properties": {"score": 40, "res500": 5102, "transit": 4, "shops": 14, "food": 4, "comp": 0, "offices": 11}}, {"type": "Feature", "geometry": {"type": "Polygon", "coordinates": [[[23.59504506228466, 46.74644089112465], [23.598322478225512, 46.74644089112465], [23.598322478225512, 46.748686669062124], [23.59504506228466, 46.748686669062124], [23.59504506228466, 46.74644089112465]]]}, "properties": {"score": 34, "res500": 5476, "transit": 3, "shops": 7, "food": 3, "comp": 1, "offices": 8}}, {"type": "Feature", "geometry": {"type": "Polygon", "coordinates": [[[23.598322478225512, 46.74644089112465], [23.601599894166363, 46.74644089112465], [23.601599894166363, 46.748686669062124], [23.598322478225512, 46.748686669062124], [23.598322478225512, 46.74644089112465]]]}, "properties": {"score": 34, "res500": 5831, "transit": 4, "shops": 10, "food": 3, "comp": 3, "offices": 4}}, {"type": "Feature", "geometry": {"type": "Polygon", "coordinates": [[[23.601599894166363, 46.74644089112465], [23.604877310107213, 46.74644089112465], [23.604877310107213, 46.748686669062124], [23.601599894166363, 46.748686669062124], [23.601599894166363, 46.74644089112465]]]}, "properties": {"score": 35, "res500": 6218, "transit": 3, "shops": 6, "food": 3, "comp": 0, "offices": 6}}, {"type": "Feature", "geometry": {"type": "Polygon", "coordinates": [[[23.604877310107213, 46.74644089112465], [23.608154726048063, 46.74644089112465], [23.608154726048063, 46.748686669062124], [23.604877310107213, 46.748686669062124], [23.604877310107213, 46.74644089112465]]]}, "properties": {"score": 17, "res500": 2740, "transit": 1, "shops": 2, "food": 3, "comp": 0, "offices": 4}}, {"type": "Feature", "geometry": {"type": "Polygon", "coordinates": [[[23.608154726048063, 46.74644089112465], [23.611432141988914, 46.74644089112465], [23.611432141988914, 46.748686669062124], [23.608154726048063, 46.748686669062124], [23.608154726048063, 46.74644089112465]]]}, "properties": {"score": 10, "res500": 1317, "transit": 0, "shops": 0, "food": 3, "comp": 0, "offices": 4}}, {"type": "Feature", "geometry": {"type": "Polygon", "coordinates": [[[23.611432141988914, 46.74644089112465], [23.614709557929764, 46.74644089112465], [23.614709557929764, 46.748686669062124], [23.611432141988914, 46.748686669062124], [23.611432141988914, 46.74644089112465]]]}, "properties": {"score": 4, "res500": 650, "transit": 0, "shops": 0, "food": 1, "comp": 0, "offices": 1}}, {"type": "Feature", "geometry": {"type": "Polygon", "coordinates": [[[23.617986973870615, 46.74644089112465], [23.621264389811465, 46.74644089112465], [23.621264389811465, 46.748686669062124], [23.617986973870615, 46.748686669062124], [23.617986973870615, 46.74644089112465]]]}, "properties": {"score": 2, "res500": 231, "transit": 0, "shops": 0, "food": 0, "comp": 0, "offices": 0}}, {"type": "Feature", "geometry": {"type": "Polygon", "coordinates": [[[23.621264389811465, 46.74644089112465], [23.624541805752315, 46.74644089112465], [23.624541805752315, 46.748686669062124], [23.621264389811465, 46.748686669062124], [23.621264389811465, 46.74644089112465]]]}, "properties": {"score": 2, "res500": 344, "transit": 0, "shops": 0, "food": 0, "comp": 0, "offices": 0}}, {"type": "Feature", "geometry": {"type": "Polygon", "coordinates": [[[23.624541805752315, 46.74644089112465], [23.627819221693166, 46.74644089112465], [23.627819221693166, 46.748686669062124], [23.624541805752315, 46.748686669062124], [23.624541805752315, 46.74644089112465]]]}, "properties": {"score": 3, "res500": 596, "transit": 0, "shops": 0, "food": 0, "comp": 0, "offices": 0}}, {"type": "Feature", "geometry": {"type": "Polygon", "coordinates": [[[23.627819221693166, 46.74644089112465], [23.631096637634016, 46.74644089112465], [23.631096637634016, 46.748686669062124], [23.627819221693166, 46.748686669062124], [23.627819221693166, 46.74644089112465]]]}, "properties": {"score": 4, "res500": 862, "transit": 0, "shops": 0, "food": 0, "comp": 0, "offices": 0}}, {"type": "Feature", "geometry": {"type": "Polygon", "coordinates": [[[23.631096637634016, 46.74644089112465], [23.634374053574867, 46.74644089112465], [23.634374053574867, 46.748686669062124], [23.631096637634016, 46.748686669062124], [23.631096637634016, 46.74644089112465]]]}, "properties": {"score": 5, "res500": 1242, "transit": 0, "shops": 0, "food": 0, "comp": 0, "offices": 0}}, {"type": "Feature", "geometry": {"type": "Polygon", "coordinates": [[[23.634374053574867, 46.74644089112465], [23.637651469515717, 46.74644089112465], [23.637651469515717, 46.748686669062124], [23.634374053574867, 46.748686669062124], [23.634374053574867, 46.74644089112465]]]}, "properties": {"score": 5, "res500": 1270, "transit": 0, "shops": 0, "food": 0, "comp": 0, "offices": 0}}, {"type": "Feature", "geometry": {"type": "Polygon", "coordinates": [[[23.637651469515717, 46.74644089112465], [23.640928885456567, 46.74644089112465], [23.640928885456567, 46.748686669062124], [23.637651469515717, 46.748686669062124], [23.637651469515717, 46.74644089112465]]]}, "properties": {"score": 7, "res500": 1143, "transit": 1, "shops": 0, "food": 0, "comp": 0, "offices": 0}}, {"type": "Feature", "geometry": {"type": "Polygon", "coordinates": [[[23.640928885456567, 46.74644089112465], [23.644206301397418, 46.74644089112465], [23.644206301397418, 46.748686669062124], [23.640928885456567, 46.748686669062124], [23.640928885456567, 46.74644089112465]]]}, "properties": {"score": 4, "res500": 1064, "transit": 0, "shops": 2, "food": 0, "comp": 0, "offices": 0}}, {"type": "Feature", "geometry": {"type": "Polygon", "coordinates": [[[23.644206301397418, 46.74644089112465], [23.647483717338268, 46.74644089112465], [23.647483717338268, 46.748686669062124], [23.644206301397418, 46.748686669062124], [23.644206301397418, 46.74644089112465]]]}, "properties": {"score": 10, "res500": 1063, "transit": 2, "shops": 2, "food": 0, "comp": 0, "offices": 0}}, {"type": "Feature", "geometry": {"type": "Polygon", "coordinates": [[[23.647483717338268, 46.74644089112465], [23.65076113327912, 46.74644089112465], [23.65076113327912, 46.748686669062124], [23.647483717338268, 46.748686669062124], [23.647483717338268, 46.74644089112465]]]}, "properties": {"score": 10, "res500": 1109, "transit": 2, "shops": 0, "food": 0, "comp": 0, "offices": 0}}, {"type": "Feature", "geometry": {"type": "Polygon", "coordinates": [[[23.65076113327912, 46.74644089112465], [23.65403854921997, 46.74644089112465], [23.65403854921997, 46.748686669062124], [23.65076113327912, 46.748686669062124], [23.65076113327912, 46.74644089112465]]]}, "properties": {"score": 4, "res500": 700, "transit": 0, "shops": 0, "food": 0, "comp": 0, "offices": 0}}, {"type": "Feature", "geometry": {"type": "Polygon", "coordinates": [[[23.5, 46.748686669062124], [23.50327755249152, 46.748686669062124], [23.50327755249152, 46.7509324469996], [23.5, 46.7509324469996], [23.5, 46.748686669062124]]]}, "properties": {"score": 14, "res500": 3970, "transit": 0, "shops": 0, "food": 2, "comp": 0, "offices": 0}}, {"type": "Feature", "geometry": {"type": "Polygon", "coordinates": [[[23.50327755249152, 46.748686669062124], [23.506555104983043, 46.748686669062124], [23.506555104983043, 46.7509324469996], [23.50327755249152, 46.7509324469996], [23.50327755249152, 46.748686669062124]]]}, "properties": {"score": 21, "res500": 4842, "transit": 2, "shops": 1, "food": 2, "comp": 1, "offices": 0}}, {"type": "Feature", "geometry": {"type": "Polygon", "coordinates": [[[23.506555104983043, 46.748686669062124], [23.509832657474565, 46.748686669062124], [23.509832657474565, 46.7509324469996], [23.506555104983043, 46.7509324469996], [23.506555104983043, 46.748686669062124]]]}, "properties": {"score": 13, "res500": 3555, "transit": 0, "shops": 1, "food": 1, "comp": 0, "offices": 0}}, {"type": "Feature", "geometry": {"type": "Polygon", "coordinates": [[[23.509832657474565, 46.748686669062124], [23.513110209966086, 46.748686669062124], [23.513110209966086, 46.7509324469996], [23.509832657474565, 46.7509324469996], [23.509832657474565, 46.748686669062124]]]}, "properties": {"score": 10, "res500": 2632, "transit": 0, "shops": 0, "food": 0, "comp": 0, "offices": 0}}, {"type": "Feature", "geometry": {"type": "Polygon", "coordinates": [[[23.513110209966086, 46.748686669062124], [23.516387762457608, 46.748686669062124], [23.516387762457608, 46.7509324469996], [23.513110209966086, 46.7509324469996], [23.513110209966086, 46.748686669062124]]]}, "properties": {"score": 9, "res500": 2177, "transit": 0, "shops": 1, "food": 0, "comp": 0, "offices": 2}}, {"type": "Feature", "geometry": {"type": "Polygon", "coordinates": [[[23.516387762457608, 46.748686669062124], [23.51966531494913, 46.748686669062124], [23.51966531494913, 46.7509324469996], [23.516387762457608, 46.7509324469996], [23.516387762457608, 46.748686669062124]]]}, "properties": {"score": 17, "res500": 3010, "transit": 1, "shops": 9, "food": 0, "comp": 0, "offices": 4}}, {"type": "Feature", "geometry": {"type": "Polygon", "coordinates": [[[23.51966531494913, 46.748686669062124], [23.52294286744065, 46.748686669062124], [23.52294286744065, 46.7509324469996], [23.51966531494913, 46.7509324469996], [23.51966531494913, 46.748686669062124]]]}, "properties": {"score": 20, "res500": 3433, "transit": 1, "shops": 11, "food": 1, "comp": 0, "offices": 4}}, {"type": "Feature", "geometry": {"type": "Polygon", "coordinates": [[[23.52294286744065, 46.748686669062124], [23.526220419932173, 46.748686669062124], [23.526220419932173, 46.7509324469996], [23.52294286744065, 46.7509324469996], [23.52294286744065, 46.748686669062124]]]}, "properties": {"score": 15, "res500": 3399, "transit": 0, "shops": 4, "food": 1, "comp": 0, "offices": 4}}, {"type": "Feature", "geometry": {"type": "Polygon", "coordinates": [[[23.526220419932173, 46.748686669062124], [23.529497972423695, 46.748686669062124], [23.529497972423695, 46.7509324469996], [23.526220419932173, 46.7509324469996], [23.526220419932173, 46.748686669062124]]]}, "properties": {"score": 25, "res500": 3074, "transit": 0, "shops": 13, "food": 14, "comp": 0, "offices": 3}}, {"type": "Feature", "geometry": {"type": "Polygon", "coordinates": [[[23.529497972423695, 46.748686669062124], [23.532775524915216, 46.748686669062124], [23.532775524915216, 46.7509324469996], [23.529497972423695, 46.7509324469996], [23.529497972423695, 46.748686669062124]]]}, "properties": {"score": 24, "res500": 2778, "transit": 0, "shops": 55, "food": 18, "comp": 13, "offices": 1}}, {"type": "Feature", "geometry": {"type": "Polygon", "coordinates": [[[23.532775524915216, 46.748686669062124], [23.536053077406738, 46.748686669062124], [23.536053077406738, 46.7509324469996], [23.532775524915216, 46.7509324469996], [23.532775524915216, 46.748686669062124]]]}, "properties": {"score": 21, "res500": 1663, "transit": 0, "shops": 55, "food": 18, "comp": 8, "offices": 1}}, {"type": "Feature", "geometry": {"type": "Polygon", "coordinates": [[[23.536053077406738, 46.748686669062124], [23.53933062989826, 46.748686669062124], [23.53933062989826, 46.7509324469996], [23.536053077406738, 46.7509324469996], [23.536053077406738, 46.748686669062124]]]}, "properties": {"score": 9, "res500": 1191, "transit": 0, "shops": 2, "food": 3, "comp": 0, "offices": 1}}, {"type": "Feature", "geometry": {"type": "Polygon", "coordinates": [[[23.53933062989826, 46.748686669062124], [23.54260818238978, 46.748686669062124], [23.54260818238978, 46.7509324469996], [23.53933062989826, 46.7509324469996], [23.53933062989826, 46.748686669062124]]]}, "properties": {"score": 18, "res500": 2176, "transit": 3, "shops": 0, "food": 1, "comp": 0, "offices": 0}}, {"type": "Feature", "geometry": {"type": "Polygon", "coordinates": [[[23.54260818238978, 46.748686669062124], [23.545885734881303, 46.748686669062124], [23.545885734881303, 46.7509324469996], [23.54260818238978, 46.7509324469996], [23.54260818238978, 46.748686669062124]]]}, "properties": {"score": 32, "res500": 3534, "transit": 10, "shops": 5, "food": 1, "comp": 0, "offices": 1}}, {"type": "Feature", "geometry": {"type": "Polygon", "coordinates": [[[23.545885734881303, 46.748686669062124], [23.549163287372824, 46.748686669062124], [23.549163287372824, 46.7509324469996], [23.545885734881303, 46.7509324469996], [23.545885734881303, 46.748686669062124]]]}, "properties": {"score": 31, "res500": 4485, "transit": 4, "shops": 5, "food": 0, "comp": 0, "offices": 1}}, {"type": "Feature", "geometry": {"type": "Polygon", "coordinates": [[[23.549163287372824, 46.748686669062124], [23.552440839864346, 46.748686669062124], [23.552440839864346, 46.7509324469996], [23.549163287372824, 46.7509324469996], [23.549163287372824, 46.748686669062124]]]}, "properties": {"score": 24, "res500": 5328, "transit": 0, "shops": 6, "food": 0, "comp": 0, "offices": 0}}, {"type": "Feature", "geometry": {"type": "Polygon", "coordinates": [[[23.552440839864346, 46.748686669062124], [23.555718392355868, 46.748686669062124], [23.555718392355868, 46.7509324469996], [23.552440839864346, 46.7509324469996], [23.552440839864346, 46.748686669062124]]]}, "properties": {"score": 32, "res500": 7321, "transit": 0, "shops": 8, "food": 1, "comp": 0, "offices": 0}}, {"type": "Feature", "geometry": {"type": "Polygon", "coordinates": [[[23.555718392355868, 46.748686669062124], [23.55899594484739, 46.748686669062124], [23.55899594484739, 46.7509324469996], [23.555718392355868, 46.7509324469996], [23.555718392355868, 46.748686669062124]]]}, "properties": {"score": 44, "res500": 10016, "transit": 1, "shops": 7, "food": 2, "comp": 1, "offices": 0}}, {"type": "Feature", "geometry": {"type": "Polygon", "coordinates": [[[23.55899594484739, 46.748686669062124], [23.56227349733891, 46.748686669062124], [23.56227349733891, 46.7509324469996], [23.55899594484739, 46.7509324469996], [23.55899594484739, 46.748686669062124]]]}, "properties": {"score": 52, "res500": 10056, "transit": 2, "shops": 13, "food": 3, "comp": 1, "offices": 1}}, {"type": "Feature", "geometry": {"type": "Polygon", "coordinates": [[[23.56227349733891, 46.748686669062124], [23.565551049830432, 46.748686669062124], [23.565551049830432, 46.7509324469996], [23.56227349733891, 46.7509324469996], [23.56227349733891, 46.748686669062124]]]}, "properties": {"score": 53, "res500": 7889, "transit": 5, "shops": 14, "food": 3, "comp": 1, "offices": 1}}, {"type": "Feature", "geometry": {"type": "Polygon", "coordinates": [[[23.565551049830432, 46.748686669062124], [23.568828602321954, 46.748686669062124], [23.568828602321954, 46.7509324469996], [23.565551049830432, 46.7509324469996], [23.565551049830432, 46.748686669062124]]]}, "properties": {"score": 33, "res500": 5838, "transit": 2, "shops": 2, "food": 1, "comp": 0, "offices": 2}}, {"type": "Feature", "geometry": {"type": "Polygon", "coordinates": [[[23.568828602321954, 46.748686669062124], [23.572106154813476, 46.748686669062124], [23.572106154813476, 46.7509324469996], [23.568828602321954, 46.7509324469996], [23.568828602321954, 46.748686669062124]]]}, "properties": {"score": 26, "res500": 3810, "transit": 2, "shops": 5, "food": 0, "comp": 0, "offices": 2}}, {"type": "Feature", "geometry": {"type": "Polygon", "coordinates": [[[23.572106154813476, 46.748686669062124], [23.575383707304997, 46.748686669062124], [23.575383707304997, 46.7509324469996], [23.572106154813476, 46.7509324469996], [23.572106154813476, 46.748686669062124]]]}, "properties": {"score": 26, "res500": 4413, "transit": 2, "shops": 5, "food": 0, "comp": 0, "offices": 1}}, {"type": "Feature", "geometry": {"type": "Polygon", "coordinates": [[[23.575383707304997, 46.748686669062124], [23.57866125979652, 46.748686669062124], [23.57866125979652, 46.7509324469996], [23.575383707304997, 46.7509324469996], [23.575383707304997, 46.748686669062124]]]}, "properties": {"score": 29, "res500": 5535, "transit": 2, "shops": 4, "food": 0, "comp": 0, "offices": 4}}, {"type": "Feature", "geometry": {"type": "Polygon", "coordinates": [[[23.57866125979652, 46.748686669062124], [23.58193881228804, 46.748686669062124], [23.58193881228804, 46.7509324469996], [23.57866125979652, 46.7509324469996], [23.57866125979652, 46.748686669062124]]]}, "properties": {"score": 31, "res500": 5516, "transit": 2, "shops": 3, "food": 2, "comp": 0, "offices": 4}}, {"type": "Feature", "geometry": {"type": "Polygon", "coordinates": [[[23.58193881228804, 46.748686669062124], [23.585216364779562, 46.748686669062124], [23.585216364779562, 46.7509324469996], [23.58193881228804, 46.7509324469996], [23.58193881228804, 46.748686669062124]]]}, "properties": {"score": 29, "res500": 5295, "transit": 2, "shops": 3, "food": 2, "comp": 0, "offices": 5}}, {"type": "Feature", "geometry": {"type": "Polygon", "coordinates": [[[23.585216364779562, 46.748686669062124], [23.588493917271084, 46.748686669062124], [23.588493917271084, 46.7509324469996], [23.585216364779562, 46.7509324469996], [23.585216364779562, 46.748686669062124]]]}, "properties": {"score": 24, "res500": 5275, "transit": 0, "shops": 3, "food": 2, "comp": 0, "offices": 4}}, {"type": "Feature", "geometry": {"type": "Polygon", "coordinates": [[[23.588493917271084, 46.748686669062124], [23.591771469762605, 46.748686669062124], [23.591771469762605, 46.7509324469996], [23.588493917271084, 46.7509324469996], [23.588493917271084, 46.748686669062124]]]}, "properties": {"score": 21, "res500": 4157, "transit": 0, "shops": 7, "food": 1, "comp": 0, "offices": 4}}, {"type": "Feature", "geometry": {"type": "Polygon", "coordinates": [[[23.591771469762605, 46.748686669062124], [23.595049022254127, 46.748686669062124], [23.595049022254127, 46.7509324469996], [23.591771469762605, 46.7509324469996], [23.591771469762605, 46.748686669062124]]]}, "properties": {"score": 34, "res500": 5008, "transit": 2, "shops": 11, "food": 4, "comp": 1, "offices": 9}}, {"type": "Feature", "geometry": {"type": "Polygon", "coordinates": [[[23.595049022254127, 46.748686669062124], [23.59832657474565, 46.748686669062124], [23.59832657474565, 46.7509324469996], [23.595049022254127, 46.7509324469996], [23.595049022254127, 46.748686669062124]]]}, "properties": {"score": 49, "res500": 8004, "transit": 4, "shops": 13, "food": 5, "comp": 1, "offices": 9}}, {"type": "Feature", "geometry": {"type": "Polygon", "coordinates": [[[23.59832657474565, 46.748686669062124], [23.60160412723717, 46.748686669062124], [23.60160412723717, 46.7509324469996], [23.59832657474565, 46.7509324469996], [23.59832657474565, 46.748686669062124]]]}, "properties": {"score": 41, "res500": 7950, "transit": 3, "shops": 12, "food": 3, "comp": 2, "offices": 9}}, {"type": "Feature", "geometry": {"type": "Polygon", "coordinates": [[[23.60160412723717, 46.748686669062124], [23.604881679728692, 46.748686669062124], [23.604881679728692, 46.7509324469996], [23.60160412723717, 46.7509324469996], [23.60160412723717, 46.748686669062124]]]}, "properties": {"score": 41, "res500": 7379, "transit": 4, "shops": 11, "food": 4, "comp": 2, "offices": 7}}, {"type": "Feature", "geometry": {"type": "Polygon", "coordinates": [[[23.604881679728692, 46.748686669062124], [23.608159232220213, 46.748686669062124], [23.608159232220213, 46.7509324469996], [23.604881679728692, 46.7509324469996], [23.604881679728692, 46.748686669062124]]]}, "properties": {"score": 27, "res500": 5317, "transit": 2, "shops": 8, "food": 3, "comp": 3, "offices": 7}}, {"type": "Feature", "geometry": {"type": "Polygon", "coordinates": [[[23.608159232220213, 46.748686669062124], [23.611436784711735, 46.748686669062124], [23.611436784711735, 46.7509324469996], [23.608159232220213, 46.7509324469996], [23.608159232220213, 46.748686669062124]]]}, "properties": {"score": 13, "res500": 2327, "transit": 1, "shops": 4, "food": 3, "comp": 3, "offices": 4}}, {"type": "Feature", "geometry": {"type": "Polygon", "coordinates": [[[23.611436784711735, 46.748686669062124], [23.614714337203257, 46.748686669062124], [23.614714337203257, 46.7509324469996], [23.611436784711735, 46.7509324469996], [23.611436784711735, 46.748686669062124]]]}, "properties": {"score": 8, "res500": 1416, "transit": 0, "shops": 0, "food": 1, "comp": 0, "offices": 4}}, {"type": "Feature", "geometry": {"type": "Polygon", "coordinates": [[[23.614714337203257, 46.748686669062124], [23.61799188969478, 46.748686669062124], [23.61799188969478, 46.7509324469996], [23.614714337203257, 46.7509324469996], [23.614714337203257, 46.748686669062124]]]}, "properties": {"score": 5, "res500": 832, "transit": 0, "shops": 0, "food": 0, "comp": 0, "offices": 1}}, {"type": "Feature", "geometry": {"type": "Polygon", "coordinates": [[[23.61799188969478, 46.748686669062124], [23.6212694421863, 46.748686669062124], [23.6212694421863, 46.7509324469996], [23.61799188969478, 46.7509324469996], [23.61799188969478, 46.748686669062124]]]}, "properties": {"score": 4, "res500": 769, "transit": 0, "shops": 0, "food": 0, "comp": 0, "offices": 0}}, {"type": "Feature", "geometry": {"type": "Polygon", "coordinates": [[[23.6212694421863, 46.748686669062124], [23.62454699467782, 46.748686669062124], [23.62454699467782, 46.7509324469996], [23.6212694421863, 46.7509324469996], [23.6212694421863, 46.748686669062124]]]}, "properties": {"score": 8, "res500": 1391, "transit": 1, "shops": 0, "food": 0, "comp": 0, "offices": 0}}, {"type": "Feature", "geometry": {"type": "Polygon", "coordinates": [[[23.62454699467782, 46.748686669062124], [23.627824547169343, 46.748686669062124], [23.627824547169343, 46.7509324469996], [23.62454699467782, 46.7509324469996], [23.62454699467782, 46.748686669062124]]]}, "properties": {"score": 9, "res500": 1834, "transit": 1, "shops": 0, "food": 0, "comp": 0, "offices": 0}}, {"type": "Feature", "geometry": {"type": "Polygon", "coordinates": [[[23.627824547169343, 46.748686669062124], [23.631102099660865, 46.748686669062124], [23.631102099660865, 46.7509324469996], [23.627824547169343, 46.7509324469996], [23.627824547169343, 46.748686669062124]]]}, "properties": {"score": 7, "res500": 1729, "transit": 0, "shops": 0, "food": 1, "comp": 0, "offices": 0}}, {"type": "Feature", "geometry": {"type": "Polygon", "coordinates": [[[23.631102099660865, 46.748686669062124], [23.634379652152386, 46.748686669062124], [23.634379652152386, 46.7509324469996], [23.631102099660865, 46.7509324469996], [23.631102099660865, 46.748686669062124]]]}, "properties": {"score": 8, "res500": 2108, "transit": 0, "shops": 0, "food": 1, "comp": 0, "offices": 0}}, {"type": "Feature", "geometry": {"type": "Polygon", "coordinates": [[[23.634379652152386, 46.748686669062124], [23.637657204643908, 46.748686669062124], [23.637657204643908, 46.7509324469996], [23.634379652152386, 46.7509324469996], [23.634379652152386, 46.748686669062124]]]}, "properties": {"score": 11, "res500": 1576, "transit": 2, "shops": 1, "food": 0, "comp": 0, "offices": 0}}, {"type": "Feature", "geometry": {"type": "Polygon", "coordinates": [[[23.637657204643908, 46.748686669062124], [23.64093475713543, 46.748686669062124], [23.64093475713543, 46.7509324469996], [23.637657204643908, 46.7509324469996], [23.637657204643908, 46.748686669062124]]]}, "properties": {"score": 10, "res500": 1279, "transit": 2, "shops": 1, "food": 0, "comp": 0, "offices": 0}}, {"type": "Feature", "geometry": {"type": "Polygon", "coordinates": [[[23.64093475713543, 46.748686669062124], [23.64421230962695, 46.748686669062124], [23.64421230962695, 46.7509324469996], [23.64093475713543, 46.7509324469996], [23.64093475713543, 46.748686669062124]]]}, "properties": {"score": 10, "res500": 1090, "transit": 2, "shops": 2, "food": 0, "comp": 0, "offices": 0}}, {"type": "Feature", "geometry": {"type": "Polygon", "coordinates": [[[23.64421230962695, 46.748686669062124], [23.647489862118473, 46.748686669062124], [23.647489862118473, 46.7509324469996], [23.64421230962695, 46.7509324469996], [23.64421230962695, 46.748686669062124]]]}, "properties": {"score": 6, "res500": 895, "transit": 1, "shops": 2, "food": 0, "comp": 0, "offices": 0}}, {"type": "Feature", "geometry": {"type": "Polygon", "coordinates": [[[23.647489862118473, 46.748686669062124], [23.650767414609994, 46.748686669062124], [23.650767414609994, 46.7509324469996], [23.647489862118473, 46.7509324469996], [23.647489862118473, 46.748686669062124]]]}, "properties": {"score": 3, "res500": 1034, "transit": 0, "shops": 0, "food": 0, "comp": 0, "offices": 0}}, {"type": "Feature", "geometry": {"type": "Polygon", "coordinates": [[[23.650767414609994, 46.748686669062124], [23.654044967101516, 46.748686669062124], [23.654044967101516, 46.7509324469996], [23.650767414609994, 46.7509324469996], [23.650767414609994, 46.748686669062124]]]}, "properties": {"score": 2, "res500": 604, "transit": 0, "shops": 0, "food": 0, "comp": 0, "offices": 0}}, {"type": "Feature", "geometry": {"type": "Polygon", "coordinates": [[[23.654044967101516, 46.748686669062124], [23.657322519593038, 46.748686669062124], [23.657322519593038, 46.7509324469996], [23.654044967101516, 46.7509324469996], [23.654044967101516, 46.748686669062124]]]}, "properties": {"score": 3, "res500": 413, "transit": 0, "shops": 0, "food": 0, "comp": 0, "offices": 0}}, {"type": "Feature", "geometry": {"type": "Polygon", "coordinates": [[[23.5, 46.7509324469996], [23.50327768905861, 46.7509324469996], [23.50327768905861, 46.75317822493707], [23.5, 46.75317822493707], [23.5, 46.7509324469996]]]}, "properties": {"score": 11, "res500": 3273, "transit": 0, "shops": 0, "food": 0, "comp": 0, "offices": 0}}, {"type": "Feature", "geometry": {"type": "Polygon", "coordinates": [[[23.50327768905861, 46.7509324469996], [23.50655537811722, 46.7509324469996], [23.50655537811722, 46.75317822493707], [23.50327768905861, 46.75317822493707], [23.50327768905861, 46.7509324469996]]]}, "properties": {"score": 12, "res500": 3474, "transit": 0, "shops": 1, "food": 0, "comp": 0, "offices": 0}}, {"type": "Feature", "geometry": {"type": "Polygon", "coordinates": [[[23.50655537811722, 46.7509324469996], [23.50983306717583, 46.7509324469996], [23.50983306717583, 46.75317822493707], [23.50655537811722, 46.75317822493707], [23.50655537811722, 46.7509324469996]]]}, "properties": {"score": 10, "res500": 2691, "transit": 0, "shops": 1, "food": 0, "comp": 0, "offices": 0}}, {"type": "Feature", "geometry": {"type": "Polygon", "coordinates": [[[23.50983306717583, 46.7509324469996], [23.51311075623444, 46.7509324469996], [23.51311075623444, 46.75317822493707], [23.50983306717583, 46.75317822493707], [23.50983306717583, 46.7509324469996]]]}, "properties": {"score": 8, "res500": 2116, "transit": 0, "shops": 0, "food": 0, "comp": 0, "offices": 0}}, {"type": "Feature", "geometry": {"type": "Polygon", "coordinates": [[[23.51311075623444, 46.7509324469996], [23.51638844529305, 46.7509324469996], [23.51638844529305, 46.75317822493707], [23.51311075623444, 46.75317822493707], [23.51311075623444, 46.7509324469996]]]}, "properties": {"score": 4, "res500": 821, "transit": 0, "shops": 0, "food": 0, "comp": 0, "offices": 0}}, {"type": "Feature", "geometry": {"type": "Polygon", "coordinates": [[[23.51638844529305, 46.7509324469996], [23.51966613435166, 46.7509324469996], [23.51966613435166, 46.75317822493707], [23.51638844529305, 46.75317822493707], [23.51638844529305, 46.7509324469996]]]}, "properties": {"score": 12, "res500": 1786, "transit": 1, "shops": 5, "food": 0, "comp": 0, "offices": 4}}, {"type": "Feature", "geometry": {"type": "Polygon", "coordinates": [[[23.51966613435166, 46.7509324469996], [23.52294382341027, 46.7509324469996], [23.52294382341027, 46.75317822493707], [23.51966613435166, 46.75317822493707], [23.51966613435166, 46.7509324469996]]]}, "properties": {"score": 15, "res500": 2521, "transit": 1, "shops": 4, "food": 1, "comp": 0, "offices": 4}}, {"type": "Feature", "geometry": {"type": "Polygon", "coordinates": [[[23.52294382341027, 46.7509324469996], [23.52622151246888, 46.7509324469996], [23.52622151246888, 46.75317822493707], [23.52294382341027, 46.75317822493707], [23.52294382341027, 46.7509324469996]]]}, "properties": {"score": 15, "res500": 2381, "transit": 2, "shops": 4, "food": 1, "comp": 1, "offices": 3}}, {"type": "Feature", "geometry": {"type": "Polygon", "coordinates": [[[23.52622151246888, 46.7509324469996], [23.52949920152749, 46.7509324469996], [23.52949920152749, 46.75317822493707], [23.52622151246888, 46.75317822493707], [23.52622151246888, 46.7509324469996]]]}, "properties": {"score": 17, "res500": 1943, "transit": 2, "shops": 3, "food": 7, "comp": 1, "offices": 3}}, {"type": "Feature", "geometry": {"type": "Polygon", "coordinates": [[[23.52949920152749, 46.7509324469996], [23.5327768905861, 46.7509324469996], [23.5327768905861, 46.75317822493707], [23.52949920152749, 46.75317822493707], [23.52949920152749, 46.7509324469996]]]}, "properties": {"score": 29, "res500": 1343, "transit": 2, "shops": 54, "food": 19, "comp": 5, "offices": 3}}, {"type": "Feature", "geometry": {"type": "Polygon", "coordinates": [[[23.5327768905861, 46.7509324469996], [23.53605457964471, 46.7509324469996], [23.53605457964471, 46.75317822493707], [23.5327768905861, 46.75317822493707], [23.5327768905861, 46.7509324469996]]]}, "properties": {"score": 26, "res500": 660, "transit": 2, "shops": 57, "food": 16, "comp": 5, "offices": 3}}, {"type": "Feature", "geometry": {"type": "Polygon", "coordinates": [[[23.53605457964471, 46.7509324469996], [23.53933226870332, 46.7509324469996], [23.53933226870332, 46.75317822493707], [23.53605457964471, 46.75317822493707], [23.53605457964471, 46.7509324469996]]]}, "properties": {"score": 14, "res500": 1222, "transit": 0, "shops": 9, "food": 6, "comp": 0, "offices": 3}}, {"type": "Feature", "geometry": {"type": "Polygon", "coordinates": [[[23.53933226870332, 46.7509324469996], [23.54260995776193, 46.7509324469996], [23.54260995776193, 46.75317822493707], [23.53933226870332, 46.75317822493707], [23.53933226870332, 46.7509324469996]]]}, "properties": {"score": 31, "res500": 3586, "transit": 10, "shops": 3, "food": 1, "comp": 0, "offices": 1}}, {"type": "Feature", "geometry": {"type": "Polygon", "coordinates": [[[23.54260995776193, 46.7509324469996], [23.54588764682054, 46.7509324469996], [23.54588764682054, 46.75317822493707], [23.54260995776193, 46.75317822493707], [23.54260995776193, 46.7509324469996]]]}, "properties": {"score": 40, "res500": 5921, "transit": 12, "shops": 9, "food": 1, "comp": 1, "offices": 1}}, {"type": "Feature", "geometry": {"type": "Polygon", "coordinates": [[[23.54588764682054, 46.7509324469996], [23.54916533587915, 46.7509324469996], [23.54916533587915, 46.75317822493707], [23.54588764682054, 46.75317822493707], [23.54588764682054, 46.7509324469996]]]}, "properties": {"score": 52, "res500": 7207, "transit": 7, "shops": 14, "food": 3, "comp": 0, "offices": 2}}, {"type": "Feature", "geometry": {"type": "Polygon", "coordinates": [[[23.54916533587915, 46.7509324469996], [23.55244302493776, 46.7509324469996], [23.55244302493776, 46.75317822493707], [23.54916533587915, 46.75317822493707], [23.54916533587915, 46.7509324469996]]]}, "properties": {"score": 49, "res500": 9053, "transit": 2, "shops": 17, "food": 4, "comp": 0, "offices": 3}}, {"type": "Feature", "geometry": {"type": "Polygon", "coordinates": [[[23.55244302493776, 46.7509324469996], [23.55572071399637, 46.7509324469996], [23.55572071399637, 46.75317822493707], [23.55244302493776, 46.75317822493707], [23.55244302493776, 46.7509324469996]]]}, "properties": {"score": 67, "res500": 11161, "transit": 4, "shops": 34, "food": 6, "comp": 0, "offices": 2}}, {"type": "Feature", "geometry": {"type": "Polygon", "coordinates": [[[23.55572071399637, 46.7509324469996], [23.55899840305498, 46.7509324469996], [23.55899840305498, 46.75317822493707], [23.55572071399637, 46.75317822493707], [23.55572071399637, 46.7509324469996]]]}, "properties": {"score": 64, "res500": 14160, "transit": 2, "shops": 28, "food": 9, "comp": 0, "offices": 2}}, {"type": "Feature", "geometry": {"type": "Polygon", "coordinates": [[[23.55899840305498, 46.7509324469996], [23.56227609211359, 46.7509324469996], [23.56227609211359, 46.75317822493707], [23.55899840305498, 46.75317822493707], [23.55899840305498, 46.7509324469996]]]}, "properties": {"score": 59, "res500": 14162, "transit": 2, "shops": 19, "food": 9, "comp": 1, "offices": 2}}, {"type": "Feature", "geometry": {"type": "Polygon", "coordinates": [[[23.56227609211359, 46.7509324469996], [23.5655537811722, 46.7509324469996], [23.5655537811722, 46.75317822493707], [23.56227609211359, 46.75317822493707], [23.56227609211359, 46.7509324469996]]]}, "properties": {"score": 56, "res500": 10079, "transit": 2, "shops": 21, "food": 4, "comp": 2, "offices": 3}}, {"type": "Feature", "geometry": {"type": "Polygon", "coordinates": [[[23.5655537811722, 46.7509324469996], [23.56883147023081, 46.7509324469996], [23.56883147023081, 46.75317822493707], [23.5655537811722, 46.75317822493707], [23.5655537811722, 46.7509324469996]]]}, "properties": {"score": 45, "res500": 5492, "transit": 4, "shops": 11, "food": 2, "comp": 0, "offices": 3}}, {"type": "Feature", "geometry": {"type": "Polygon", "coordinates": [[[23.56883147023081, 46.7509324469996], [23.57210915928942, 46.7509324469996], [23.57210915928942, 46.75317822493707], [23.56883147023081, 46.75317822493707], [23.56883147023081, 46.7509324469996]]]}, "properties": {"score": 26, "res500": 4837, "transit": 1, "shops": 4, "food": 0, "comp": 0, "offices": 4}}, {"type": "Feature", "geometry": {"type": "Polygon", "coordinates": [[[23.57210915928942, 46.7509324469996], [23.57538684834803, 46.7509324469996], [23.57538684834803, 46.75317822493707], [23.57210915928942, 46.75317822493707], [23.57210915928942, 46.7509324469996]]]}, "properties": {"score": 28, "res500": 5679, "transit": 1, "shops": 3, "food": 1, "comp": 0, "offices": 3}}, {"type": "Feature", "geometry": {"type": "Polygon", "coordinates": [[[23.57538684834803, 46.7509324469996], [23.578664537406638, 46.7509324469996], [23.578664537406638, 46.75317822493707], [23.57538684834803, 46.75317822493707], [23.57538684834803, 46.7509324469996]]]}, "properties": {"score": 41, "res500": 7725, "transit": 3, "shops": 4, "food": 4, "comp": 0, "offices": 5}}, {"type": "Feature", "geometry": {"type": "Polygon", "coordinates": [[[23.578664537406638, 46.7509324469996], [23.581942226465248, 46.7509324469996], [23.581942226465248, 46.75317822493707], [23.578664537406638, 46.75317822493707], [23.578664537406638, 46.7509324469996]]]}, "properties": {"score": 42, "res500": 7206, "transit": 3, "shops": 8, "food": 3, "comp": 0, "offices": 6}}, {"type": "Feature", "geometry": {"type": "Polygon", "coordinates": [[[23.581942226465248, 46.7509324469996], [23.585219915523858, 46.7509324469996], [23.585219915523858, 46.75317822493707], [23.581942226465248, 46.75317822493707], [23.581942226465248, 46.7509324469996]]]}, "properties": {"score": 34, "res500": 6599, "transit": 2, "shops": 9, "food": 5, "comp": 2, "offices": 4}}, {"type": "Feature", "geometry": {"type": "Polygon", "coordinates": [[[23.585219915523858, 46.7509324469996], [23.588497604582468, 46.7509324469996], [23.588497604582468, 46.75317822493707], [23.585219915523858, 46.75317822493707], [23.585219915523858, 46.7509324469996]]]}, "properties": {"score": 28, "res500": 5717, "transit": 0, "shops": 6, "food": 5, "comp": 0, "offices": 3}}, {"type": "Feature", "geometry": {"type": "Polygon", "coordinates": [[[23.588497604582468, 46.7509324469996], [23.591775293641078, 46.7509324469996], [23.591775293641078, 46.75317822493707], [23.588497604582468, 46.75317822493707], [23.588497604582468, 46.7509324469996]]]}, "properties": {"score": 28, "res500": 5682, "transit": 0, "shops": 1, "food": 3, "comp": 0, "offices": 8}}, {"type": "Feature", "geometry": {"type": "Polygon", "coordinates": [[[23.591775293641078, 46.7509324469996], [23.595052982699688, 46.7509324469996], [23.595052982699688, 46.75317822493707], [23.591775293641078, 46.75317822493707], [23.591775293641078, 46.7509324469996]]]}, "properties": {"score": 36, "res500": 6407, "transit": 2, "shops": 13, "food": 3, "comp": 3, "offices": 8}}, {"type": "Feature", "geometry": {"type": "Polygon", "coordinates": [[[23.595052982699688, 46.7509324469996], [23.598330671758298, 46.7509324469996], [23.598330671758298, 46.75317822493707], [23.595052982699688, 46.75317822493707], [23.595052982699688, 46.7509324469996]]]}, "properties": {"score": 43, "res500": 8097, "transit": 2, "shops": 10, "food": 3, "comp": 1, "offices": 9}}, {"type": "Feature", "geometry": {"type": "Polygon", "coordinates": [[[23.598330671758298, 46.7509324469996], [23.601608360816908, 46.7509324469996], [23.601608360816908, 46.75317822493707], [23.598330671758298, 46.75317822493707], [23.598330671758298, 46.7509324469996]]]}, "properties": {"score": 36, "res500": 8490, "transit": 0, "shops": 2, "food": 3, "comp": 0, "offices": 9}}, {"type": "Feature", "geometry": {"type": "Polygon", "coordinates": [[[23.601608360816908, 46.7509324469996], [23.604886049875518, 46.7509324469996], [23.604886049875518, 46.75317822493707], [23.601608360816908, 46.75317822493707], [23.601608360816908, 46.7509324469996]]]}, "properties": {"score": 37, "res500": 8361, "transit": 1, "shops": 7, "food": 3, "comp": 0, "offices": 6}}, {"type": "Feature", "geometry": {"type": "Polygon", "coordinates": [[[23.604886049875518, 46.7509324469996], [23.608163738934127, 46.7509324469996], [23.608163738934127, 46.75317822493707], [23.604886049875518, 46.75317822493707], [23.604886049875518, 46.7509324469996]]]}, "properties": {"score": 28, "res500": 5837, "transit": 1, "shops": 6, "food": 3, "comp": 1, "offices": 7}}, {"type": "Feature", "geometry": {"type": "Polygon", "coordinates": [[[23.608163738934127, 46.7509324469996], [23.611441427992737, 46.7509324469996], [23.611441427992737, 46.75317822493707], [23.608163738934127, 46.75317822493707], [23.608163738934127, 46.7509324469996]]]}, "properties": {"score": 27, "res500": 3558, "transit": 3, "shops": 3, "food": 3, "comp": 0, "offices": 7}}, {"type": "Feature", "geometry": {"type": "Polygon", "coordinates": [[[23.611441427992737, 46.7509324469996], [23.614719117051347, 46.7509324469996], [23.614719117051347, 46.75317822493707], [23.611441427992737, 46.75317822493707], [23.611441427992737, 46.7509324469996]]]}, "properties": {"score": 17, "res500": 2258, "transit": 2, "shops": 1, "food": 0, "comp": 0, "offices": 6}}, {"type": "Feature", "geometry": {"type": "Polygon", "coordinates": [[[23.614719117051347, 46.7509324469996], [23.617996806109957, 46.7509324469996], [23.617996806109957, 46.75317822493707], [23.614719117051347, 46.75317822493707], [23.614719117051347, 46.7509324469996]]]}, "properties": {"score": 9, "res500": 1843, "transit": 0, "shops": 0, "food": 0, "comp": 0, "offices": 2}}, {"type": "Feature", "geometry": {"type": "Polygon", "coordinates": [[[23.617996806109957, 46.7509324469996], [23.621274495168567, 46.7509324469996], [23.621274495168567, 46.75317822493707], [23.617996806109957, 46.75317822493707], [23.617996806109957, 46.7509324469996]]]}, "properties": {"score": 10, "res500": 2395, "transit": 0, "shops": 0, "food": 0, "comp": 0, "offices": 2}}, {"type": "Feature", "geometry": {"type": "Polygon", "coordinates": [[[23.621274495168567, 46.7509324469996], [23.624552184227177, 46.7509324469996], [23.624552184227177, 46.75317822493707], [23.621274495168567, 46.75317822493707], [23.621274495168567, 46.7509324469996]]]}, "properties": {"score": 13, "res500": 3099, "transit": 1, "shops": 0, "food": 0, "comp": 0, "offices": 0}}, {"type": "Feature", "geometry": {"type": "Polygon", "coordinates": [[[23.624552184227177, 46.7509324469996], [23.627829873285787, 46.7509324469996], [23.627829873285787, 46.75317822493707], [23.624552184227177, 46.75317822493707], [23.624552184227177, 46.7509324469996]]]}, "properties": {"score": 14, "res500": 3265, "transit": 1, "shops": 0, "food": 1, "comp": 0, "offices": 0}}, {"type": "Feature", "geometry": {"type": "Polygon", "coordinates": [[[23.627829873285787, 46.7509324469996], [23.631107562344397, 46.7509324469996], [23.631107562344397, 46.75317822493707], [23.627829873285787, 46.75317822493707], [23.627829873285787, 46.7509324469996]]]}, "properties": {"score": 12, "res500": 2942, "transit": 0, "shops": 7, "food": 2, "comp": 1, "offices": 0}}, {"type": "Feature", "geometry": {"type": "Polygon", "coordinates": [[[23.631107562344397, 46.7509324469996], [23.634385251403007, 46.7509324469996], [23.634385251403007, 46.75317822493707], [23.631107562344397, 46.75317822493707], [23.631107562344397, 46.7509324469996]]]}, "properties": {"score": 15, "res500": 2172, "transit": 2, "shops": 8, "food": 2, "comp": 1, "offices": 0}}, {"type": "Feature", "geometry": {"type": "Polygon", "coordinates": [[[23.634385251403007, 46.7509324469996], [23.637662940461617, 46.7509324469996], [23.637662940461617, 46.75317822493707], [23.634385251403007, 46.75317822493707], [23.634385251403007, 46.7509324469996]]]}, "properties": {"score": 12, "res500": 1454, "transit": 2, "shops": 4, "food": 1, "comp": 0, "offices": 0}}, {"type": "Feature", "geometry": {"type": "Polygon", "coordinates": [[[23.637662940461617, 46.7509324469996], [23.640940629520227, 46.7509324469996], [23.640940629520227, 46.75317822493707], [23.637662940461617, 46.75317822493707], [23.637662940461617, 46.7509324469996]]]}, "properties": {"score": 10, "res500": 1111, "transit": 2, "shops": 1, "food": 0, "comp": 0, "offices": 0}}, {"type": "Feature", "geometry": {"type": "Polygon", "coordinates": [[[23.640940629520227, 46.7509324469996], [23.644218318578837, 46.7509324469996], [23.644218318578837, 46.75317822493707], [23.640940629520227, 46.75317822493707], [23.640940629520227, 46.7509324469996]]]}, "properties": {"score": 7, "res500": 917, "transit": 1, "shops": 2, "food": 0, "comp": 0, "offices": 0}}, {"type": "Feature", "geometry": {"type": "Polygon", "coordinates": [[[23.644218318578837, 46.7509324469996], [23.647496007637447, 46.7509324469996], [23.647496007637447, 46.75317822493707], [23.644218318578837, 46.75317822493707], [23.644218318578837, 46.7509324469996]]]}, "properties": {"score": 3, "res500": 838, "transit": 0, "shops": 0, "food": 0, "comp": 0, "offices": 0}}, {"type": "Feature", "geometry": {"type": "Polygon", "coordinates": [[[23.647496007637447, 46.7509324469996], [23.650773696696056, 46.7509324469996], [23.650773696696056, 46.75317822493707], [23.647496007637447, 46.75317822493707], [23.647496007637447, 46.7509324469996]]]}, "properties": {"score": 3, "res500": 748, "transit": 0, "shops": 0, "food": 0, "comp": 0, "offices": 0}}, {"type": "Feature", "geometry": {"type": "Polygon", "coordinates": [[[23.650773696696056, 46.7509324469996], [23.654051385754666, 46.7509324469996], [23.654051385754666, 46.75317822493707], [23.650773696696056, 46.75317822493707], [23.650773696696056, 46.7509324469996]]]}, "properties": {"score": 2, "res500": 471, "transit": 0, "shops": 0, "food": 0, "comp": 0, "offices": 0}}, {"type": "Feature", "geometry": {"type": "Polygon", "coordinates": [[[23.654051385754666, 46.7509324469996], [23.657329074813276, 46.7509324469996], [23.657329074813276, 46.75317822493707], [23.654051385754666, 46.75317822493707], [23.654051385754666, 46.7509324469996]]]}, "properties": {"score": 1, "res500": 371, "transit": 0, "shops": 0, "food": 0, "comp": 0, "offices": 0}}, {"type": "Feature", "geometry": {"type": "Polygon", "coordinates": [[[23.5, 46.75317822493707], [23.50327782564211, 46.75317822493707], [23.50327782564211, 46.75542400287455], [23.5, 46.75542400287455], [23.5, 46.75317822493707]]]}, "properties": {"score": 5, "res500": 1284, "transit": 0, "shops": 0, "food": 0, "comp": 0, "offices": 0}}, {"type": "Feature", "geometry": {"type": "Polygon", "coordinates": [[[23.50327782564211, 46.75317822493707], [23.506555651284224, 46.75317822493707], [23.506555651284224, 46.75542400287455], [23.50327782564211, 46.75542400287455], [23.50327782564211, 46.75317822493707]]]}, "properties": {"score": 7, "res500": 1955, "transit": 0, "shops": 0, "food": 0, "comp": 0, "offices": 0}}, {"type": "Feature", "geometry": {"type": "Polygon", "coordinates": [[[23.506555651284224, 46.75317822493707], [23.509833476926335, 46.75317822493707], [23.509833476926335, 46.75542400287455], [23.506555651284224, 46.75542400287455], [23.506555651284224, 46.75317822493707]]]}, "properties": {"score": 7, "res500": 1904, "transit": 0, "shops": 0, "food": 0, "comp": 0, "offices": 0}}, {"type": "Feature", "geometry": {"type": "Polygon", "coordinates": [[[23.509833476926335, 46.75317822493707], [23.513111302568447, 46.75317822493707], [23.513111302568447, 46.75542400287455], [23.509833476926335, 46.75542400287455], [23.509833476926335, 46.75317822493707]]]}, "properties": {"score": 4, "res500": 812, "transit": 0, "shops": 0, "food": 0, "comp": 0, "offices": 0}}, {"type": "Feature", "geometry": {"type": "Polygon", "coordinates": [[[23.51966695385267, 46.75317822493707], [23.522944779494782, 46.75317822493707], [23.522944779494782, 46.75542400287455], [23.51966695385267, 46.75542400287455], [23.51966695385267, 46.75317822493707]]]}, "properties": {"score": 4, "res500": 614, "transit": 0, "shops": 0, "food": 0, "comp": 0, "offices": 3}}, {"type": "Feature", "geometry": {"type": "Polygon", "coordinates": [[[23.522944779494782, 46.75317822493707], [23.526222605136894, 46.75317822493707], [23.526222605136894, 46.75542400287455], [23.522944779494782, 46.75542400287455], [23.522944779494782, 46.75317822493707]]]}, "properties": {"score": 10, "res500": 878, "transit": 2, "shops": 0, "food": 1, "comp": 0, "offices": 2}}, {"type": "Feature", "geometry": {"type": "Polygon", "coordinates": [[[23.526222605136894, 46.75317822493707], [23.529500430779006, 46.75317822493707], [23.529500430779006, 46.75542400287455], [23.526222605136894, 46.75542400287455], [23.526222605136894, 46.75317822493707]]]}, "properties": {"score": 10, "res500": 805, "transit": 2, "shops": 1, "food": 2, "comp": 0, "offices": 0}}, {"type": "Feature", "geometry": {"type": "Polygon", "coordinates": [[[23.529500430779006, 46.75317822493707], [23.532778256421118, 46.75317822493707], [23.532778256421118, 46.75542400287455], [23.529500430779006, 46.75542400287455], [23.529500430779006, 46.75317822493707]]]}, "properties": {"score": 14, "res500": 73, "transit": 2, "shops": 10, "food": 7, "comp": 1, "offices": 3}}, {"type": "Feature", "geometry": {"type": "Polygon", "coordinates": [[[23.532778256421118, 46.75317822493707], [23.53605608206323, 46.75317822493707], [23.53605608206323, 46.75542400287455], [23.532778256421118, 46.75542400287455], [23.532778256421118, 46.75317822493707]]]}, "properties": {"score": 15, "res500": 283, "transit": 2, "shops": 18, "food": 7, "comp": 3, "offices": 3}}, {"type": "Feature", "geometry": {"type": "Polygon", "coordinates": [[[23.53605608206323, 46.75317822493707], [23.53933390770534, 46.75317822493707], [23.53933390770534, 46.75542400287455], [23.53605608206323, 46.75542400287455], [23.53605608206323, 46.75317822493707]]]}, "properties": {"score": 13, "res500": 1303, "transit": 1, "shops": 5, "food": 3, "comp": 1, "offices": 3}}, {"type": "Feature", "geometry": {"type": "Polygon", "coordinates": [[[23.53933390770534, 46.75317822493707], [23.542611733347453, 46.75317822493707], [23.542611733347453, 46.75542400287455], [23.53933390770534, 46.75542400287455], [23.53933390770534, 46.75317822493707]]]}, "properties": {"score": 30, "res500": 4945, "transit": 3, "shops": 2, "food": 2, "comp": 0, "offices": 3}}, {"type": "Feature", "geometry": {"type": "Polygon", "coordinates": [[[23.542611733347453, 46.75317822493707], [23.545889558989565, 46.75317822493707], [23.545889558989565, 46.75542400287455], [23.542611733347453, 46.75542400287455], [23.542611733347453, 46.75317822493707]]]}, "properties": {"score": 54, "res500": 8578, "transit": 8, "shops": 9, "food": 2, "comp": 1, "offices": 5}}, {"type": "Feature", "geometry": {"type": "Polygon", "coordinates": [[[23.545889558989565, 46.75317822493707], [23.549167384631676, 46.75317822493707], [23.549167384631676, 46.75542400287455], [23.545889558989565, 46.75542400287455], [23.545889558989565, 46.75317822493707]]]}, "properties": {"score": 58, "res500": 12040, "transit": 3, "shops": 21, "food": 4, "comp": 1, "offices": 6}}, {"type": "Feature", "geometry": {"type": "Polygon", "coordinates": [[[23.549167384631676, 46.75317822493707], [23.55244521027379, 46.75317822493707], [23.55244521027379, 46.75542400287455], [23.549167384631676, 46.75542400287455], [23.549167384631676, 46.75317822493707]]]}, "properties": {"score": 71, "res500": 13059, "transit": 5, "shops": 34, "food": 9, "comp": 2, "offices": 6}}, {"type": "Feature", "geometry": {"type": "Polygon", "coordinates": [[[23.55244521027379, 46.75317822493707], [23.5557230359159, 46.75317822493707], [23.5557230359159, 46.75542400287455], [23.55244521027379, 46.75542400287455], [23.55244521027379, 46.75317822493707]]]}, "properties": {"score": 74, "res500": 13375, "transit": 6, "shops": 53, "food": 11, "comp": 4, "offices": 2}}, {"type": "Feature", "geometry": {"type": "Polygon", "coordinates": [[[23.5557230359159, 46.75317822493707], [23.55900086155801, 46.75317822493707], [23.55900086155801, 46.75542400287455], [23.5557230359159, 46.75542400287455], [23.5557230359159, 46.75317822493707]]]}, "properties": {"score": 74, "res500": 16522, "transit": 5, "shops": 119, "food": 15, "comp": 4, "offices": 4}}, {"type": "Feature", "geometry": {"type": "Polygon", "coordinates": [[[23.55900086155801, 46.75317822493707], [23.562278687200124, 46.75317822493707], [23.562278687200124, 46.75542400287455], [23.55900086155801, 46.75542400287455], [23.55900086155801, 46.75317822493707]]]}, "properties": {"score": 64, "res500": 15276, "transit": 3, "shops": 91, "food": 12, "comp": 7, "offices": 4}}, {"type": "Feature", "geometry": {"type": "Polygon", "coordinates": [[[23.562278687200124, 46.75317822493707], [23.565556512842235, 46.75317822493707], [23.565556512842235, 46.75542400287455], [23.562278687200124, 46.75542400287455], [23.562278687200124, 46.75317822493707]]]}, "properties": {"score": 78, "res500": 11740, "transit": 6, "shops": 40, "food": 9, "comp": 2, "offices": 5}}, {"type": "Feature", "geometry": {"type": "Polygon", "coordinates": [[[23.565556512842235, 46.75317822493707], [23.568834338484347, 46.75317822493707], [23.568834338484347, 46.75542400287455], [23.565556512842235, 46.75542400287455], [23.565556512842235, 46.75317822493707]]]}, "properties": {"score": 45, "res500": 6163, "transit": 4, "shops": 11, "food": 4, "comp": 1, "offices": 3}}, {"type": "Feature", "geometry": {"type": "Polygon", "coordinates": [[[23.568834338484347, 46.75317822493707], [23.57211216412646, 46.75317822493707], [23.57211216412646, 46.75542400287455], [23.568834338484347, 46.75542400287455], [23.568834338484347, 46.75317822493707]]]}, "properties": {"score": 29, "res500": 4603, "transit": 2, "shops": 4, "food": 1, "comp": 0, "offices": 4}}, {"type": "Feature", "geometry": {"type": "Polygon", "coordinates": [[[23.57211216412646, 46.75317822493707], [23.57538998976857, 46.75317822493707], [23.57538998976857, 46.75542400287455], [23.57211216412646, 46.75542400287455], [23.57211216412646, 46.75317822493707]]]}, "properties": {"score": 34, "res500": 6873, "transit": 0, "shops": 16, "food": 4, "comp": 1, "offices": 4}}, {"type": "Feature", "geometry": {"type": "Polygon", "coordinates": [[[23.57538998976857, 46.75317822493707], [23.578667815410682, 46.75317822493707], [23.578667815410682, 46.75542400287455], [23.57538998976857, 46.75542400287455], [23.57538998976857, 46.75317822493707]]]}, "properties": {"score": 49, "res500": 8438, "transit": 3, "shops": 43, "food": 5, "comp": 4, "offices": 3}}, {"type": "Feature", "geometry": {"type": "Polygon", "coordinates": [[[23.578667815410682, 46.75317822493707], [23.581945641052794, 46.75317822493707], [23.581945641052794, 46.75542400287455], [23.578667815410682, 46.75542400287455], [23.578667815410682, 46.75317822493707]]]}, "properties": {"score": 60, "res500": 8720, "transit": 4, "shops": 43, "food": 9, "comp": 1, "offices": 7}}, {"type": "Feature", "geometry": {"type": "Polygon", "coordinates": [[[23.581945641052794, 46.75317822493707], [23.585223466694906, 46.75317822493707], [23.585223466694906, 46.75542400287455], [23.581945641052794, 46.75542400287455], [23.581945641052794, 46.75317822493707]]]}, "properties": {"score": 39, "res500": 7401, "transit": 2, "shops": 14, "food": 6, "comp": 3, "offices": 5}}, {"type": "Feature", "geometry": {"type": "Polygon", "coordinates": [[[23.585223466694906, 46.75317822493707], [23.588501292337018, 46.75317822493707], [23.588501292337018, 46.75542400287455], [23.585223466694906, 46.75542400287455], [23.585223466694906, 46.75317822493707]]]}, "properties": {"score": 32, "res500": 6444, "transit": 2, "shops": 7, "food": 6, "comp": 3, "offices": 4}}, {"type": "Feature", "geometry": {"type": "Polygon", "coordinates": [[[23.588501292337018, 46.75317822493707], [23.59177911797913, 46.75317822493707], [23.59177911797913, 46.75542400287455], [23.588501292337018, 46.75542400287455], [23.588501292337018, 46.75317822493707]]]}, "properties": {"score": 39, "res500": 5669, "transit": 1, "shops": 5, "food": 11, "comp": 0, "offices": 12}}, {"type": "Feature", "geometry": {"type": "Polygon", "coordinates": [[[23.59177911797913, 46.75317822493707], [23.59505694362124, 46.75317822493707], [23.59505694362124, 46.75542400287455], [23.59177911797913, 46.75542400287455], [23.59177911797913, 46.75317822493707]]]}, "properties": {"score": 54, "res500": 5547, "transit": 5, "shops": 14, "food": 19, "comp": 2, "offices": 11}}, {"type": "Feature", "geometry": {"type": "Polygon", "coordinates": [[[23.59505694362124, 46.75317822493707], [23.598334769263353, 46.75317822493707], [23.598334769263353, 46.75542400287455], [23.59505694362124, 46.75542400287455], [23.59505694362124, 46.75317822493707]]]}, "properties": {"score": 58, "res500": 6729, "transit": 5, "shops": 18, "food": 18, "comp": 1, "offices": 9}}, {"type": "Feature", "geometry": {"type": "Polygon", "coordinates": [[[23.598334769263353, 46.75317822493707], [23.601612594905465, 46.75317822493707], [23.601612594905465, 46.75542400287455], [23.598334769263353, 46.75542400287455], [23.598334769263353, 46.75317822493707]]]}, "properties": {"score": 38, "res500": 8083, "transit": 1, "shops": 2, "food": 2, "comp": 0, "offices": 8}}, {"type": "Feature", "geometry": {"type": "Polygon", "coordinates": [[[23.601612594905465, 46.75317822493707], [23.604890420547576, 46.75317822493707], [23.604890420547576, 46.75542400287455], [23.601612594905465, 46.75542400287455], [23.601612594905465, 46.75317822493707]]]}, "properties": {"score": 29, "res500": 7283, "transit": 0, "shops": 1, "food": 0, "comp": 0, "offices": 10}}, {"type": "Feature", "geometry": {"type": "Polygon", "coordinates": [[[23.604890420547576, 46.75317822493707], [23.60816824618969, 46.75317822493707], [23.60816824618969, 46.75542400287455], [23.604890420547576, 46.75542400287455], [23.604890420547576, 46.75317822493707]]]}, "properties": {"score": 22, "res500": 4883, "transit": 0, "shops": 2, "food": 0, "comp": 0, "offices": 10}}, {"type": "Feature", "geometry": {"type": "Polygon", "coordinates": [[[23.60816824618969, 46.75317822493707], [23.6114460718318, 46.75317822493707], [23.6114460718318, 46.75542400287455], [23.60816824618969, 46.75542400287455], [23.60816824618969, 46.75317822493707]]]}, "properties": {"score": 29, "res500": 4235, "transit": 3, "shops": 3, "food": 0, "comp": 0, "offices": 10}}, {"type": "Feature", "geometry": {"type": "Polygon", "coordinates": [[[23.6114460718318, 46.75317822493707], [23.61472389747391, 46.75317822493707], [23.61472389747391, 46.75542400287455], [23.6114460718318, 46.75542400287455], [23.6114460718318, 46.75317822493707]]]}, "properties": {"score": 28, "res500": 3206, "transit": 5, "shops": 1, "food": 0, "comp": 0, "offices": 6}}, {"type": "Feature", "geometry": {"type": "Polygon", "coordinates": [[[23.61472389747391, 46.75317822493707], [23.618001723116024, 46.75317822493707], [23.618001723116024, 46.75542400287455], [23.61472389747391, 46.75542400287455], [23.61472389747391, 46.75317822493707]]]}, "properties": {"score": 19, "res500": 3445, "transit": 2, "shops": 0, "food": 0, "comp": 0, "offices": 2}}, {"type": "Feature", "geometry": {"type": "Polygon", "coordinates": [[[23.618001723116024, 46.75317822493707], [23.621279548758135, 46.75317822493707], [23.621279548758135, 46.75542400287455], [23.618001723116024, 46.75542400287455], [23.618001723116024, 46.75317822493707]]]}, "properties": {"score": 15, "res500": 3821, "transit": 0, "shops": 1, "food": 1, "comp": 0, "offices": 2}}, {"type": "Feature", "geometry": {"type": "Polygon", "coordinates": [[[23.621279548758135, 46.75317822493707], [23.624557374400247, 46.75317822493707], [23.624557374400247, 46.75542400287455], [23.621279548758135, 46.75542400287455], [23.621279548758135, 46.75317822493707]]]}, "properties": {"score": 16, "res500": 3601, "transit": 1, "shops": 1, "food": 1, "comp": 0, "offices": 1}}, {"type": "Feature", "geometry": {"type": "Polygon", "coordinates": [[[23.624557374400247, 46.75317822493707], [23.62783520004236, 46.75317822493707], [23.62783520004236, 46.75542400287455], [23.624557374400247, 46.75542400287455], [23.624557374400247, 46.75317822493707]]]}, "properties": {"score": 22, "res500": 3660, "transit": 3, "shops": 3, "food": 2, "comp": 0, "offices": 0}}, {"type": "Feature", "geometry": {"type": "Polygon", "coordinates": [[[23.62783520004236, 46.75317822493707], [23.63111302568447, 46.75317822493707], [23.63111302568447, 46.75542400287455], [23.62783520004236, 46.75542400287455], [23.62783520004236, 46.75317822493707]]]}, "properties": {"score": 16, "res500": 2760, "transit": 2, "shops": 6, "food": 2, "comp": 1, "offices": 0}}, {"type": "Feature", "geometry": {"type": "Polygon", "coordinates": [[[23.63111302568447, 46.75317822493707], [23.634390851326582, 46.75317822493707], [23.634390851326582, 46.75542400287455], [23.63111302568447, 46.75542400287455], [23.63111302568447, 46.75317822493707]]]}, "properties": {"score": 15, "res500": 2001, "transit": 2, "shops": 8, "food": 2, "comp": 1, "offices": 0}}, {"type": "Feature", "geometry": {"type": "Polygon", "coordinates": [[[23.634390851326582, 46.75317822493707], [23.637668676968694, 46.75317822493707], [23.637668676968694, 46.75542400287455], [23.634390851326582, 46.75542400287455], [23.634390851326582, 46.75317822493707]]]}, "properties": {"score": 11, "res500": 1324, "transit": 2, "shops": 2, "food": 1, "comp": 0, "offices": 0}}, {"type": "Feature", "geometry": {"type": "Polygon", "coordinates": [[[23.637668676968694, 46.75317822493707], [23.640946502610806, 46.75317822493707], [23.640946502610806, 46.75542400287455], [23.637668676968694, 46.75542400287455], [23.637668676968694, 46.75317822493707]]]}, "properties": {"score": 3, "res500": 802, "transit": 0, "shops": 0, "food": 0, "comp": 0, "offices": 0}}, {"type": "Feature", "geometry": {"type": "Polygon", "coordinates": [[[23.640946502610806, 46.75317822493707], [23.644224328252918, 46.75317822493707], [23.644224328252918, 46.75542400287455], [23.640946502610806, 46.75542400287455], [23.640946502610806, 46.75317822493707]]]}, "properties": {"score": 1, "res500": 281, "transit": 0, "shops": 0, "food": 0, "comp": 0, "offices": 0}}, {"type": "Feature", "geometry": {"type": "Polygon", "coordinates": [[[23.644224328252918, 46.75317822493707], [23.64750215389503, 46.75317822493707], [23.64750215389503, 46.75542400287455], [23.644224328252918, 46.75542400287455], [23.644224328252918, 46.75317822493707]]]}, "properties": {"score": 1, "res500": 224, "transit": 0, "shops": 0, "food": 0, "comp": 0, "offices": 0}}, {"type": "Feature", "geometry": {"type": "Polygon", "coordinates": [[[23.64750215389503, 46.75317822493707], [23.65077997953714, 46.75317822493707], [23.65077997953714, 46.75542400287455], [23.64750215389503, 46.75542400287455], [23.64750215389503, 46.75317822493707]]]}, "properties": {"score": 2, "res500": 445, "transit": 0, "shops": 0, "food": 0, "comp": 0, "offices": 0}}, {"type": "Feature", "geometry": {"type": "Polygon", "coordinates": [[[23.65077997953714, 46.75317822493707], [23.654057805179253, 46.75317822493707], [23.654057805179253, 46.75542400287455], [23.65077997953714, 46.75542400287455], [23.65077997953714, 46.75317822493707]]]}, "properties": {"score": 1, "res500": 372, "transit": 0, "shops": 0, "food": 0, "comp": 0, "offices": 0}}, {"type": "Feature", "geometry": {"type": "Polygon", "coordinates": [[[23.654057805179253, 46.75317822493707], [23.657335630821365, 46.75317822493707], [23.657335630821365, 46.75542400287455], [23.654057805179253, 46.75542400287455], [23.654057805179253, 46.75317822493707]]]}, "properties": {"score": 1, "res500": 318, "transit": 0, "shops": 0, "food": 0, "comp": 0, "offices": 0}}, {"type": "Feature", "geometry": {"type": "Polygon", "coordinates": [[[23.5, 46.75542400287455], [23.503277962242038, 46.75542400287455], [23.503277962242038, 46.75766978081202], [23.5, 46.75766978081202], [23.5, 46.75542400287455]]]}, "properties": {"score": 2, "res500": 217, "transit": 0, "shops": 0, "food": 0, "comp": 0, "offices": 0}}, {"type": "Feature", "geometry": {"type": "Polygon", "coordinates": [[[23.503277962242038, 46.75542400287455], [23.506555924484076, 46.75542400287455], [23.506555924484076, 46.75766978081202], [23.503277962242038, 46.75766978081202], [23.503277962242038, 46.75542400287455]]]}, "properties": {"score": 2, "res500": 440, "transit": 0, "shops": 0, "food": 0, "comp": 0, "offices": 0}}, {"type": "Feature", "geometry": {"type": "Polygon", "coordinates": [[[23.506555924484076, 46.75542400287455], [23.509833886726113, 46.75542400287455], [23.509833886726113, 46.75766978081202], [23.506555924484076, 46.75766978081202], [23.506555924484076, 46.75542400287455]]]}, "properties": {"score": 2, "res500": 271, "transit": 0, "shops": 0, "food": 0, "comp": 0, "offices": 0}}, {"type": "Feature", "geometry": {"type": "Polygon", "coordinates": [[[23.532779622420378, 46.75542400287455], [23.536057584662416, 46.75542400287455], [23.536057584662416, 46.75766978081202], [23.532779622420378, 46.75766978081202], [23.532779622420378, 46.75542400287455]]]}, "properties": {"score": 11, "res500": 126, "transit": 2, "shops": 3, "food": 2, "comp": 0, "offices": 2}}, {"type": "Feature", "geometry": {"type": "Polygon", "coordinates": [[[23.536057584662416, 46.75542400287455], [23.539335546904454, 46.75542400287455], [23.539335546904454, 46.75766978081202], [23.536057584662416, 46.75766978081202], [23.536057584662416, 46.75542400287455]]]}, "properties": {"score": 13, "res500": 1138, "transit": 1, "shops": 8, "food": 2, "comp": 0, "offices": 2}}, {"type": "Feature", "geometry": {"type": "Polygon", "coordinates": [[[23.539335546904454, 46.75542400287455], [23.54261350914649, 46.75542400287455], [23.54261350914649, 46.75766978081202], [23.539335546904454, 46.75766978081202], [23.539335546904454, 46.75542400287455]]]}, "properties": {"score": 26, "res500": 4932, "transit": 1, "shops": 11, "food": 1, "comp": 0, "offices": 1}}, {"type": "Feature", "geometry": {"type": "Polygon", "coordinates": [[[23.54261350914649, 46.75542400287455], [23.54589147138853, 46.75542400287455], [23.54589147138853, 46.75766978081202], [23.54261350914649, 46.75766978081202], [23.54261350914649, 46.75542400287455]]]}, "properties": {"score": 48, "res500": 9306, "transit": 2, "shops": 12, "food": 2, "comp": 0, "offices": 5}}, {"type": "Feature", "geometry": {"type": "Polygon", "coordinates": [[[23.54589147138853, 46.75542400287455], [23.549169433630567, 46.75542400287455], [23.549169433630567, 46.75766978081202], [23.54589147138853, 46.75766978081202], [23.54589147138853, 46.75542400287455]]]}, "properties": {"score": 63, "res500": 12456, "transit": 2, "shops": 57, "food": 8, "comp": 1, "offices": 5}}, {"type": "Feature", "geometry": {"type": "Polygon", "coordinates": [[[23.549169433630567, 46.75542400287455], [23.552447395872605, 46.75542400287455], [23.552447395872605, 46.75766978081202], [23.549169433630567, 46.75766978081202], [23.549169433630567, 46.75542400287455]]]}, "properties": {"score": 64, "res500": 13223, "transit": 2, "shops": 77, "food": 13, "comp": 5, "offices": 6}}, {"type": "Feature", "geometry": {"type": "Polygon", "coordinates": [[[23.552447395872605, 46.75542400287455], [23.555725358114643, 46.75542400287455], [23.555725358114643, 46.75766978081202], [23.552447395872605, 46.75766978081202], [23.552447395872605, 46.75542400287455]]]}, "properties": {"score": 79, "res500": 13555, "transit": 7, "shops": 59, "food": 18, "comp": 3, "offices": 6}}, {"type": "Feature", "geometry": {"type": "Polygon", "coordinates": [[[23.555725358114643, 46.75542400287455], [23.55900332035668, 46.75542400287455], [23.55900332035668, 46.75766978081202], [23.555725358114643, 46.75766978081202], [23.555725358114643, 46.75542400287455]]]}, "properties": {"score": 80, "res500": 16237, "transit": 6, "shops": 107, "food": 19, "comp": 5, "offices": 4}}, {"type": "Feature", "geometry": {"type": "Polygon", "coordinates": [[[23.55900332035668, 46.75542400287455], [23.56228128259872, 46.75542400287455], [23.56228128259872, 46.75766978081202], [23.55900332035668, 46.75766978081202], [23.55900332035668, 46.75542400287455]]]}, "properties": {"score": 64, "res500": 14418, "transit": 2, "shops": 94, "food": 18, "comp": 7, "offices": 6}}, {"type": "Feature", "geometry": {"type": "Polygon", "coordinates": [[[23.56228128259872, 46.75542400287455], [23.565559244840756, 46.75542400287455], [23.565559244840756, 46.75766978081202], [23.56228128259872, 46.75766978081202], [23.56228128259872, 46.75542400287455]]]}, "properties": {"score": 61, "res500": 11438, "transit": 2, "shops": 26, "food": 14, "comp": 3, "offices": 7}}, {"type": "Feature", "geometry": {"type": "Polygon", "coordinates": [[[23.565559244840756, 46.75542400287455], [23.568837207082794, 46.75542400287455], [23.568837207082794, 46.75766978081202], [23.565559244840756, 46.75766978081202], [23.565559244840756, 46.75542400287455]]]}, "properties": {"score": 38, "res500": 6450, "transit": 2, "shops": 6, "food": 3, "comp": 2, "offices": 6}}, {"type": "Feature", "geometry": {"type": "Polygon", "coordinates": [[[23.568837207082794, 46.75542400287455], [23.57211516932483, 46.75542400287455], [23.57211516932483, 46.75766978081202], [23.568837207082794, 46.75766978081202], [23.568837207082794, 46.75542400287455]]]}, "properties": {"score": 21, "res500": 3704, "transit": 0, "shops": 1, "food": 1, "comp": 0, "offices": 3}}, {"type": "Feature", "geometry": {"type": "Polygon", "coordinates": [[[23.57211516932483, 46.75542400287455], [23.57539313156687, 46.75542400287455], [23.57539313156687, 46.75766978081202], [23.57211516932483, 46.75766978081202], [23.57211516932483, 46.75542400287455]]]}, "properties": {"score": 28, "res500": 4968, "transit": 0, "shops": 12, "food": 4, "comp": 0, "offices": 2}}, {"type": "Feature", "geometry": {"type": "Polygon", "coordinates": [[[23.57539313156687, 46.75542400287455], [23.578671093808907, 46.75542400287455], [23.578671093808907, 46.75766978081202], [23.57539313156687, 46.75766978081202], [23.57539313156687, 46.75542400287455]]]}, "properties": {"score": 38, "res500": 7141, "transit": 0, "shops": 44, "food": 5, "comp": 4, "offices": 3}}, {"type": "Feature", "geometry": {"type": "Polygon", "coordinates": [[[23.578671093808907, 46.75542400287455], [23.581949056050945, 46.75542400287455], [23.581949056050945, 46.75766978081202], [23.578671093808907, 46.75766978081202], [23.578671093808907, 46.75542400287455]]]}, "properties": {"score": 44, "res500": 7616, "transit": 0, "shops": 39, "food": 6, "comp": 1, "offices": 5}}, {"type": "Feature", "geometry": {"type": "Polygon", "coordinates": [[[23.581949056050945, 46.75542400287455], [23.585227018292983, 46.75542400287455], [23.585227018292983, 46.75766978081202], [23.581949056050945, 46.75766978081202], [23.581949056050945, 46.75542400287455]]]}, "properties": {"score": 34, "res500": 6087, "transit": 2, "shops": 10, "food": 4, "comp": 1, "offices": 3}}, {"type": "Feature", "geometry": {"type": "Polygon", "coordinates": [[[23.585227018292983, 46.75542400287455], [23.58850498053502, 46.75542400287455], [23.58850498053502, 46.75766978081202], [23.585227018292983, 46.75766978081202], [23.585227018292983, 46.75542400287455]]]}, "properties": {"score": 26, "res500": 5339, "transit": 1, "shops": 7, "food": 4, "comp": 2, "offices": 4}}, {"type": "Feature", "geometry": {"type": "Polygon", "coordinates": [[[23.58850498053502, 46.75542400287455], [23.59178294277706, 46.75542400287455], [23.59178294277706, 46.75766978081202], [23.58850498053502, 46.75766978081202], [23.58850498053502, 46.75542400287455]]]}, "properties": {"score": 41, "res500": 4563, "transit": 2, "shops": 5, "food": 18, "comp": 1, "offices": 12}}, {"type": "Feature", "geometry": {"type": "Polygon", "coordinates": [[[23.59178294277706, 46.75542400287455], [23.595060905019096, 46.75542400287455], [23.595060905019096, 46.75766978081202], [23.59178294277706, 46.75766978081202], [23.59178294277706, 46.75542400287455]]]}, "properties": {"score": 43, "res500": 4703, "transit": 4, "shops": 12, "food": 20, "comp": 16, "offices": 16}}, {"type": "Feature", "geometry": {"type": "Polygon", "coordinates": [[[23.595060905019096, 46.75542400287455], [23.598338867261134, 46.75542400287455], [23.598338867261134, 46.75766978081202], [23.595060905019096, 46.75766978081202], [23.595060905019096, 46.75542400287455]]]}, "properties": {"score": 46, "res500": 5081, "transit": 4, "shops": 14, "food": 18, "comp": 7, "offices": 20}}, {"type": "Feature", "geometry": {"type": "Polygon", "coordinates": [[[23.598338867261134, 46.75542400287455], [23.601616829503172, 46.75542400287455], [23.601616829503172, 46.75766978081202], [23.598338867261134, 46.75766978081202], [23.598338867261134, 46.75542400287455]]]}, "properties": {"score": 31, "res500": 5191, "transit": 0, "shops": 2, "food": 7, "comp": 0, "offices": 10}}, {"type": "Feature", "geometry": {"type": "Polygon", "coordinates": [[[23.601616829503172, 46.75542400287455], [23.60489479174521, 46.75542400287455], [23.60489479174521, 46.75766978081202], [23.601616829503172, 46.75766978081202], [23.601616829503172, 46.75542400287455]]]}, "properties": {"score": 23, "res500": 5319, "transit": 0, "shops": 0, "food": 0, "comp": 0, "offices": 9}}, {"type": "Feature", "geometry": {"type": "Polygon", "coordinates": [[[23.60489479174521, 46.75542400287455], [23.608172753987247, 46.75542400287455], [23.608172753987247, 46.75766978081202], [23.60489479174521, 46.75766978081202], [23.60489479174521, 46.75542400287455]]]}, "properties": {"score": 26, "res500": 4355, "transit": 2, "shops": 2, "food": 0, "comp": 0, "offices": 9}}, {"type": "Feature", "geometry": {"type": "Polygon", "coordinates": [[[23.608172753987247, 46.75542400287455], [23.611450716229285, 46.75542400287455], [23.611450716229285, 46.75766978081202], [23.608172753987247, 46.75766978081202], [23.608172753987247, 46.75542400287455]]]}, "properties": {"score": 32, "res500": 4746, "transit": 4, "shops": 2, "food": 0, "comp": 0, "offices": 7}}, {"type": "Feature", "geometry": {"type": "Polygon", "coordinates": [[[23.611450716229285, 46.75542400287455], [23.614728678471323, 46.75542400287455], [23.614728678471323, 46.75766978081202], [23.611450716229285, 46.75766978081202], [23.611450716229285, 46.75542400287455]]]}, "properties": {"score": 30, "res500": 4291, "transit": 4, "shops": 2, "food": 1, "comp": 0, "offices": 6}}, {"type": "Feature", "geometry": {"type": "Polygon", "coordinates": [[[23.614728678471323, 46.75542400287455], [23.61800664071336, 46.75542400287455], [23.61800664071336, 46.75766978081202], [23.614728678471323, 46.75766978081202], [23.614728678471323, 46.75542400287455]]]}, "properties": {"score": 33, "res500": 4071, "transit": 5, "shops": 4, "food": 1, "comp": 0, "offices": 4}}, {"type": "Feature", "geometry": {"type": "Polygon", "coordinates": [[[23.61800664071336, 46.75542400287455], [23.6212846029554, 46.75542400287455], [23.6212846029554, 46.75766978081202], [23.61800664071336, 46.75766978081202], [23.61800664071336, 46.75542400287455]]]}, "properties": {"score": 18, "res500": 3288, "transit": 1, "shops": 4, "food": 1, "comp": 0, "offices": 2}}, {"type": "Feature", "geometry": {"type": "Polygon", "coordinates": [[[23.6212846029554, 46.75542400287455], [23.624562565197436, 46.75542400287455], [23.624562565197436, 46.75766978081202], [23.6212846029554, 46.75766978081202], [23.6212846029554, 46.75542400287455]]]}, "properties": {"score": 18, "res500": 3251, "transit": 2, "shops": 2, "food": 1, "comp": 1, "offices": 1}}, {"type": "Feature", "geometry": {"type": "Polygon", "coordinates": [[[23.624562565197436, 46.75542400287455], [23.627840527439474, 46.75542400287455], [23.627840527439474, 46.75766978081202], [23.624562565197436, 46.75766978081202], [23.624562565197436, 46.75542400287455]]]}, "properties": {"score": 22, "res500": 3378, "transit": 4, "shops": 2, "food": 1, "comp": 1, "offices": 0}}, {"type": "Feature", "geometry": {"type": "Polygon", "coordinates": [[[23.627840527439474, 46.75542400287455], [23.631118489681512, 46.75542400287455], [23.631118489681512, 46.75766978081202], [23.627840527439474, 46.75766978081202], [23.627840527439474, 46.75542400287455]]]}, "properties": {"score": 14, "res500": 2118, "transit": 2, "shops": 2, "food": 1, "comp": 0, "offices": 0}}, {"type": "Feature", "geometry": {"type": "Polygon", "coordinates": [[[23.631118489681512, 46.75542400287455], [23.63439645192355, 46.75542400287455], [23.63439645192355, 46.75766978081202], [23.631118489681512, 46.75766978081202], [23.631118489681512, 46.75542400287455]]]}, "properties": {"score": 6, "res500": 1305, "transit": 0, "shops": 0, "food": 1, "comp": 0, "offices": 0}}, {"type": "Feature", "geometry": {"type": "Polygon", "coordinates": [[[23.63439645192355, 46.75542400287455], [23.637674414165588, 46.75542400287455], [23.637674414165588, 46.75766978081202], [23.63439645192355, 46.75766978081202], [23.63439645192355, 46.75542400287455]]]}, "properties": {"score": 3, "res500": 608, "transit": 0, "shops": 0, "food": 0, "comp": 0, "offices": 0}}, {"type": "Feature", "geometry": {"type": "Polygon", "coordinates": [[[23.637674414165588, 46.75542400287455], [23.640952376407625, 46.75542400287455], [23.640952376407625, 46.75766978081202], [23.637674414165588, 46.75766978081202], [23.637674414165588, 46.75542400287455]]]}, "properties": {"score": 1, "res500": 250, "transit": 0, "shops": 0, "food": 0, "comp": 0, "offices": 0}}, {"type": "Feature", "geometry": {"type": "Polygon", "coordinates": [[[23.6475083008917, 46.75542400287455], [23.65078626313374, 46.75542400287455], [23.65078626313374, 46.75766978081202], [23.6475083008917, 46.75766978081202], [23.6475083008917, 46.75542400287455]]]}, "properties": {"score": 1, "res500": 229, "transit": 0, "shops": 0, "food": 0, "comp": 0, "offices": 0}}, {"type": "Feature", "geometry": {"type": "Polygon", "coordinates": [[[23.65078626313374, 46.75542400287455], [23.654064225375777, 46.75542400287455], [23.654064225375777, 46.75766978081202], [23.65078626313374, 46.75766978081202], [23.65078626313374, 46.75542400287455]]]}, "properties": {"score": 1, "res500": 242, "transit": 0, "shops": 0, "food": 0, "comp": 0, "offices": 0}}, {"type": "Feature", "geometry": {"type": "Polygon", "coordinates": [[[23.53605908744219, 46.75766978081202], [23.53933718630057, 46.75766978081202], [23.53933718630057, 46.7599155587495], [23.53605908744219, 46.7599155587495], [23.53605908744219, 46.75766978081202]]]}, "properties": {"score": 6, "res500": 85, "transit": 0, "shops": 11, "food": 1, "comp": 1, "offices": 0}}, {"type": "Feature", "geometry": {"type": "Polygon", "coordinates": [[[23.53933718630057, 46.75766978081202], [23.542615285158952, 46.75766978081202], [23.542615285158952, 46.7599155587495], [23.53933718630057, 46.7599155587495], [23.53933718630057, 46.75766978081202]]]}, "properties": {"score": 23, "res500": 4000, "transit": 1, "shops": 14, "food": 1, "comp": 1, "offices": 0}}, {"type": "Feature", "geometry": {"type": "Polygon", "coordinates": [[[23.542615285158952, 46.75766978081202], [23.545893384017333, 46.75766978081202], [23.545893384017333, 46.7599155587495], [23.542615285158952, 46.7599155587495], [23.542615285158952, 46.75766978081202]]]}, "properties": {"score": 46, "res500": 7276, "transit": 3, "shops": 20, "food": 2, "comp": 0, "offices": 4}}, {"type": "Feature", "geometry": {"type": "Polygon", "coordinates": [[[23.545893384017333, 46.75766978081202], [23.549171482875714, 46.75766978081202], [23.549171482875714, 46.7599155587495], [23.545893384017333, 46.7599155587495], [23.545893384017333, 46.75766978081202]]]}, "properties": {"score": 70, "res500": 9634, "transit": 4, "shops": 66, "food": 8, "comp": 1, "offices": 4}}, {"type": "Feature", "geometry": {"type": "Polygon", "coordinates": [[[23.549171482875714, 46.75766978081202], [23.552449581734095, 46.75766978081202], [23.552449581734095, 46.7599155587495], [23.549171482875714, 46.7599155587495], [23.549171482875714, 46.75766978081202]]]}, "properties": {"score": 63, "res500": 11279, "transit": 2, "shops": 69, "food": 10, "comp": 6, "offices": 4}}, {"type": "Feature", "geometry": {"type": "Polygon", "coordinates": [[[23.552449581734095, 46.75766978081202], [23.555727680592476, 46.75766978081202], [23.555727680592476, 46.7599155587495], [23.552449581734095, 46.7599155587495], [23.552449581734095, 46.75766978081202]]]}, "properties": {"score": 76, "res500": 10433, "transit": 7, "shops": 52, "food": 14, "comp": 4, "offices": 4}}, {"type": "Feature", "geometry": {"type": "Polygon", "coordinates": [[[23.555727680592476, 46.75766978081202], [23.559005779450857, 46.75766978081202], [23.559005779450857, 46.7599155587495], [23.555727680592476, 46.7599155587495], [23.555727680592476, 46.75766978081202]]]}, "properties": {"score": 67, "res500": 13118, "transit": 5, "shops": 36, "food": 9, "comp": 4, "offices": 4}}, {"type": "Feature", "geometry": {"type": "Polygon", "coordinates": [[[23.559005779450857, 46.75766978081202], [23.562283878309238, 46.75766978081202], [23.562283878309238, 46.7599155587495], [23.559005779450857, 46.7599155587495], [23.559005779450857, 46.75766978081202]]]}, "properties": {"score": 56, "res500": 13090, "transit": 2, "shops": 21, "food": 16, "comp": 4, "offices": 6}}, {"type": "Feature", "geometry": {"type": "Polygon", "coordinates": [[[23.562283878309238, 46.75766978081202], [23.56556197716762, 46.75766978081202], [23.56556197716762, 46.7599155587495], [23.562283878309238, 46.7599155587495], [23.562283878309238, 46.75766978081202]]]}, "properties": {"score": 52, "res500": 10054, "transit": 2, "shops": 19, "food": 11, "comp": 5, "offices": 6}}, {"type": "Feature", "geometry": {"type": "Polygon", "coordinates": [[[23.56556197716762, 46.75766978081202], [23.568840076026, 46.75766978081202], [23.568840076026, 46.7599155587495], [23.56556197716762, 46.7599155587495], [23.56556197716762, 46.75766978081202]]]}, "properties": {"score": 32, "res500": 5717, "transit": 0, "shops": 5, "food": 7, "comp": 1, "offices": 4}}, {"type": "Feature", "geometry": {"type": "Polygon", "coordinates": [[[23.568840076026, 46.75766978081202], [23.57211817488438, 46.75766978081202], [23.57211817488438, 46.7599155587495], [23.568840076026, 46.7599155587495], [23.568840076026, 46.75766978081202]]]}, "properties": {"score": 20, "res500": 3715, "transit": 0, "shops": 0, "food": 1, "comp": 0, "offices": 1}}, {"type": "Feature", "geometry": {"type": "Polygon", "coordinates": [[[23.57211817488438, 46.75766978081202], [23.57539627374276, 46.75766978081202], [23.57539627374276, 46.7599155587495], [23.57211817488438, 46.7599155587495], [23.57211817488438, 46.75766978081202]]]}, "properties": {"score": 22, "res500": 4104, "transit": 0, "shops": 2, "food": 0, "comp": 0, "offices": 2}}, {"type": "Feature", "geometry": {"type": "Polygon", "coordinates": [[[23.57539627374276, 46.75766978081202], [23.578674372601142, 46.75766978081202], [23.578674372601142, 46.7599155587495], [23.57539627374276, 46.7599155587495], [23.57539627374276, 46.75766978081202]]]}, "properties": {"score": 30, "res500": 6374, "transit": 0, "shops": 7, "food": 4, "comp": 0, "offices": 2}}, {"type": "Feature", "geometry": {"type": "Polygon", "coordinates": [[[23.578674372601142, 46.75766978081202], [23.581952471459523, 46.75766978081202], [23.581952471459523, 46.7599155587495], [23.578674372601142, 46.7599155587495], [23.578674372601142, 46.75766978081202]]]}, "properties": {"score": 32, "res500": 6219, "transit": 1, "shops": 7, "food": 2, "comp": 0, "offices": 2}}, {"type": "Feature", "geometry": {"type": "Polygon", "coordinates": [[[23.581952471459523, 46.75766978081202], [23.585230570317904, 46.75766978081202], [23.585230570317904, 46.7599155587495], [23.581952471459523, 46.7599155587495], [23.581952471459523, 46.75766978081202]]]}, "properties": {"score": 27, "res500": 5171, "transit": 1, "shops": 3, "food": 0, "comp": 0, "offices": 3}}, {"type": "Feature", "geometry": {"type": "Polygon", "coordinates": [[[23.585230570317904, 46.75766978081202], [23.588508669176285, 46.75766978081202], [23.588508669176285, 46.7599155587495], [23.585230570317904, 46.7599155587495], [23.585230570317904, 46.75766978081202]]]}, "properties": {"score": 27, "res500": 4341, "transit": 1, "shops": 2, "food": 1, "comp": 0, "offices": 9}}, {"type": "Feature", "geometry": {"type": "Polygon", "coordinates": [[[23.588508669176285, 46.75766978081202], [23.591786768034666, 46.75766978081202], [23.591786768034666, 46.7599155587495], [23.588508669176285, 46.7599155587495], [23.588508669176285, 46.75766978081202]]]}, "properties": {"score": 25, "res500": 3411, "transit": 0, "shops": 3, "food": 9, "comp": 1, "offices": 11}}, {"type": "Feature", "geometry": {"type": "Polygon", "coordinates": [[[23.591786768034666, 46.75766978081202], [23.595064866893047, 46.75766978081202], [23.595064866893047, 46.7599155587495], [23.591786768034666, 46.7599155587495], [23.591786768034666, 46.75766978081202]]]}, "properties": {"score": 30, "res500": 3786, "transit": 0, "shops": 10, "food": 19, "comp": 5, "offices": 16}}, {"type": "Feature", "geometry": {"type": "Polygon", "coordinates": [[[23.595064866893047, 46.75766978081202], [23.598342965751428, 46.75766978081202], [23.598342965751428, 46.7599155587495], [23.595064866893047, 46.7599155587495], [23.595064866893047, 46.75766978081202]]]}, "properties": {"score": 39, "res500": 3994, "transit": 1, "shops": 9, "food": 19, "comp": 1, "offices": 17}}, {"type": "Feature", "geometry": {"type": "Polygon", "coordinates": [[[23.598342965751428, 46.75766978081202], [23.60162106460981, 46.75766978081202], [23.60162106460981, 46.7599155587495], [23.598342965751428, 46.7599155587495], [23.598342965751428, 46.75766978081202]]]}, "properties": {"score": 22, "res500": 3671, "transit": 1, "shops": 2, "food": 2, "comp": 1, "offices": 10}}, {"type": "Feature", "geometry": {"type": "Polygon", "coordinates": [[[23.60162106460981, 46.75766978081202], [23.60489916346819, 46.75766978081202], [23.60489916346819, 46.7599155587495], [23.60162106460981, 46.7599155587495], [23.60162106460981, 46.75766978081202]]]}, "properties": {"score": 25, "res500": 4104, "transit": 0, "shops": 2, "food": 2, "comp": 0, "offices": 14}}, {"type": "Feature", "geometry": {"type": "Polygon", "coordinates": [[[23.60489916346819, 46.75766978081202], [23.60817726232657, 46.75766978081202], [23.60817726232657, 46.7599155587495], [23.60489916346819, 46.7599155587495], [23.60489916346819, 46.75766978081202]]]}, "properties": {"score": 34, "res500": 4418, "transit": 3, "shops": 2, "food": 3, "comp": 0, "offices": 12}}, {"type": "Feature", "geometry": {"type": "Polygon", "coordinates": [[[23.60817726232657, 46.75766978081202], [23.61145536118495, 46.75766978081202], [23.61145536118495, 46.7599155587495], [23.60817726232657, 46.7599155587495], [23.60817726232657, 46.75766978081202]]]}, "properties": {"score": 34, "res500": 4630, "transit": 3, "shops": 3, "food": 4, "comp": 0, "offices": 11}}, {"type": "Feature", "geometry": {"type": "Polygon", "coordinates": [[[23.61145536118495, 46.75766978081202], [23.614733460043333, 46.75766978081202], [23.614733460043333, 46.7599155587495], [23.61145536118495, 46.7599155587495], [23.61145536118495, 46.75766978081202]]]}, "properties": {"score": 42, "res500": 4800, "transit": 6, "shops": 15, "food": 3, "comp": 2, "offices": 8}}, {"type": "Feature", "geometry": {"type": "Polygon", "coordinates": [[[23.614733460043333, 46.75766978081202], [23.618011558901713, 46.75766978081202], [23.618011558901713, 46.7599155587495], [23.614733460043333, 46.7599155587495], [23.614733460043333, 46.75766978081202]]]}, "properties": {"score": 43, "res500": 4705, "transit": 7, "shops": 15, "food": 3, "comp": 0, "offices": 6}}, {"type": "Feature", "geometry": {"type": "Polygon", "coordinates": [[[23.618011558901713, 46.75766978081202], [23.621289657760094, 46.75766978081202], [23.621289657760094, 46.7599155587495], [23.618011558901713, 46.7599155587495], [23.618011558901713, 46.75766978081202]]]}, "properties": {"score": 28, "res500": 4536, "transit": 3, "shops": 3, "food": 0, "comp": 0, "offices": 2}}, {"type": "Feature", "geometry": {"type": "Polygon", "coordinates": [[[23.621289657760094, 46.75766978081202], [23.624567756618475, 46.75766978081202], [23.624567756618475, 46.7599155587495], [23.621289657760094, 46.7599155587495], [23.621289657760094, 46.75766978081202]]]}, "properties": {"score": 18, "res500": 2397, "transit": 2, "shops": 0, "food": 1, "comp": 0, "offices": 2}}, {"type": "Feature", "geometry": {"type": "Polygon", "coordinates": [[[23.624567756618475, 46.75766978081202], [23.627845855476856, 46.75766978081202], [23.627845855476856, 46.7599155587495], [23.624567756618475, 46.7599155587495], [23.624567756618475, 46.75766978081202]]]}, "properties": {"score": 13, "res500": 1450, "transit": 2, "shops": 0, "food": 1, "comp": 0, "offices": 1}}, {"type": "Feature", "geometry": {"type": "Polygon", "coordinates": [[[23.627845855476856, 46.75766978081202], [23.631123954335237, 46.75766978081202], [23.631123954335237, 46.7599155587495], [23.627845855476856, 46.7599155587495], [23.627845855476856, 46.75766978081202]]]}, "properties": {"score": 4, "res500": 547, "transit": 0, "shops": 0, "food": 0, "comp": 0, "offices": 0}}, {"type": "Feature", "geometry": {"type": "Polygon", "coordinates": [[[23.631123954335237, 46.75766978081202], [23.634402053193618, 46.75766978081202], [23.634402053193618, 46.7599155587495], [23.631123954335237, 46.7599155587495], [23.631123954335237, 46.75766978081202]]]}, "properties": {"score": 2, "res500": 228, "transit": 0, "shops": 0, "food": 0, "comp": 0, "offices": 0}}, {"type": "Feature", "geometry": {"type": "Polygon", "coordinates": [[[23.51966941294691, 46.7599155587495], [23.522947648438063, 46.7599155587495], [23.522947648438063, 46.76216133668697], [23.51966941294691, 46.76216133668697], [23.51966941294691, 46.7599155587495]]]}, "properties": {"score": 1, "res500": 355, "transit": 0, "shops": 0, "food": 0, "comp": 0, "offices": 0}}, {"type": "Feature", "geometry": {"type": "Polygon", "coordinates": [[[23.522947648438063, 46.7599155587495], [23.526225883929214, 46.7599155587495], [23.526225883929214, 46.76216133668697], [23.522947648438063, 46.76216133668697], [23.522947648438063, 46.7599155587495]]]}, "properties": {"score": 3, "res500": 848, "transit": 0, "shops": 0, "food": 0, "comp": 0, "offices": 0}}, {"type": "Feature", "geometry": {"type": "Polygon", "coordinates": [[[23.526225883929214, 46.7599155587495], [23.529504119420366, 46.7599155587495], [23.529504119420366, 46.76216133668697], [23.526225883929214, 46.76216133668697], [23.526225883929214, 46.7599155587495]]]}, "properties": {"score": 3, "res500": 1035, "transit": 0, "shops": 0, "food": 0, "comp": 0, "offices": 0}}, {"type": "Feature", "geometry": {"type": "Polygon", "coordinates": [[[23.529504119420366, 46.7599155587495], [23.532782354911518, 46.7599155587495], [23.532782354911518, 46.76216133668697], [23.529504119420366, 46.76216133668697], [23.529504119420366, 46.7599155587495]]]}, "properties": {"score": 4, "res500": 1158, "transit": 0, "shops": 0, "food": 0, "comp": 0, "offices": 0}}, {"type": "Feature", "geometry": {"type": "Polygon", "coordinates": [[[23.532782354911518, 46.7599155587495], [23.53606059040267, 46.7599155587495], [23.53606059040267, 46.76216133668697], [23.532782354911518, 46.76216133668697], [23.532782354911518, 46.7599155587495]]]}, "properties": {"score": 3, "res500": 469, "transit": 0, "shops": 1, "food": 0, "comp": 0, "offices": 1}}, {"type": "Feature", "geometry": {"type": "Polygon", "coordinates": [[[23.53606059040267, 46.7599155587495], [23.53933882589382, 46.7599155587495], [23.53933882589382, 46.76216133668697], [23.53606059040267, 46.76216133668697], [23.53606059040267, 46.7599155587495]]]}, "properties": {"score": 6, "res500": 470, "transit": 0, "shops": 3, "food": 1, "comp": 0, "offices": 1}}, {"type": "Feature", "geometry": {"type": "Polygon", "coordinates": [[[23.53933882589382, 46.7599155587495], [23.542617061384973, 46.7599155587495], [23.542617061384973, 46.76216133668697], [23.53933882589382, 46.76216133668697], [23.53933882589382, 46.7599155587495]]]}, "properties": {"score": 17, "res500": 1595, "transit": 1, "shops": 12, "food": 2, "comp": 0, "offices": 1}}, {"type": "Feature", "geometry": {"type": "Polygon", "coordinates": [[[23.542617061384973, 46.7599155587495], [23.545895296876125, 46.7599155587495], [23.545895296876125, 46.76216133668697], [23.542617061384973, 46.76216133668697], [23.542617061384973, 46.7599155587495]]]}, "properties": {"score": 33, "res500": 5451, "transit": 3, "shops": 4, "food": 2, "comp": 1, "offices": 0}}, {"type": "Feature", "geometry": {"type": "Polygon", "coordinates": [[[23.545895296876125, 46.7599155587495], [23.549173532367277, 46.7599155587495], [23.549173532367277, 46.76216133668697], [23.545895296876125, 46.76216133668697], [23.545895296876125, 46.7599155587495]]]}, "properties": {"score": 38, "res500": 6696, "transit": 2, "shops": 3, "food": 4, "comp": 1, "offices": 3}}, {"type": "Feature", "geometry": {"type": "Polygon", "coordinates": [[[23.549173532367277, 46.7599155587495], [23.55245176785843, 46.7599155587495], [23.55245176785843, 46.76216133668697], [23.549173532367277, 46.76216133668697], [23.549173532367277, 46.7599155587495]]]}, "properties": {"score": 50, "res500": 8448, "transit": 2, "shops": 15, "food": 9, "comp": 1, "offices": 1}}, {"type": "Feature", "geometry": {"type": "Polygon", "coordinates": [[[23.55245176785843, 46.7599155587495], [23.55573000334958, 46.7599155587495], [23.55573000334958, 46.76216133668697], [23.55245176785843, 46.76216133668697], [23.55245176785843, 46.7599155587495]]]}, "properties": {"score": 43, "res500": 8373, "transit": 0, "shops": 6, "food": 8, "comp": 1, "offices": 1}}, {"type": "Feature", "geometry": {"type": "Polygon", "coordinates": [[[23.55573000334958, 46.7599155587495], [23.559008238840732, 46.7599155587495], [23.559008238840732, 46.76216133668697], [23.55573000334958, 46.76216133668697], [23.55573000334958, 46.7599155587495]]]}, "properties": {"score": 55, "res500": 9076, "transit": 4, "shops": 8, "food": 7, "comp": 2, "offices": 3}}, {"type": "Feature", "geometry": {"type": "Polygon", "coordinates": [[[23.559008238840732, 46.7599155587495], [23.562286474331884, 46.7599155587495], [23.562286474331884, 46.76216133668697], [23.559008238840732, 46.76216133668697], [23.559008238840732, 46.7599155587495]]]}, "properties": {"score": 64, "res500": 9340, "transit": 6, "shops": 13, "food": 11, "comp": 1, "offices": 6}}, {"type": "Feature", "geometry": {"type": "Polygon", "coordinates": [[[23.562286474331884, 46.7599155587495], [23.565564709823036, 46.7599155587495], [23.565564709823036, 46.76216133668697], [23.562286474331884, 46.76216133668697], [23.562286474331884, 46.7599155587495]]]}, "properties": {"score": 47, "res500": 7929, "transit": 2, "shops": 22, "food": 8, "comp": 4, "offices": 5}}, {"type": "Feature", "geometry": {"type": "Polygon", "coordinates": [[[23.565564709823036, 46.7599155587495], [23.568842945314188, 46.7599155587495], [23.568842945314188, 46.76216133668697], [23.565564709823036, 46.76216133668697], [23.565564709823036, 46.7599155587495]]]}, "properties": {"score": 41, "res500": 5532, "transit": 2, "shops": 17, "food": 11, "comp": 1, "offices": 5}}, {"type": "Feature", "geometry": {"type": "Polygon", "coordinates": [[[23.568842945314188, 46.7599155587495], [23.57212118080534, 46.7599155587495], [23.57212118080534, 46.76216133668697], [23.568842945314188, 46.76216133668697], [23.568842945314188, 46.7599155587495]]]}, "properties": {"score": 39, "res500": 4452, "transit": 1, "shops": 20, "food": 13, "comp": 0, "offices": 6}}, {"type": "Feature", "geometry": {"type": "Polygon", "coordinates": [[[23.57212118080534, 46.7599155587495], [23.57539941629649, 46.7599155587495], [23.57539941629649, 46.76216133668697], [23.57212118080534, 46.76216133668697], [23.57212118080534, 46.7599155587495]]]}, "properties": {"score": 39, "res500": 4394, "transit": 1, "shops": 11, "food": 34, "comp": 0, "offices": 5}}, {"type": "Feature", "geometry": {"type": "Polygon", "coordinates": [[[23.57539941629649, 46.7599155587495], [23.578677651787643, 46.7599155587495], [23.578677651787643, 46.76216133668697], [23.57539941629649, 46.76216133668697], [23.57539941629649, 46.7599155587495]]]}, "properties": {"score": 43, "res500": 5125, "transit": 0, "shops": 13, "food": 34, "comp": 2, "offices": 5}}, {"type": "Feature", "geometry": {"type": "Polygon", "coordinates": [[[23.578677651787643, 46.7599155587495], [23.581955887278795, 46.7599155587495], [23.581955887278795, 46.76216133668697], [23.578677651787643, 46.76216133668697], [23.578677651787643, 46.7599155587495]]]}, "properties": {"score": 48, "res500": 5367, "transit": 2, "shops": 6, "food": 25, "comp": 1, "offices": 1}}, {"type": "Feature", "geometry": {"type": "Polygon", "coordinates": [[[23.581955887278795, 46.7599155587495], [23.585234122769947, 46.7599155587495], [23.585234122769947, 46.76216133668697], [23.581955887278795, 46.76216133668697], [23.581955887278795, 46.7599155587495]]]}, "properties": {"score": 51, "res500": 4202, "transit": 4, "shops": 8, "food": 13, "comp": 0, "offices": 3}}, {"type": "Feature", "geometry": {"type": "Polygon", "coordinates": [[[23.585234122769947, 46.7599155587495], [23.5885123582611, 46.7599155587495], [23.5885123582611, 46.76216133668697], [23.585234122769947, 46.76216133668697], [23.585234122769947, 46.7599155587495]]]}, "properties": {"score": 34, "res500": 3491, "transit": 1, "shops": 0, "food": 11, "comp": 0, "offices": 9}}, {"type": "Feature", "geometry": {"type": "Polygon", "coordinates": [[[23.5885123582611, 46.7599155587495], [23.59179059375225, 46.7599155587495], [23.59179059375225, 46.76216133668697], [23.5885123582611, 46.76216133668697], [23.5885123582611, 46.7599155587495]]]}, "properties": {"score": 22, "res500": 2274, "transit": 0, "shops": 2, "food": 2, "comp": 0, "offices": 13}}, {"type": "Feature", "geometry": {"type": "Polygon", "coordinates": [[[23.59179059375225, 46.7599155587495], [23.595068829243402, 46.7599155587495], [23.595068829243402, 46.76216133668697], [23.59179059375225, 46.76216133668697], [23.59179059375225, 46.7599155587495]]]}, "properties": {"score": 24, "res500": 2571, "transit": 0, "shops": 2, "food": 3, "comp": 0, "offices": 20}}, {"type": "Feature", "geometry": {"type": "Polygon", "coordinates": [[[23.595068829243402, 46.7599155587495], [23.598347064734554, 46.7599155587495], [23.598347064734554, 46.76216133668697], [23.595068829243402, 46.76216133668697], [23.595068829243402, 46.7599155587495]]]}, "properties": {"score": 31, "res500": 3039, "transit": 3, "shops": 3, "food": 4, "comp": 1, "offices": 23}}, {"type": "Feature", "geometry": {"type": "Polygon", "coordinates": [[[23.598347064734554, 46.7599155587495], [23.601625300225706, 46.7599155587495], [23.601625300225706, 46.76216133668697], [23.598347064734554, 46.76216133668697], [23.598347064734554, 46.7599155587495]]]}, "properties": {"score": 35, "res500": 3867, "transit": 3, "shops": 4, "food": 4, "comp": 0, "offices": 19}}, {"type": "Feature", "geometry": {"type": "Polygon", "coordinates": [[[23.601625300225706, 46.7599155587495], [23.604903535716858, 46.7599155587495], [23.604903535716858, 46.76216133668697], [23.601625300225706, 46.76216133668697], [23.601625300225706, 46.7599155587495]]]}, "properties": {"score": 37, "res500": 4669, "transit": 3, "shops": 4, "food": 4, "comp": 0, "offices": 18}}, {"type": "Feature", "geometry": {"type": "Polygon", "coordinates": [[[23.604903535716858, 46.7599155587495], [23.60818177120801, 46.7599155587495], [23.60818177120801, 46.76216133668697], [23.604903535716858, 46.76216133668697], [23.604903535716858, 46.7599155587495]]]}, "properties": {"score": 36, "res500": 4905, "transit": 3, "shops": 4, "food": 8, "comp": 3, "offices": 14}}, {"type": "Feature", "geometry": {"type": "Polygon", "coordinates": [[[23.60818177120801, 46.7599155587495], [23.61146000669916, 46.7599155587495], [23.61146000669916, 46.76216133668697], [23.60818177120801, 46.76216133668697], [23.60818177120801, 46.7599155587495]]]}, "properties": {"score": 47, "res500": 5272, "transit": 3, "shops": 10, "food": 12, "comp": 0, "offices": 16}}, {"type": "Feature", "geometry": {"type": "Polygon", "coordinates": [[[23.61146000669916, 46.7599155587495], [23.614738242190313, 46.7599155587495], [23.614738242190313, 46.76216133668697], [23.61146000669916, 46.76216133668697], [23.61146000669916, 46.7599155587495]]]}, "properties": {"score": 45, "res500": 5965, "transit": 4, "shops": 34, "food": 5, "comp": 4, "offices": 8}}, {"type": "Feature", "geometry": {"type": "Polygon", "coordinates": [[[23.614738242190313, 46.7599155587495], [23.618016477681465, 46.7599155587495], [23.618016477681465, 46.76216133668697], [23.614738242190313, 46.76216133668697], [23.614738242190313, 46.7599155587495]]]}, "properties": {"score": 50, "res500": 5783, "transit": 6, "shops": 28, "food": 4, "comp": 1, "offices": 6}}, {"type": "Feature", "geometry": {"type": "Polygon", "coordinates": [[[23.618016477681465, 46.7599155587495], [23.621294713172617, 46.7599155587495], [23.621294713172617, 46.76216133668697], [23.618016477681465, 46.76216133668697], [23.618016477681465, 46.7599155587495]]]}, "properties": {"score": 25, "res500": 4574, "transit": 1, "shops": 3, "food": 0, "comp": 0, "offices": 4}}, {"type": "Feature", "geometry": {"type": "Polygon", "coordinates": [[[23.621294713172617, 46.7599155587495], [23.62457294866377, 46.7599155587495], [23.62457294866377, 46.76216133668697], [23.621294713172617, 46.76216133668697], [23.621294713172617, 46.7599155587495]]]}, "properties": {"score": 18, "res500": 2376, "transit": 1, "shops": 3, "food": 0, "comp": 0, "offices": 2}}, {"type": "Feature", "geometry": {"type": "Polygon", "coordinates": [[[23.62457294866377, 46.7599155587495], [23.62785118415492, 46.7599155587495], [23.62785118415492, 46.76216133668697], [23.62457294866377, 46.76216133668697], [23.62457294866377, 46.7599155587495]]]}, "properties": {"score": 9, "res500": 625, "transit": 0, "shops": 1, "food": 0, "comp": 0, "offices": 1}}, {"type": "Feature", "geometry": {"type": "Polygon", "coordinates": [[[23.62785118415492, 46.7599155587495], [23.631129419646072, 46.7599155587495], [23.631129419646072, 46.76216133668697], [23.62785118415492, 46.76216133668697], [23.62785118415492, 46.7599155587495]]]}, "properties": {"score": 7, "res500": 335, "transit": 0, "shops": 0, "food": 0, "comp": 0, "offices": 1}}, {"type": "Feature", "geometry": {"type": "Polygon", "coordinates": [[[23.631129419646072, 46.7599155587495], [23.634407655137224, 46.7599155587495], [23.634407655137224, 46.76216133668697], [23.631129419646072, 46.76216133668697], [23.631129419646072, 46.7599155587495]]]}, "properties": {"score": 3, "res500": 338, "transit": 0, "shops": 0, "food": 0, "comp": 0, "offices": 0}}, {"type": "Feature", "geometry": {"type": "Polygon", "coordinates": [[[23.634407655137224, 46.7599155587495], [23.637685890628376, 46.7599155587495], [23.637685890628376, 46.76216133668697], [23.634407655137224, 46.76216133668697], [23.634407655137224, 46.7599155587495]]]}, "properties": {"score": 2, "res500": 246, "transit": 0, "shops": 0, "food": 0, "comp": 0, "offices": 0}}, {"type": "Feature", "geometry": {"type": "Polygon", "coordinates": [[[23.519670232842103, 46.76216133668697], [23.522948604982453, 46.76216133668697], [23.522948604982453, 46.76440711462445], [23.519670232842103, 46.76440711462445], [23.519670232842103, 46.76216133668697]]]}, "properties": {"score": 2, "res500": 557, "transit": 0, "shops": 0, "food": 0, "comp": 0, "offices": 0}}, {"type": "Feature", "geometry": {"type": "Polygon", "coordinates": [[[23.522948604982453, 46.76216133668697], [23.526226977122803, 46.76216133668697], [23.526226977122803, 46.76440711462445], [23.522948604982453, 46.76440711462445], [23.522948604982453, 46.76216133668697]]]}, "properties": {"score": 3, "res500": 1043, "transit": 0, "shops": 0, "food": 0, "comp": 0, "offices": 0}}, {"type": "Feature", "geometry": {"type": "Polygon", "coordinates": [[[23.526226977122803, 46.76216133668697], [23.529505349263154, 46.76216133668697], [23.529505349263154, 46.76440711462445], [23.526226977122803, 46.76440711462445], [23.526226977122803, 46.76216133668697]]]}, "properties": {"score": 4, "res500": 1315, "transit": 0, "shops": 1, "food": 0, "comp": 0, "offices": 0}}, {"type": "Feature", "geometry": {"type": "Polygon", "coordinates": [[[23.529505349263154, 46.76216133668697], [23.532783721403504, 46.76216133668697], [23.532783721403504, 46.76440711462445], [23.529505349263154, 46.76440711462445], [23.529505349263154, 46.76216133668697]]]}, "properties": {"score": 5, "res500": 1273, "transit": 0, "shops": 2, "food": 0, "comp": 0, "offices": 0}}, {"type": "Feature", "geometry": {"type": "Polygon", "coordinates": [[[23.532783721403504, 46.76216133668697], [23.536062093543855, 46.76216133668697], [23.536062093543855, 46.76440711462445], [23.532783721403504, 46.76440711462445], [23.532783721403504, 46.76216133668697]]]}, "properties": {"score": 4, "res500": 824, "transit": 0, "shops": 1, "food": 0, "comp": 0, "offices": 1}}, {"type": "Feature", "geometry": {"type": "Polygon", "coordinates": [[[23.536062093543855, 46.76216133668697], [23.539340465684205, 46.76216133668697], [23.539340465684205, 46.76440711462445], [23.536062093543855, 46.76440711462445], [23.536062093543855, 46.76216133668697]]]}, "properties": {"score": 5, "res500": 639, "transit": 0, "shops": 1, "food": 0, "comp": 0, "offices": 1}}, {"type": "Feature", "geometry": {"type": "Polygon", "coordinates": [[[23.539340465684205, 46.76216133668697], [23.542618837824556, 46.76216133668697], [23.542618837824556, 46.76440711462445], [23.539340465684205, 46.76440711462445], [23.539340465684205, 46.76216133668697]]]}, "properties": {"score": 9, "res500": 1608, "transit": 0, "shops": 0, "food": 2, "comp": 0, "offices": 1}}, {"type": "Feature", "geometry": {"type": "Polygon", "coordinates": [[[23.542618837824556, 46.76216133668697], [23.545897209964906, 46.76216133668697], [23.545897209964906, 46.76440711462445], [23.542618837824556, 46.76440711462445], [23.542618837824556, 46.76216133668697]]]}, "properties": {"score": 22, "res500": 3211, "transit": 2, "shops": 2, "food": 3, "comp": 1, "offices": 1}}, {"type": "Feature", "geometry": {"type": "Polygon", "coordinates": [[[23.545897209964906, 46.76216133668697], [23.549175582105256, 46.76216133668697], [23.549175582105256, 46.76440711462445], [23.545897209964906, 46.76440711462445], [23.545897209964906, 46.76216133668697]]]}, "properties": {"score": 40, "res500": 5352, "transit": 5, "shops": 3, "food": 5, "comp": 1, "offices": 0}}, {"type": "Feature", "geometry": {"type": "Polygon", "coordinates": [[[23.549175582105256, 46.76216133668697], [23.552453954245607, 46.76216133668697], [23.552453954245607, 46.76440711462445], [23.549175582105256, 46.76440711462445], [23.549175582105256, 46.76216133668697]]]}, "properties": {"score": 41, "res500": 6579, "transit": 4, "shops": 2, "food": 6, "comp": 2, "offices": 1}}, {"type": "Feature", "geometry": {"type": "Polygon", "coordinates": [[[23.552453954245607, 46.76216133668697], [23.555732326385957, 46.76216133668697], [23.555732326385957, 46.76440711462445], [23.552453954245607, 46.76440711462445], [23.552453954245607, 46.76216133668697]]]}, "properties": {"score": 30, "res500": 6437, "transit": 0, "shops": 1, "food": 5, "comp": 3, "offices": 1}}, {"type": "Feature", "geometry": {"type": "Polygon", "coordinates": [[[23.555732326385957, 46.76216133668697], [23.559010698526308, 46.76216133668697], [23.559010698526308, 46.76440711462445], [23.555732326385957, 46.76440711462445], [23.555732326385957, 46.76216133668697]]]}, "properties": {"score": 46, "res500": 6434, "transit": 4, "shops": 4, "food": 6, "comp": 1, "offices": 2}}, {"type": "Feature", "geometry": {"type": "Polygon", "coordinates": [[[23.559010698526308, 46.76216133668697], [23.562289070666658, 46.76216133668697], [23.562289070666658, 46.76440711462445], [23.559010698526308, 46.76440711462445], [23.559010698526308, 46.76216133668697]]]}, "properties": {"score": 45, "res500": 7333, "transit": 4, "shops": 3, "food": 3, "comp": 1, "offices": 5}}, {"type": "Feature", "geometry": {"type": "Polygon", "coordinates": [[[23.562289070666658, 46.76216133668697], [23.56556744280701, 46.76216133668697], [23.56556744280701, 46.76440711462445], [23.562289070666658, 46.76440711462445], [23.562289070666658, 46.76216133668697]]]}, "properties": {"score": 49, "res500": 6359, "transit": 5, "shops": 17, "food": 4, "comp": 1, "offices": 5}}, {"type": "Feature", "geometry": {"type": "Polygon", "coordinates": [[[23.56556744280701, 46.76216133668697], [23.56884581494736, 46.76216133668697], [23.56884581494736, 46.76440711462445], [23.56556744280701, 46.76440711462445], [23.56556744280701, 46.76216133668697]]]}, "properties": {"score": 43, "res500": 5679, "transit": 0, "shops": 26, "food": 15, "comp": 1, "offices": 8}}, {"type": "Feature", "geometry": {"type": "Polygon", "coordinates": [[[23.56884581494736, 46.76216133668697], [23.57212418708771, 46.76216133668697], [23.57212418708771, 46.76440711462445], [23.56884581494736, 46.76440711462445], [23.56884581494736, 46.76216133668697]]]}, "properties": {"score": 44, "res500": 5210, "transit": 2, "shops": 51, "food": 18, "comp": 12, "offices": 10}}, {"type": "Feature", "geometry": {"type": "Polygon", "coordinates": [[[23.57212418708771, 46.76216133668697], [23.57540255922806, 46.76216133668697], [23.57540255922806, 46.76440711462445], [23.57212418708771, 46.76440711462445], [23.57212418708771, 46.76216133668697]]]}, "properties": {"score": 49, "res500": 4710, "transit": 2, "shops": 60, "food": 47, "comp": 13, "offices": 13}}, {"type": "Feature", "geometry": {"type": "Polygon", "coordinates": [[[23.57540255922806, 46.76216133668697], [23.57868093136841, 46.76216133668697], [23.57868093136841, 46.76440711462445], [23.57540255922806, 46.76440711462445], [23.57540255922806, 46.76216133668697]]]}, "properties": {"score": 49, "res500": 5063, "transit": 1, "shops": 40, "food": 45, "comp": 32, "offices": 12}}, {"type": "Feature", "geometry": {"type": "Polygon", "coordinates": [[[23.57868093136841, 46.76216133668697], [23.58195930350876, 46.76216133668697], [23.58195930350876, 46.76440711462445], [23.57868093136841, 46.76440711462445], [23.57868093136841, 46.76216133668697]]]}, "properties": {"score": 49, "res500": 5148, "transit": 2, "shops": 22, "food": 48, "comp": 6, "offices": 11}}, {"type": "Feature", "geometry": {"type": "Polygon", "coordinates": [[[23.58195930350876, 46.76216133668697], [23.58523767564911, 46.76216133668697], [23.58523767564911, 46.76440711462445], [23.58195930350876, 46.76440711462445], [23.58195930350876, 46.76216133668697]]]}, "properties": {"score": 42, "res500": 3970, "transit": 3, "shops": 9, "food": 24, "comp": 9, "offices": 11}}, {"type": "Feature", "geometry": {"type": "Polygon", "coordinates": [[[23.58523767564911, 46.76216133668697], [23.58851604778946, 46.76216133668697], [23.58851604778946, 46.76440711462445], [23.58523767564911, 46.76440711462445], [23.58523767564911, 46.76216133668697]]]}, "properties": {"score": 39, "res500": 3145, "transit": 3, "shops": 8, "food": 18, "comp": 8, "offices": 12}}, {"type": "Feature", "geometry": {"type": "Polygon", "coordinates": [[[23.58851604778946, 46.76216133668697], [23.591794419929812, 46.76216133668697], [23.591794419929812, 46.76440711462445], [23.58851604778946, 46.76440711462445], [23.58851604778946, 46.76216133668697]]]}, "properties": {"score": 34, "res500": 2911, "transit": 1, "shops": 4, "food": 8, "comp": 1, "offices": 15}}, {"type": "Feature", "geometry": {"type": "Polygon", "coordinates": [[[23.591794419929812, 46.76216133668697], [23.595072792070162, 46.76216133668697], [23.595072792070162, 46.76440711462445], [23.591794419929812, 46.76440711462445], [23.591794419929812, 46.76216133668697]]]}, "properties": {"score": 29, "res500": 3084, "transit": 0, "shops": 0, "food": 2, "comp": 0, "offices": 22}}, {"type": "Feature", "geometry": {"type": "Polygon", "coordinates": [[[23.595072792070162, 46.76216133668697], [23.598351164210513, 46.76216133668697], [23.598351164210513, 46.76440711462445], [23.595072792070162, 46.76440711462445], [23.595072792070162, 46.76216133668697]]]}, "properties": {"score": 33, "res500": 3350, "transit": 2, "shops": 4, "food": 4, "comp": 3, "offices": 19}}, {"type": "Feature", "geometry": {"type": "Polygon", "coordinates": [[[23.598351164210513, 46.76216133668697], [23.601629536350863, 46.76216133668697], [23.601629536350863, 46.76440711462445], [23.598351164210513, 46.76440711462445], [23.598351164210513, 46.76216133668697]]]}, "properties": {"score": 40, "res500": 4474, "transit": 3, "shops": 7, "food": 4, "comp": 3, "offices": 30}}, {"type": "Feature", "geometry": {"type": "Polygon", "coordinates": [[[23.601629536350863, 46.76216133668697], [23.604907908491214, 46.76216133668697], [23.604907908491214, 46.76440711462445], [23.601629536350863, 46.76440711462445], [23.601629536350863, 46.76216133668697]]]}, "properties": {"score": 48, "res500": 5252, "transit": 3, "shops": 7, "food": 10, "comp": 0, "offices": 31}}, {"type": "Feature", "geometry": {"type": "Polygon", "coordinates": [[[23.604907908491214, 46.76216133668697], [23.608186280631564, 46.76216133668697], [23.608186280631564, 46.76440711462445], [23.604907908491214, 46.76440711462445], [23.604907908491214, 46.76216133668697]]]}, "properties": {"score": 44, "res500": 5102, "transit": 6, "shops": 15, "food": 8, "comp": 8, "offices": 21}}, {"type": "Feature", "geometry": {"type": "Polygon", "coordinates": [[[23.608186280631564, 46.76216133668697], [23.611464652771915, 46.76216133668697], [23.611464652771915, 46.76440711462445], [23.608186280631564, 46.76440711462445], [23.608186280631564, 46.76216133668697]]]}, "properties": {"score": 48, "res500": 5712, "transit": 4, "shops": 25, "food": 10, "comp": 4, "offices": 16}}, {"type": "Feature", "geometry": {"type": "Polygon", "coordinates": [[[23.611464652771915, 46.76216133668697], [23.614743024912265, 46.76216133668697], [23.614743024912265, 46.76440711462445], [23.611464652771915, 46.76440711462445], [23.611464652771915, 46.76216133668697]]]}, "properties": {"score": 39, "res500": 6381, "transit": 0, "shops": 30, "food": 7, "comp": 2, "offices": 10}}, {"type": "Feature", "geometry": {"type": "Polygon", "coordinates": [[[23.614743024912265, 46.76216133668697], [23.618021397052615, 46.76216133668697], [23.618021397052615, 46.76440711462445], [23.614743024912265, 46.76440711462445], [23.614743024912265, 46.76216133668697]]]}, "properties": {"score": 40, "res500": 6525, "transit": 0, "shops": 27, "food": 5, "comp": 0, "offices": 10}}, {"type": "Feature", "geometry": {"type": "Polygon", "coordinates": [[[23.618021397052615, 46.76216133668697], [23.621299769192966, 46.76216133668697], [23.621299769192966, 46.76440711462445], [23.618021397052615, 46.76440711462445], [23.618021397052615, 46.76216133668697]]]}, "properties": {"score": 38, "res500": 5931, "transit": 3, "shops": 7, "food": 1, "comp": 0, "offices": 5}}, {"type": "Feature", "geometry": {"type": "Polygon", "coordinates": [[[23.621299769192966, 46.76216133668697], [23.624578141333316, 46.76216133668697], [23.624578141333316, 46.76440711462445], [23.621299769192966, 46.76440711462445], [23.621299769192966, 46.76216133668697]]]}, "properties": {"score": 31, "res500": 3953, "transit": 3, "shops": 4, "food": 1, "comp": 0, "offices": 4}}, {"type": "Feature", "geometry": {"type": "Polygon", "coordinates": [[[23.624578141333316, 46.76216133668697], [23.627856513473667, 46.76216133668697], [23.627856513473667, 46.76440711462445], [23.624578141333316, 46.76440711462445], [23.624578141333316, 46.76216133668697]]]}, "properties": {"score": 18, "res500": 1821, "transit": 1, "shops": 1, "food": 0, "comp": 0, "offices": 3}}, {"type": "Feature", "geometry": {"type": "Polygon", "coordinates": [[[23.627856513473667, 46.76216133668697], [23.631134885614017, 46.76216133668697], [23.631134885614017, 46.76440711462445], [23.627856513473667, 46.76440711462445], [23.627856513473667, 46.76216133668697]]]}, "properties": {"score": 11, "res500": 1254, "transit": 0, "shops": 0, "food": 0, "comp": 0, "offices": 1}}, {"type": "Feature", "geometry": {"type": "Polygon", "coordinates": [[[23.631134885614017, 46.76216133668697], [23.634413257754368, 46.76216133668697], [23.634413257754368, 46.76440711462445], [23.631134885614017, 46.76440711462445], [23.631134885614017, 46.76216133668697]]]}, "properties": {"score": 6, "res500": 1253, "transit": 0, "shops": 0, "food": 0, "comp": 0, "offices": 0}}, {"type": "Feature", "geometry": {"type": "Polygon", "coordinates": [[[23.634413257754368, 46.76216133668697], [23.637691629894718, 46.76216133668697], [23.637691629894718, 46.76440711462445], [23.634413257754368, 46.76440711462445], [23.634413257754368, 46.76216133668697]]]}, "properties": {"score": 9, "res500": 2470, "transit": 0, "shops": 0, "food": 0, "comp": 0, "offices": 0}}, {"type": "Feature", "geometry": {"type": "Polygon", "coordinates": [[[23.637691629894718, 46.76216133668697], [23.64097000203507, 46.76216133668697], [23.64097000203507, 46.76440711462445], [23.637691629894718, 46.76440711462445], [23.637691629894718, 46.76216133668697]]]}, "properties": {"score": 5, "res500": 1394, "transit": 0, "shops": 0, "food": 0, "comp": 0, "offices": 0}}, {"type": "Feature", "geometry": {"type": "Polygon", "coordinates": [[[23.519671052835882, 46.76440711462445], [23.522949561641862, 46.76440711462445], [23.522949561641862, 46.76665289256192], [23.519671052835882, 46.76665289256192], [23.519671052835882, 46.76440711462445]]]}, "properties": {"score": 1, "res500": 357, "transit": 0, "shops": 0, "food": 0, "comp": 0, "offices": 0}}, {"type": "Feature", "geometry": {"type": "Polygon", "coordinates": [[[23.522949561641862, 46.76440711462445], [23.526228070447843, 46.76440711462445], [23.526228070447843, 46.76665289256192], [23.522949561641862, 46.76665289256192], [23.522949561641862, 46.76440711462445]]]}, "properties": {"score": 3, "res500": 1001, "transit": 0, "shops": 0, "food": 0, "comp": 0, "offices": 0}}, {"type": "Feature", "geometry": {"type": "Polygon", "coordinates": [[[23.526228070447843, 46.76440711462445], [23.529506579253823, 46.76440711462445], [23.529506579253823, 46.76665289256192], [23.526228070447843, 46.76665289256192], [23.526228070447843, 46.76440711462445]]]}, "properties": {"score": 4, "res500": 1299, "transit": 0, "shops": 1, "food": 0, "comp": 0, "offices": 0}}, {"type": "Feature", "geometry": {"type": "Polygon", "coordinates": [[[23.529506579253823, 46.76440711462445], [23.532785088059804, 46.76440711462445], [23.532785088059804, 46.76665289256192], [23.529506579253823, 46.76665289256192], [23.529506579253823, 46.76440711462445]]]}, "properties": {"score": 4, "res500": 1204, "transit": 0, "shops": 1, "food": 0, "comp": 0, "offices": 0}}, {"type": "Feature", "geometry": {"type": "Polygon", "coordinates": [[[23.532785088059804, 46.76440711462445], [23.536063596865784, 46.76440711462445], [23.536063596865784, 46.76665289256192], [23.532785088059804, 46.76665289256192], [23.532785088059804, 46.76440711462445]]]}, "properties": {"score": 4, "res500": 814, "transit": 0, "shops": 1, "food": 0, "comp": 0, "offices": 1}}, {"type": "Feature", "geometry": {"type": "Polygon", "coordinates": [[[23.536063596865784, 46.76440711462445], [23.539342105671764, 46.76440711462445], [23.539342105671764, 46.76665289256192], [23.536063596865784, 46.76665289256192], [23.536063596865784, 46.76440711462445]]]}, "properties": {"score": 5, "res500": 753, "transit": 0, "shops": 0, "food": 1, "comp": 0, "offices": 1}}, {"type": "Feature", "geometry": {"type": "Polygon", "coordinates": [[[23.539342105671764, 46.76440711462445], [23.542620614477745, 46.76440711462445], [23.542620614477745, 46.76665289256192], [23.539342105671764, 46.76665289256192], [23.539342105671764, 46.76440711462445]]]}, "properties": {"score": 7, "res500": 1707, "transit": 0, "shops": 2, "food": 1, "comp": 1, "offices": 1}}, {"type": "Feature", "geometry": {"type": "Polygon", "coordinates": [[[23.542620614477745, 46.76440711462445], [23.545899123283725, 46.76440711462445], [23.545899123283725, 46.76665289256192], [23.542620614477745, 46.76665289256192], [23.542620614477745, 46.76440711462445]]]}, "properties": {"score": 14, "res500": 2938, "transit": 0, "shops": 5, "food": 3, "comp": 1, "offices": 1}}, {"type": "Feature", "geometry": {"type": "Polygon", "coordinates": [[[23.545899123283725, 46.76440711462445], [23.549177632089705, 46.76440711462445], [23.549177632089705, 46.76665289256192], [23.545899123283725, 46.76665289256192], [23.545899123283725, 46.76440711462445]]]}, "properties": {"score": 44, "res500": 4820, "transit": 4, "shops": 25, "food": 7, "comp": 1, "offices": 1}}, {"type": "Feature", "geometry": {"type": "Polygon", "coordinates": [[[23.549177632089705, 46.76440711462445], [23.552456140895686, 46.76440711462445], [23.552456140895686, 46.76665289256192], [23.549177632089705, 46.76665289256192], [23.549177632089705, 46.76440711462445]]]}, "properties": {"score": 50, "res500": 7221, "transit": 5, "shops": 23, "food": 6, "comp": 3, "offices": 1}}, {"type": "Feature", "geometry": {"type": "Polygon", "coordinates": [[[23.552456140895686, 46.76440711462445], [23.555734649701666, 46.76440711462445], [23.555734649701666, 46.76665289256192], [23.552456140895686, 46.76665289256192], [23.552456140895686, 46.76440711462445]]]}, "properties": {"score": 35, "res500": 6727, "transit": 0, "shops": 7, "food": 6, "comp": 2, "offices": 1}}, {"type": "Feature", "geometry": {"type": "Polygon", "coordinates": [[[23.555734649701666, 46.76440711462445], [23.559013158507646, 46.76440711462445], [23.559013158507646, 46.76665289256192], [23.555734649701666, 46.76665289256192], [23.555734649701666, 46.76440711462445]]]}, "properties": {"score": 30, "res500": 6272, "transit": 0, "shops": 0, "food": 2, "comp": 0, "offices": 4}}, {"type": "Feature", "geometry": {"type": "Polygon", "coordinates": [[[23.559013158507646, 46.76440711462445], [23.562291667313627, 46.76440711462445], [23.562291667313627, 46.76665289256192], [23.559013158507646, 46.76665289256192], [23.559013158507646, 46.76440711462445]]]}, "properties": {"score": 31, "res500": 5298, "transit": 1, "shops": 0, "food": 2, "comp": 0, "offices": 7}}, {"type": "Feature", "geometry": {"type": "Polygon", "coordinates": [[[23.562291667313627, 46.76440711462445], [23.565570176119607, 46.76440711462445], [23.565570176119607, 46.76665289256192], [23.562291667313627, 46.76665289256192], [23.562291667313627, 46.76440711462445]]]}, "properties": {"score": 34, "res500": 4524, "transit": 2, "shops": 5, "food": 6, "comp": 1, "offices": 8}}, {"type": "Feature", "geometry": {"type": "Polygon", "coordinates": [[[23.565570176119607, 46.76440711462445], [23.568848684925587, 46.76440711462445], [23.568848684925587, 46.76665289256192], [23.565570176119607, 46.76665289256192], [23.565570176119607, 46.76440711462445]]]}, "properties": {"score": 44, "res500": 4487, "transit": 4, "shops": 16, "food": 11, "comp": 1, "offices": 10}}, {"type": "Feature", "geometry": {"type": "Polygon", "coordinates": [[[23.568848684925587, 46.76440711462445], [23.572127193731568, 46.76440711462445], [23.572127193731568, 46.76665289256192], [23.568848684925587, 46.76665289256192], [23.568848684925587, 46.76440711462445]]]}, "properties": {"score": 58, "res500": 4641, "transit": 8, "shops": 38, "food": 23, "comp": 5, "offices": 14}}, {"type": "Feature", "geometry": {"type": "Polygon", "coordinates": [[[23.572127193731568, 46.76440711462445], [23.575405702537548, 46.76440711462445], [23.575405702537548, 46.76665289256192], [23.572127193731568, 46.76665289256192], [23.572127193731568, 46.76440711462445]]]}, "properties": {"score": 47, "res500": 4663, "transit": 1, "shops": 56, "food": 48, "comp": 5, "offices": 12}}, {"type": "Feature", "geometry": {"type": "Polygon", "coordinates": [[[23.575405702537548, 46.76440711462445], [23.57868421134353, 46.76440711462445], [23.57868421134353, 46.76665289256192], [23.575405702537548, 46.76665289256192], [23.575405702537548, 46.76440711462445]]]}, "properties": {"score": 47, "res500": 4364, "transit": 2, "shops": 32, "food": 44, "comp": 16, "offices": 12}}, {"type": "Feature", "geometry": {"type": "Polygon", "coordinates": [[[23.57868421134353, 46.76440711462445], [23.58196272014951, 46.76440711462445], [23.58196272014951, 46.76665289256192], [23.57868421134353, 46.76665289256192], [23.57868421134353, 46.76440711462445]]]}, "properties": {"score": 46, "res500": 4691, "transit": 2, "shops": 12, "food": 53, "comp": 5, "offices": 12}}, {"type": "Feature", "geometry": {"type": "Polygon", "coordinates": [[[23.58196272014951, 46.76440711462445], [23.58524122895549, 46.76440711462445], [23.58524122895549, 46.76665289256192], [23.58196272014951, 46.76665289256192], [23.58196272014951, 46.76440711462445]]]}, "properties": {"score": 48, "res500": 4734, "transit": 3, "shops": 23, "food": 47, "comp": 11, "offices": 23}}, {"type": "Feature", "geometry": {"type": "Polygon", "coordinates": [[[23.58524122895549, 46.76440711462445], [23.58851973776147, 46.76440711462445], [23.58851973776147, 46.76665289256192], [23.58524122895549, 46.76665289256192], [23.58524122895549, 46.76440711462445]]]}, "properties": {"score": 46, "res500": 4167, "transit": 1, "shops": 39, "food": 66, "comp": 14, "offices": 30}}, {"type": "Feature", "geometry": {"type": "Polygon", "coordinates": [[[23.58851973776147, 46.76440711462445], [23.59179824656745, 46.76440711462445], [23.59179824656745, 46.76665289256192], [23.58851973776147, 46.76665289256192], [23.58851973776147, 46.76440711462445]]]}, "properties": {"score": 46, "res500": 3972, "transit": 1, "shops": 21, "food": 56, "comp": 4, "offices": 26}}, {"type": "Feature", "geometry": {"type": "Polygon", "coordinates": [[[23.59179824656745, 46.76440711462445], [23.59507675537343, 46.76440711462445], [23.59507675537343, 46.76665289256192], [23.59179824656745, 46.76665289256192], [23.59179824656745, 46.76440711462445]]]}, "properties": {"score": 38, "res500": 4197, "transit": 0, "shops": 7, "food": 13, "comp": 2, "offices": 32}}, {"type": "Feature", "geometry": {"type": "Polygon", "coordinates": [[[23.59507675537343, 46.76440711462445], [23.59835526417941, 46.76440711462445], [23.59835526417941, 46.76665289256192], [23.59507675537343, 46.76665289256192], [23.59507675537343, 46.76440711462445]]]}, "properties": {"score": 35, "res500": 4254, "transit": 1, "shops": 2, "food": 6, "comp": 2, "offices": 36}}, {"type": "Feature", "geometry": {"type": "Polygon", "coordinates": [[[23.59835526417941, 46.76440711462445], [23.60163377298539, 46.76440711462445], [23.60163377298539, 46.76665289256192], [23.59835526417941, 46.76665289256192], [23.59835526417941, 46.76440711462445]]]}, "properties": {"score": 50, "res500": 5169, "transit": 2, "shops": 28, "food": 11, "comp": 3, "offices": 43}}, {"type": "Feature", "geometry": {"type": "Polygon", "coordinates": [[[23.60163377298539, 46.76440711462445], [23.60491228179137, 46.76440711462445], [23.60491228179137, 46.76665289256192], [23.60163377298539, 46.76665289256192], [23.60163377298539, 46.76440711462445]]]}, "properties": {"score": 53, "res500": 6134, "transit": 3, "shops": 28, "food": 11, "comp": 5, "offices": 38}}, {"type": "Feature", "geometry": {"type": "Polygon", "coordinates": [[[23.60491228179137, 46.76440711462445], [23.60819079059735, 46.76440711462445], [23.60819079059735, 46.76665289256192], [23.60491228179137, 46.76665289256192], [23.60491228179137, 46.76440711462445]]]}, "properties": {"score": 58, "res500": 6632, "transit": 4, "shops": 15, "food": 13, "comp": 2, "offices": 34}}, {"type": "Feature", "geometry": {"type": "Polygon", "coordinates": [[[23.60819079059735, 46.76440711462445], [23.611469299403332, 46.76440711462445], [23.611469299403332, 46.76665289256192], [23.60819079059735, 46.76665289256192], [23.60819079059735, 46.76440711462445]]]}, "properties": {"score": 52, "res500": 6673, "transit": 4, "shops": 15, "food": 8, "comp": 0, "offices": 21}}, {"type": "Feature", "geometry": {"type": "Polygon", "coordinates": [[[23.611469299403332, 46.76440711462445], [23.614747808209312, 46.76440711462445], [23.614747808209312, 46.76665289256192], [23.611469299403332, 46.76665289256192], [23.611469299403332, 46.76440711462445]]]}, "properties": {"score": 40, "res500": 7702, "transit": 0, "shops": 19, "food": 4, "comp": 0, "offices": 12}}, {"type": "Feature", "geometry": {"type": "Polygon", "coordinates": [[[23.614747808209312, 46.76440711462445], [23.618026317015293, 46.76440711462445], [23.618026317015293, 46.76665289256192], [23.614747808209312, 46.76665289256192], [23.614747808209312, 46.76440711462445]]]}, "properties": {"score": 39, "res500": 8205, "transit": 0, "shops": 14, "food": 3, "comp": 0, "offices": 12}}, {"type": "Feature", "geometry": {"type": "Polygon", "coordinates": [[[23.618026317015293, 46.76440711462445], [23.621304825821273, 46.76440711462445], [23.621304825821273, 46.76665289256192], [23.618026317015293, 46.76665289256192], [23.618026317015293, 46.76440711462445]]]}, "properties": {"score": 39, "res500": 7440, "transit": 2, "shops": 5, "food": 2, "comp": 1, "offices": 7}}, {"type": "Feature", "geometry": {"type": "Polygon", "coordinates": [[[23.621304825821273, 46.76440711462445], [23.624583334627253, 46.76440711462445], [23.624583334627253, 46.76665289256192], [23.621304825821273, 46.76665289256192], [23.621304825821273, 46.76440711462445]]]}, "properties": {"score": 38, "res500": 5466, "transit": 3, "shops": 9, "food": 2, "comp": 0, "offices": 6}}, {"type": "Feature", "geometry": {"type": "Polygon", "coordinates": [[[23.624583334627253, 46.76440711462445], [23.627861843433234, 46.76440711462445], [23.627861843433234, 46.76665289256192], [23.624583334627253, 46.76665289256192], [23.624583334627253, 46.76440711462445]]]}, "properties": {"score": 25, "res500": 3738, "transit": 1, "shops": 7, "food": 2, "comp": 1, "offices": 3}}, {"type": "Feature", "geometry": {"type": "Polygon", "coordinates": [[[23.627861843433234, 46.76440711462445], [23.631140352239214, 46.76440711462445], [23.631140352239214, 46.76665289256192], [23.627861843433234, 46.76665289256192], [23.627861843433234, 46.76440711462445]]]}, "properties": {"score": 25, "res500": 2671, "transit": 3, "shops": 0, "food": 2, "comp": 0, "offices": 1}}, {"type": "Feature", "geometry": {"type": "Polygon", "coordinates": [[[23.631140352239214, 46.76440711462445], [23.634418861045194, 46.76440711462445], [23.634418861045194, 46.76665289256192], [23.631140352239214, 46.76665289256192], [23.631140352239214, 46.76440711462445]]]}, "properties": {"score": 17, "res500": 5039, "transit": 0, "shops": 0, "food": 0, "comp": 0, "offices": 0}}, {"type": "Feature", "geometry": {"type": "Polygon", "coordinates": [[[23.634418861045194, 46.76440711462445], [23.637697369851175, 46.76440711462445], [23.637697369851175, 46.76665289256192], [23.634418861045194, 46.76665289256192], [23.634418861045194, 46.76440711462445]]]}, "properties": {"score": 21, "res500": 4673, "transit": 2, "shops": 1, "food": 0, "comp": 0, "offices": 0}}, {"type": "Feature", "geometry": {"type": "Polygon", "coordinates": [[[23.637697369851175, 46.76440711462445], [23.640975878657155, 46.76440711462445], [23.640975878657155, 46.76665289256192], [23.637697369851175, 46.76665289256192], [23.637697369851175, 46.76440711462445]]]}, "properties": {"score": 14, "res500": 4265, "transit": 0, "shops": 0, "food": 0, "comp": 0, "offices": 0}}, {"type": "Feature", "geometry": {"type": "Polygon", "coordinates": [[[23.640975878657155, 46.76440711462445], [23.644254387463135, 46.76440711462445], [23.644254387463135, 46.76665289256192], [23.640975878657155, 46.76665289256192], [23.640975878657155, 46.76440711462445]]]}, "properties": {"score": 7, "res500": 2044, "transit": 0, "shops": 0, "food": 0, "comp": 0, "offices": 0}}, {"type": "Feature", "geometry": {"type": "Polygon", "coordinates": [[[23.522950518416266, 46.76665289256192], [23.526229163904304, 46.76665289256192], [23.526229163904304, 46.7688986704994], [23.522950518416266, 46.7688986704994], [23.522950518416266, 46.76665289256192]]]}, "properties": {"score": 2, "res500": 482, "transit": 0, "shops": 0, "food": 0, "comp": 0, "offices": 0}}, {"type": "Feature", "geometry": {"type": "Polygon", "coordinates": [[[23.526229163904304, 46.76665289256192], [23.529507809392342, 46.76665289256192], [23.529507809392342, 46.7688986704994], [23.526229163904304, 46.7688986704994], [23.526229163904304, 46.76665289256192]]]}, "properties": {"score": 2, "res500": 666, "transit": 0, "shops": 0, "food": 0, "comp": 0, "offices": 0}}, {"type": "Feature", "geometry": {"type": "Polygon", "coordinates": [[[23.529507809392342, 46.76665289256192], [23.53278645488038, 46.76665289256192], [23.53278645488038, 46.7688986704994], [23.529507809392342, 46.7688986704994], [23.529507809392342, 46.76665289256192]]]}, "properties": {"score": 3, "res500": 775, "transit": 0, "shops": 0, "food": 0, "comp": 0, "offices": 0}}, {"type": "Feature", "geometry": {"type": "Polygon", "coordinates": [[[23.53278645488038, 46.76665289256192], [23.53606510036842, 46.76665289256192], [23.53606510036842, 46.7688986704994], [23.53278645488038, 46.7688986704994], [23.53278645488038, 46.76665289256192]]]}, "properties": {"score": 2, "res500": 379, "transit": 0, "shops": 0, "food": 0, "comp": 0, "offices": 0}}, {"type": "Feature", "geometry": {"type": "Polygon", "coordinates": [[[23.53606510036842, 46.76665289256192], [23.539343745856456, 46.76665289256192], [23.539343745856456, 46.7688986704994], [23.53606510036842, 46.7688986704994], [23.53606510036842, 46.76665289256192]]]}, "properties": {"score": 3, "res500": 640, "transit": 0, "shops": 0, "food": 0, "comp": 0, "offices": 1}}, {"type": "Feature", "geometry": {"type": "Polygon", "coordinates": [[[23.539343745856456, 46.76665289256192], [23.542622391344494, 46.76665289256192], [23.542622391344494, 46.7688986704994], [23.539343745856456, 46.7688986704994], [23.539343745856456, 46.76665289256192]]]}, "properties": {"score": 6, "res500": 1221, "transit": 0, "shops": 0, "food": 1, "comp": 0, "offices": 1}}, {"type": "Feature", "geometry": {"type": "Polygon", "coordinates": [[[23.542622391344494, 46.76665289256192], [23.545901036832532, 46.76665289256192], [23.545901036832532, 46.7688986704994], [23.542622391344494, 46.7688986704994], [23.542622391344494, 46.76665289256192]]]}, "properties": {"score": 16, "res500": 3361, "transit": 0, "shops": 3, "food": 3, "comp": 0, "offices": 0}}, {"type": "Feature", "geometry": {"type": "Polygon", "coordinates": [[[23.545901036832532, 46.76665289256192], [23.54917968232057, 46.76665289256192], [23.54917968232057, 46.7688986704994], [23.545901036832532, 46.7688986704994], [23.545901036832532, 46.76665289256192]]]}, "properties": {"score": 39, "res500": 5060, "transit": 4, "shops": 23, "food": 7, "comp": 2, "offices": 2}}, {"type": "Feature", "geometry": {"type": "Polygon", "coordinates": [[[23.54917968232057, 46.76665289256192], [23.55245832780861, 46.76665289256192], [23.55245832780861, 46.7688986704994], [23.54917968232057, 46.7688986704994], [23.54917968232057, 46.76665289256192]]]}, "properties": {"score": 48, "res500": 6916, "transit": 4, "shops": 30, "food": 9, "comp": 2, "offices": 2}}, {"type": "Feature", "geometry": {"type": "Polygon", "coordinates": [[[23.55245832780861, 46.76665289256192], [23.555736973296646, 46.76665289256192], [23.555736973296646, 46.7688986704994], [23.55245832780861, 46.7688986704994], [23.55245832780861, 46.76665289256192]]]}, "properties": {"score": 46, "res500": 7201, "transit": 3, "shops": 16, "food": 8, "comp": 0, "offices": 2}}, {"type": "Feature", "geometry": {"type": "Polygon", "coordinates": [[[23.555736973296646, 46.76665289256192], [23.559015618784684, 46.76665289256192], [23.559015618784684, 46.7688986704994], [23.555736973296646, 46.7688986704994], [23.555736973296646, 46.76665289256192]]]}, "properties": {"score": 40, "res500": 6429, "transit": 2, "shops": 13, "food": 3, "comp": 0, "offices": 7}}, {"type": "Feature", "geometry": {"type": "Polygon", "coordinates": [[[23.559015618784684, 46.76665289256192], [23.562294264272722, 46.76665289256192], [23.562294264272722, 46.7688986704994], [23.559015618784684, 46.7688986704994], [23.559015618784684, 46.76665289256192]]]}, "properties": {"score": 38, "res500": 4680, "transit": 2, "shops": 5, "food": 8, "comp": 1, "offices": 8}}, {"type": "Feature", "geometry": {"type": "Polygon", "coordinates": [[[23.562294264272722, 46.76665289256192], [23.56557290976076, 46.76665289256192], [23.56557290976076, 46.7688986704994], [23.562294264272722, 46.7688986704994], [23.562294264272722, 46.76665289256192]]]}, "properties": {"score": 33, "res500": 4387, "transit": 2, "shops": 6, "food": 6, "comp": 1, "offices": 8}}, {"type": "Feature", "geometry": {"type": "Polygon", "coordinates": [[[23.56557290976076, 46.76665289256192], [23.5688515552488, 46.76665289256192], [23.5688515552488, 46.7688986704994], [23.56557290976076, 46.7688986704994], [23.56557290976076, 46.76665289256192]]]}, "properties": {"score": 42, "res500": 4161, "transit": 12, "shops": 5, "food": 9, "comp": 3, "offices": 11}}, {"type": "Feature", "geometry": {"type": "Polygon", "coordinates": [[[23.5688515552488, 46.76665289256192], [23.572130200736837, 46.76665289256192], [23.572130200736837, 46.7688986704994], [23.5688515552488, 46.7688986704994], [23.5688515552488, 46.76665289256192]]]}, "properties": {"score": 38, "res500": 3775, "transit": 8, "shops": 9, "food": 8, "comp": 5, "offices": 13}}, {"type": "Feature", "geometry": {"type": "Polygon", "coordinates": [[[23.572130200736837, 46.76665289256192], [23.575408846224875, 46.76665289256192], [23.575408846224875, 46.7688986704994], [23.572130200736837, 46.7688986704994], [23.572130200736837, 46.76665289256192]]]}, "properties": {"score": 45, "res500": 3581, "transit": 8, "shops": 6, "food": 11, "comp": 2, "offices": 15}}, {"type": "Feature", "geometry": {"type": "Polygon", "coordinates": [[[23.575408846224875, 46.76665289256192], [23.578687491712913, 46.76665289256192], [23.578687491712913, 46.7688986704994], [23.575408846224875, 46.7688986704994], [23.575408846224875, 46.76665289256192]]]}, "properties": {"score": 45, "res500": 3386, "transit": 4, "shops": 6, "food": 12, "comp": 2, "offices": 14}}, {"type": "Feature", "geometry": {"type": "Polygon", "coordinates": [[[23.578687491712913, 46.76665289256192], [23.58196613720095, 46.76665289256192], [23.58196613720095, 46.7688986704994], [23.578687491712913, 46.7688986704994], [23.578687491712913, 46.76665289256192]]]}, "properties": {"score": 42, "res500": 3523, "transit": 2, "shops": 11, "food": 17, "comp": 4, "offices": 18}}, {"type": "Feature", "geometry": {"type": "Polygon", "coordinates": [[[23.58196613720095, 46.76665289256192], [23.58524478268899, 46.76665289256192], [23.58524478268899, 46.7688986704994], [23.58196613720095, 46.7688986704994], [23.58196613720095, 46.76665289256192]]]}, "properties": {"score": 47, "res500": 4460, "transit": 1, "shops": 52, "food": 76, "comp": 10, "offices": 34}}, {"type": "Feature", "geometry": {"type": "Polygon", "coordinates": [[[23.58524478268899, 46.76665289256192], [23.588523428177027, 46.76665289256192], [23.588523428177027, 46.7688986704994], [23.58524478268899, 46.7688986704994], [23.58524478268899, 46.76665289256192]]]}, "properties": {"score": 53, "res500": 5446, "transit": 2, "shops": 119, "food": 120, "comp": 43, "offices": 48}}, {"type": "Feature", "geometry": {"type": "Polygon", "coordinates": [[[23.588523428177027, 46.76665289256192], [23.591802073665065, 46.76665289256192], [23.591802073665065, 46.7688986704994], [23.588523428177027, 46.7688986704994], [23.588523428177027, 46.76665289256192]]]}, "properties": {"score": 49, "res500": 5725, "transit": 0, "shops": 108, "food": 115, "comp": 37, "offices": 63}}, {"type": "Feature", "geometry": {"type": "Polygon", "coordinates": [[[23.591802073665065, 46.76665289256192], [23.595080719153103, 46.76665289256192], [23.595080719153103, 46.7688986704994], [23.591802073665065, 46.7688986704994], [23.591802073665065, 46.76665289256192]]]}, "properties": {"score": 48, "res500": 5223, "transit": 0, "shops": 63, "food": 67, "comp": 8, "offices": 55}}, {"type": "Feature", "geometry": {"type": "Polygon", "coordinates": [[[23.595080719153103, 46.76665289256192], [23.59835936464114, 46.76665289256192], [23.59835936464114, 46.7688986704994], [23.595080719153103, 46.7688986704994], [23.595080719153103, 46.76665289256192]]]}, "properties": {"score": 67, "res500": 5543, "transit": 4, "shops": 49, "food": 28, "comp": 2, "offices": 68}}, {"type": "Feature", "geometry": {"type": "Polygon", "coordinates": [[[23.59835936464114, 46.76665289256192], [23.60163801012918, 46.76665289256192], [23.60163801012918, 46.7688986704994], [23.59835936464114, 46.7688986704994], [23.59835936464114, 46.76665289256192]]]}, "properties": {"score": 61, "res500": 5806, "transit": 4, "shops": 34, "food": 18, "comp": 5, "offices": 76}}, {"type": "Feature", "geometry": {"type": "Polygon", "coordinates": [[[23.60163801012918, 46.76665289256192], [23.604916655617217, 46.76665289256192], [23.604916655617217, 46.7688986704994], [23.60163801012918, 46.7688986704994], [23.60163801012918, 46.76665289256192]]]}, "properties": {"score": 56, "res500": 6439, "transit": 2, "shops": 39, "food": 15, "comp": 6, "offices": 58}}, {"type": "Feature", "geometry": {"type": "Polygon", "coordinates": [[[23.604916655617217, 46.76665289256192], [23.608195301105255, 46.76665289256192], [23.608195301105255, 46.7688986704994], [23.604916655617217, 46.7688986704994], [23.604916655617217, 46.76665289256192]]]}, "properties": {"score": 54, "res500": 7309, "transit": 1, "shops": 15, "food": 15, "comp": 1, "offices": 33}}, {"type": "Feature", "geometry": {"type": "Polygon", "coordinates": [[[23.608195301105255, 46.76665289256192], [23.611473946593293, 46.76665289256192], [23.611473946593293, 46.7688986704994], [23.608195301105255, 46.7688986704994], [23.608195301105255, 46.76665289256192]]]}, "properties": {"score": 42, "res500": 6913, "transit": 2, "shops": 11, "food": 3, "comp": 2, "offices": 18}}, {"type": "Feature", "geometry": {"type": "Polygon", "coordinates": [[[23.611473946593293, 46.76665289256192], [23.61475259208133, 46.76665289256192], [23.61475259208133, 46.7688986704994], [23.611473946593293, 46.7688986704994], [23.611473946593293, 46.76665289256192]]]}, "properties": {"score": 45, "res500": 7462, "transit": 3, "shops": 12, "food": 3, "comp": 0, "offices": 11}}, {"type": "Feature", "geometry": {"type": "Polygon", "coordinates": [[[23.61475259208133, 46.76665289256192], [23.61803123756937, 46.76665289256192], [23.61803123756937, 46.7688986704994], [23.61475259208133, 46.7688986704994], [23.61475259208133, 46.76665289256192]]]}, "properties": {"score": 51, "res500": 8077, "transit": 3, "shops": 18, "food": 4, "comp": 0, "offices": 10}}, {"type": "Feature", "geometry": {"type": "Polygon", "coordinates": [[[23.61803123756937, 46.76665289256192], [23.621309883057407, 46.76665289256192], [23.621309883057407, 46.7688986704994], [23.61803123756937, 46.7688986704994], [23.61803123756937, 46.76665289256192]]]}, "properties": {"score": 46, "res500": 7184, "transit": 3, "shops": 8, "food": 5, "comp": 1, "offices": 7}}, {"type": "Feature", "geometry": {"type": "Polygon", "coordinates": [[[23.621309883057407, 46.76665289256192], [23.624588528545445, 46.76665289256192], [23.624588528545445, 46.7688986704994], [23.621309883057407, 46.7688986704994], [23.621309883057407, 46.76665289256192]]]}, "properties": {"score": 42, "res500": 6247, "transit": 3, "shops": 9, "food": 3, "comp": 1, "offices": 7}}, {"type": "Feature", "geometry": {"type": "Polygon", "coordinates": [[[23.624588528545445, 46.76665289256192], [23.627867174033483, 46.76665289256192], [23.627867174033483, 46.7688986704994], [23.624588528545445, 46.7688986704994], [23.624588528545445, 46.76665289256192]]]}, "properties": {"score": 41, "res500": 4492, "transit": 5, "shops": 8, "food": 2, "comp": 2, "offices": 4}}, {"type": "Feature", "geometry": {"type": "Polygon", "coordinates": [[[23.627867174033483, 46.76665289256192], [23.63114581952152, 46.76665289256192], [23.63114581952152, 46.7688986704994], [23.627867174033483, 46.7688986704994], [23.627867174033483, 46.76665289256192]]]}, "properties": {"score": 38, "res500": 4400, "transit": 5, "shops": 8, "food": 3, "comp": 1, "offices": 2}}, {"type": "Feature", "geometry": {"type": "Polygon", "coordinates": [[[23.63114581952152, 46.76665289256192], [23.63442446500956, 46.76665289256192], [23.63442446500956, 46.7688986704994], [23.63114581952152, 46.7688986704994], [23.63114581952152, 46.76665289256192]]]}, "properties": {"score": 27, "res500": 6235, "transit": 1, "shops": 6, "food": 2, "comp": 1, "offices": 0}}, {"type": "Feature", "geometry": {"type": "Polygon", "coordinates": [[[23.63442446500956, 46.76665289256192], [23.637703110497597, 46.76665289256192], [23.637703110497597, 46.7688986704994], [23.63442446500956, 46.7688986704994], [23.63442446500956, 46.76665289256192]]]}, "properties": {"score": 24, "res500": 5012, "transit": 2, "shops": 2, "food": 1, "comp": 0, "offices": 1}}, {"type": "Feature", "geometry": {"type": "Polygon", "coordinates": [[[23.637703110497597, 46.76665289256192], [23.640981755985635, 46.76665289256192], [23.640981755985635, 46.7688986704994], [23.637703110497597, 46.7688986704994], [23.637703110497597, 46.76665289256192]]]}, "properties": {"score": 23, "res500": 4446, "transit": 3, "shops": 2, "food": 0, "comp": 0, "offices": 1}}, {"type": "Feature", "geometry": {"type": "Polygon", "coordinates": [[[23.640981755985635, 46.76665289256192], [23.644260401473673, 46.76665289256192], [23.644260401473673, 46.7688986704994], [23.640981755985635, 46.7688986704994], [23.640981755985635, 46.76665289256192]]]}, "properties": {"score": 13, "res500": 3010, "transit": 1, "shops": 0, "food": 0, "comp": 0, "offices": 1}}, {"type": "Feature", "geometry": {"type": "Polygon", "coordinates": [[[23.644260401473673, 46.76665289256192], [23.64753904696171, 46.76665289256192], [23.64753904696171, 46.7688986704994], [23.644260401473673, 46.7688986704994], [23.644260401473673, 46.76665289256192]]]}, "properties": {"score": 2, "res500": 437, "transit": 0, "shops": 0, "food": 0, "comp": 0, "offices": 0}}, {"type": "Feature", "geometry": {"type": "Polygon", "coordinates": [[[23.660653628913863, 46.76665289256192], [23.6639322744019, 46.76665289256192], [23.6639322744019, 46.7688986704994], [23.660653628913863, 46.7688986704994], [23.660653628913863, 46.76665289256192]]]}, "properties": {"score": 1, "res500": 229, "transit": 0, "shops": 0, "food": 0, "comp": 0, "offices": 0}}, {"type": "Feature", "geometry": {"type": "Polygon", "coordinates": [[[23.6639322744019, 46.76665289256192], [23.66721091988994, 46.76665289256192], [23.66721091988994, 46.7688986704994], [23.6639322744019, 46.7688986704994], [23.6639322744019, 46.76665289256192]]]}, "properties": {"score": 1, "res500": 236, "transit": 0, "shops": 0, "food": 0, "comp": 0, "offices": 0}}, {"type": "Feature", "geometry": {"type": "Polygon", "coordinates": [[[23.53934538623841, 46.7688986704994], [23.542624168424943, 46.7688986704994], [23.542624168424943, 46.77114444843687], [23.53934538623841, 46.77114444843687], [23.53934538623841, 46.7688986704994]]]}, "properties": {"score": 2, "res500": 356, "transit": 0, "shops": 0, "food": 0, "comp": 0, "offices": 0}}, {"type": "Feature", "geometry": {"type": "Polygon", "coordinates": [[[23.542624168424943, 46.7688986704994], [23.545902950611477, 46.7688986704994], [23.545902950611477, 46.77114444843687], [23.542624168424943, 46.77114444843687], [23.542624168424943, 46.7688986704994]]]}, "properties": {"score": 8, "res500": 2007, "transit": 0, "shops": 0, "food": 1, "comp": 0, "offices": 0}}, {"type": "Feature", "geometry": {"type": "Polygon", "coordinates": [[[23.545902950611477, 46.7688986704994], [23.54918173279801, 46.7688986704994], [23.54918173279801, 46.77114444843687], [23.545902950611477, 46.77114444843687], [23.545902950611477, 46.7688986704994]]]}, "properties": {"score": 19, "res500": 3643, "transit": 0, "shops": 3, "food": 7, "comp": 1, "offices": 1}}, {"type": "Feature", "geometry": {"type": "Polygon", "coordinates": [[[23.54918173279801, 46.7688986704994], [23.552460514984546, 46.7688986704994], [23.552460514984546, 46.77114444843687], [23.54918173279801, 46.77114444843687], [23.54918173279801, 46.7688986704994]]]}, "properties": {"score": 29, "res500": 6393, "transit": 1, "shops": 14, "food": 8, "comp": 6, "offices": 2}}, {"type": "Feature", "geometry": {"type": "Polygon", "coordinates": [[[23.552460514984546, 46.7688986704994], [23.55573929717108, 46.7688986704994], [23.55573929717108, 46.77114444843687], [23.552460514984546, 46.77114444843687], [23.552460514984546, 46.7688986704994]]]}, "properties": {"score": 41, "res500": 7327, "transit": 2, "shops": 22, "food": 8, "comp": 3, "offices": 2}}, {"type": "Feature", "geometry": {"type": "Polygon", "coordinates": [[[23.55573929717108, 46.7688986704994], [23.559018079357614, 46.7688986704994], [23.559018079357614, 46.77114444843687], [23.55573929717108, 46.77114444843687], [23.55573929717108, 46.7688986704994]]]}, "properties": {"score": 48, "res500": 6954, "transit": 4, "shops": 24, "food": 7, "comp": 2, "offices": 8}}, {"type": "Feature", "geometry": {"type": "Polygon", "coordinates": [[[23.559018079357614, 46.7688986704994], [23.562296861544148, 46.7688986704994], [23.562296861544148, 46.77114444843687], [23.559018079357614, 46.77114444843687], [23.559018079357614, 46.7688986704994]]]}, "properties": {"score": 38, "res500": 5994, "transit": 3, "shops": 13, "food": 7, "comp": 5, "offices": 7}}, {"type": "Feature", "geometry": {"type": "Polygon", "coordinates": [[[23.562296861544148, 46.7688986704994], [23.565575643730682, 46.7688986704994], [23.565575643730682, 46.77114444843687], [23.562296861544148, 46.77114444843687], [23.562296861544148, 46.7688986704994]]]}, "properties": {"score": 44, "res500": 5246, "transit": 5, "shops": 8, "food": 9, "comp": 2, "offices": 9}}, {"type": "Feature", "geometry": {"type": "Polygon", "coordinates": [[[23.565575643730682, 46.7688986704994], [23.568854425917216, 46.7688986704994], [23.568854425917216, 46.77114444843687], [23.565575643730682, 46.77114444843687], [23.565575643730682, 46.7688986704994]]]}, "properties": {"score": 36, "res500": 4211, "transit": 4, "shops": 6, "food": 7, "comp": 1, "offices": 10}}, {"type": "Feature", "geometry": {"type": "Polygon", "coordinates": [[[23.568854425917216, 46.7688986704994], [23.57213320810375, 46.7688986704994], [23.57213320810375, 46.77114444843687], [23.568854425917216, 46.77114444843687], [23.568854425917216, 46.7688986704994]]]}, "properties": {"score": 40, "res500": 3549, "transit": 9, "shops": 7, "food": 9, "comp": 1, "offices": 7}}, {"type": "Feature", "geometry": {"type": "Polygon", "coordinates": [[[23.57213320810375, 46.7688986704994], [23.575411990290284, 46.7688986704994], [23.575411990290284, 46.77114444843687], [23.57213320810375, 46.77114444843687], [23.57213320810375, 46.7688986704994]]]}, "properties": {"score": 30, "res500": 2891, "transit": 4, "shops": 4, "food": 5, "comp": 1, "offices": 8}}, {"type": "Feature", "geometry": {"type": "Polygon", "coordinates": [[[23.575411990290284, 46.7688986704994], [23.57869077247682, 46.7688986704994], [23.57869077247682, 46.77114444843687], [23.575411990290284, 46.77114444843687], [23.575411990290284, 46.7688986704994]]]}, "properties": {"score": 33, "res500": 2745, "transit": 4, "shops": 1, "food": 4, "comp": 0, "offices": 11}}, {"type": "Feature", "geometry": {"type": "Polygon", "coordinates": [[[23.57869077247682, 46.7688986704994], [23.581969554663353, 46.7688986704994], [23.581969554663353, 46.77114444843687], [23.57869077247682, 46.77114444843687], [23.57869077247682, 46.7688986704994]]]}, "properties": {"score": 37, "res500": 3463, "transit": 0, "shops": 2, "food": 25, "comp": 3, "offices": 23}}, {"type": "Feature", "geometry": {"type": "Polygon", "coordinates": [[[23.581969554663353, 46.7688986704994], [23.585248336849887, 46.7688986704994], [23.585248336849887, 46.77114444843687], [23.581969554663353, 46.77114444843687], [23.581969554663353, 46.7688986704994]]]}, "properties": {"score": 61, "res500": 4671, "transit": 6, "shops": 61, "food": 101, "comp": 22, "offices": 40}}, {"type": "Feature", "geometry": {"type": "Polygon", "coordinates": [[[23.585248336849887, 46.7688986704994], [23.58852711903642, 46.7688986704994], [23.58852711903642, 46.77114444843687], [23.585248336849887, 46.77114444843687], [23.585248336849887, 46.7688986704994]]]}, "properties": {"score": 54, "res500": 5714, "transit": 2, "shops": 145, "food": 162, "comp": 64, "offices": 75}}, {"type": "Feature", "geometry": {"type": "Polygon", "coordinates": [[[23.58852711903642, 46.7688986704994], [23.591805901222955, 46.7688986704994], [23.591805901222955, 46.77114444843687], [23.58852711903642, 46.77114444843687], [23.58852711903642, 46.7688986704994]]]}, "properties": {"score": 63, "res500": 6893, "transit": 4, "shops": 187, "food": 174, "comp": 54, "offices": 97}}, {"type": "Feature", "geometry": {"type": "Polygon", "coordinates": [[[23.591805901222955, 46.7688986704994], [23.59508468340949, 46.7688986704994], [23.59508468340949, 46.77114444843687], [23.591805901222955, 46.77114444843687], [23.591805901222955, 46.7688986704994]]]}, "properties": {"score": 62, "res500": 6376, "transit": 4, "shops": 147, "food": 88, "comp": 33, "offices": 90}}, {"type": "Feature", "geometry": {"type": "Polygon", "coordinates": [[[23.59508468340949, 46.7688986704994], [23.598363465596023, 46.7688986704994], [23.598363465596023, 46.77114444843687], [23.59508468340949, 46.77114444843687], [23.59508468340949, 46.7688986704994]]]}, "properties": {"score": 65, "res500": 5466, "transit": 6, "shops": 87, "food": 47, "comp": 10, "offices": 83}}, {"type": "Feature", "geometry": {"type": "Polygon", "coordinates": [[[23.598363465596023, 46.7688986704994], [23.601642247782557, 46.7688986704994], [23.601642247782557, 46.77114444843687], [23.598363465596023, 46.77114444843687], [23.598363465596023, 46.7688986704994]]]}, "properties": {"score": 69, "res500": 5843, "transit": 7, "shops": 41, "food": 31, "comp": 6, "offices": 95}}, {"type": "Feature", "geometry": {"type": "Polygon", "coordinates": [[[23.601642247782557, 46.7688986704994], [23.60492102996909, 46.7688986704994], [23.60492102996909, 46.77114444843687], [23.601642247782557, 46.77114444843687], [23.601642247782557, 46.7688986704994]]]}, "properties": {"score": 49, "res500": 5913, "transit": 2, "shops": 16, "food": 26, "comp": 8, "offices": 83}}, {"type": "Feature", "geometry": {"type": "Polygon", "coordinates": [[[23.60492102996909, 46.7688986704994], [23.608199812155625, 46.7688986704994], [23.608199812155625, 46.77114444843687], [23.60492102996909, 46.77114444843687], [23.60492102996909, 46.7688986704994]]]}, "properties": {"score": 58, "res500": 7053, "transit": 2, "shops": 17, "food": 17, "comp": 2, "offices": 58}}, {"type": "Feature", "geometry": {"type": "Polygon", "coordinates": [[[23.608199812155625, 46.7688986704994], [23.61147859434216, 46.7688986704994], [23.61147859434216, 46.77114444843687], [23.608199812155625, 46.77114444843687], [23.608199812155625, 46.7688986704994]]]}, "properties": {"score": 51, "res500": 7227, "transit": 2, "shops": 8, "food": 6, "comp": 1, "offices": 29}}, {"type": "Feature", "geometry": {"type": "Polygon", "coordinates": [[[23.61147859434216, 46.7688986704994], [23.614757376528694, 46.7688986704994], [23.614757376528694, 46.77114444843687], [23.61147859434216, 46.77114444843687], [23.61147859434216, 46.7688986704994]]]}, "properties": {"score": 47, "res500": 7754, "transit": 3, "shops": 10, "food": 6, "comp": 0, "offices": 7}}, {"type": "Feature", "geometry": {"type": "Polygon", "coordinates": [[[23.614757376528694, 46.7688986704994], [23.618036158715228, 46.7688986704994], [23.618036158715228, 46.77114444843687], [23.614757376528694, 46.77114444843687], [23.614757376528694, 46.7688986704994]]]}, "properties": {"score": 48, "res500": 7428, "transit": 2, "shops": 19, "food": 5, "comp": 2, "offices": 8}}, {"type": "Feature", "geometry": {"type": "Polygon", "coordinates": [[[23.618036158715228, 46.7688986704994], [23.62131494090176, 46.7688986704994], [23.62131494090176, 46.77114444843687], [23.618036158715228, 46.77114444843687], [23.618036158715228, 46.7688986704994]]]}, "properties": {"score": 49, "res500": 6966, "transit": 3, "shops": 16, "food": 7, "comp": 4, "offices": 11}}, {"type": "Feature", "geometry": {"type": "Polygon", "coordinates": [[[23.62131494090176, 46.7688986704994], [23.624593723088296, 46.7688986704994], [23.624593723088296, 46.77114444843687], [23.62131494090176, 46.77114444843687], [23.62131494090176, 46.7688986704994]]]}, "properties": {"score": 61, "res500": 5960, "transit": 5, "shops": 10, "food": 13, "comp": 0, "offices": 15}}, {"type": "Feature", "geometry": {"type": "Polygon", "coordinates": [[[23.624593723088296, 46.7688986704994], [23.62787250527483, 46.7688986704994], [23.62787250527483, 46.77114444843687], [23.624593723088296, 46.77114444843687], [23.624593723088296, 46.7688986704994]]]}, "properties": {"score": 59, "res500": 4557, "transit": 7, "shops": 32, "food": 16, "comp": 5, "offices": 12}}, {"type": "Feature", "geometry": {"type": "Polygon", "coordinates": [[[23.62787250527483, 46.7688986704994], [23.631151287461364, 46.7688986704994], [23.631151287461364, 46.77114444843687], [23.62787250527483, 46.77114444843687], [23.62787250527483, 46.7688986704994]]]}, "properties": {"score": 60, "res500": 4314, "transit": 6, "shops": 31, "food": 19, "comp": 0, "offices": 8}}, {"type": "Feature", "geometry": {"type": "Polygon", "coordinates": [[[23.631151287461364, 46.7688986704994], [23.634430069647898, 46.7688986704994], [23.634430069647898, 46.77114444843687], [23.631151287461364, 46.77114444843687], [23.631151287461364, 46.7688986704994]]]}, "properties": {"score": 29, "res500": 5143, "transit": 1, "shops": 7, "food": 4, "comp": 1, "offices": 6}}, {"type": "Feature", "geometry": {"type": "Polygon", "coordinates": [[[23.634430069647898, 46.7688986704994], [23.637708851834432, 46.7688986704994], [23.637708851834432, 46.77114444843687], [23.634430069647898, 46.77114444843687], [23.634430069647898, 46.7688986704994]]]}, "properties": {"score": 26, "res500": 5436, "transit": 2, "shops": 2, "food": 1, "comp": 0, "offices": 1}}, {"type": "Feature", "geometry": {"type": "Polygon", "coordinates": [[[23.637708851834432, 46.7688986704994], [23.640987634020966, 46.7688986704994], [23.640987634020966, 46.77114444843687], [23.637708851834432, 46.77114444843687], [23.637708851834432, 46.7688986704994]]]}, "properties": {"score": 25, "res500": 4625, "transit": 3, "shops": 1, "food": 0, "comp": 0, "offices": 1}}, {"type": "Feature", "geometry": {"type": "Polygon", "coordinates": [[[23.640987634020966, 46.7688986704994], [23.6442664162075, 46.7688986704994], [23.6442664162075, 46.77114444843687], [23.640987634020966, 46.77114444843687], [23.640987634020966, 46.7688986704994]]]}, "properties": {"score": 10, "res500": 1710, "transit": 1, "shops": 0, "food": 0, "comp": 0, "offices": 1}}, {"type": "Feature", "geometry": {"type": "Polygon", "coordinates": [[[23.6442664162075, 46.7688986704994], [23.647545198394035, 46.7688986704994], [23.647545198394035, 46.77114444843687], [23.6442664162075, 46.77114444843687], [23.6442664162075, 46.7688986704994]]]}, "properties": {"score": 2, "res500": 412, "transit": 0, "shops": 0, "food": 0, "comp": 0, "offices": 0}}, {"type": "Feature", "geometry": {"type": "Polygon", "coordinates": [[[23.657381544953637, 46.7688986704994], [23.66066032714017, 46.7688986704994], [23.66066032714017, 46.77114444843687], [23.657381544953637, 46.77114444843687], [23.657381544953637, 46.7688986704994]]]}, "properties": {"score": 1, "res500": 275, "transit": 0, "shops": 0, "food": 0, "comp": 0, "offices": 0}}, {"type": "Feature", "geometry": {"type": "Polygon", "coordinates": [[[23.66066032714017, 46.7688986704994], [23.663939109326705, 46.7688986704994], [23.663939109326705, 46.77114444843687], [23.66066032714017, 46.77114444843687], [23.66066032714017, 46.7688986704994]]]}, "properties": {"score": 1, "res500": 297, "transit": 0, "shops": 0, "food": 0, "comp": 0, "offices": 0}}, {"type": "Feature", "geometry": {"type": "Polygon", "coordinates": [[[23.663939109326705, 46.7688986704994], [23.66721789151324, 46.7688986704994], [23.66721789151324, 46.77114444843687], [23.663939109326705, 46.77114444843687], [23.663939109326705, 46.7688986704994]]]}, "properties": {"score": 1, "res500": 297, "transit": 0, "shops": 0, "food": 0, "comp": 0, "offices": 0}}, {"type": "Feature", "geometry": {"type": "Polygon", "coordinates": [[[23.66721789151324, 46.7688986704994], [23.670496673699773, 46.7688986704994], [23.670496673699773, 46.77114444843687], [23.66721789151324, 46.77114444843687], [23.66721789151324, 46.7688986704994]]]}, "properties": {"score": 1, "res500": 244, "transit": 0, "shops": 0, "food": 0, "comp": 0, "offices": 0}}, {"type": "Feature", "geometry": {"type": "Polygon", "coordinates": [[[23.542625945719045, 46.77114444843687], [23.54590486462051, 46.77114444843687], [23.54590486462051, 46.773390226374346], [23.542625945719045, 46.773390226374346], [23.542625945719045, 46.77114444843687]]]}, "properties": {"score": 4, "res500": 559, "transit": 0, "shops": 0, "food": 0, "comp": 0, "offices": 0}}, {"type": "Feature", "geometry": {"type": "Polygon", "coordinates": [[[23.54590486462051, 46.77114444843687], [23.549183783521975, 46.77114444843687], [23.549183783521975, 46.773390226374346], [23.54590486462051, 46.773390226374346], [23.54590486462051, 46.77114444843687]]]}, "properties": {"score": 10, "res500": 1352, "transit": 0, "shops": 0, "food": 6, "comp": 0, "offices": 1}}, {"type": "Feature", "geometry": {"type": "Polygon", "coordinates": [[[23.549183783521975, 46.77114444843687], [23.55246270242344, 46.77114444843687], [23.55246270242344, 46.773390226374346], [23.549183783521975, 46.773390226374346], [23.549183783521975, 46.77114444843687]]]}, "properties": {"score": 16, "res500": 3264, "transit": 0, "shops": 9, "food": 7, "comp": 4, "offices": 1}}, {"type": "Feature", "geometry": {"type": "Polygon", "coordinates": [[[23.55246270242344, 46.77114444843687], [23.555741621324906, 46.77114444843687], [23.555741621324906, 46.773390226374346], [23.55246270242344, 46.773390226374346], [23.55246270242344, 46.77114444843687]]]}, "properties": {"score": 26, "res500": 5117, "transit": 0, "shops": 14, "food": 6, "comp": 1, "offices": 1}}, {"type": "Feature", "geometry": {"type": "Polygon", "coordinates": [[[23.555741621324906, 46.77114444843687], [23.55902054022637, 46.77114444843687], [23.55902054022637, 46.773390226374346], [23.555741621324906, 46.773390226374346], [23.555741621324906, 46.77114444843687]]]}, "properties": {"score": 33, "res500": 6368, "transit": 0, "shops": 17, "food": 6, "comp": 0, "offices": 5}}, {"type": "Feature", "geometry": {"type": "Polygon", "coordinates": [[[23.55902054022637, 46.77114444843687], [23.562299459127836, 46.77114444843687], [23.562299459127836, 46.773390226374346], [23.55902054022637, 46.773390226374346], [23.55902054022637, 46.77114444843687]]]}, "properties": {"score": 39, "res500": 5906, "transit": 3, "shops": 17, "food": 6, "comp": 3, "offices": 8}}, {"type": "Feature", "geometry": {"type": "Polygon", "coordinates": [[[23.562299459127836, 46.77114444843687], [23.5655783780293, 46.77114444843687], [23.5655783780293, 46.773390226374346], [23.562299459127836, 46.773390226374346], [23.562299459127836, 46.77114444843687]]]}, "properties": {"score": 36, "res500": 5373, "transit": 3, "shops": 8, "food": 7, "comp": 2, "offices": 9}}, {"type": "Feature", "geometry": {"type": "Polygon", "coordinates": [[[23.5655783780293, 46.77114444843687], [23.568857296930766, 46.77114444843687], [23.568857296930766, 46.773390226374346], [23.5655783780293, 46.773390226374346], [23.5655783780293, 46.77114444843687]]]}, "properties": {"score": 31, "res500": 4314, "transit": 4, "shops": 6, "food": 5, "comp": 3, "offices": 7}}, {"type": "Feature", "geometry": {"type": "Polygon", "coordinates": [[[23.568857296930766, 46.77114444843687], [23.57213621583223, 46.77114444843687], [23.57213621583223, 46.773390226374346], [23.568857296930766, 46.773390226374346], [23.568857296930766, 46.77114444843687]]]}, "properties": {"score": 22, "res500": 3059, "transit": 1, "shops": 3, "food": 8, "comp": 2, "offices": 6}}, {"type": "Feature", "geometry": {"type": "Polygon", "coordinates": [[[23.57213621583223, 46.77114444843687], [23.575415134733696, 46.77114444843687], [23.575415134733696, 46.773390226374346], [23.57213621583223, 46.773390226374346], [23.57213621583223, 46.77114444843687]]]}, "properties": {"score": 21, "res500": 2541, "transit": 2, "shops": 1, "food": 5, "comp": 1, "offices": 5}}, {"type": "Feature", "geometry": {"type": "Polygon", "coordinates": [[[23.575415134733696, 46.77114444843687], [23.57869405363516, 46.77114444843687], [23.57869405363516, 46.773390226374346], [23.575415134733696, 46.773390226374346], [23.575415134733696, 46.77114444843687]]]}, "properties": {"score": 23, "res500": 2187, "transit": 2, "shops": 1, "food": 3, "comp": 0, "offices": 7}}, {"type": "Feature", "geometry": {"type": "Polygon", "coordinates": [[[23.57869405363516, 46.77114444843687], [23.581972972536626, 46.77114444843687], [23.581972972536626, 46.773390226374346], [23.57869405363516, 46.773390226374346], [23.57869405363516, 46.77114444843687]]]}, "properties": {"score": 49, "res500": 2516, "transit": 6, "shops": 1, "food": 15, "comp": 1, "offices": 15}}, {"type": "Feature", "geometry": {"type": "Polygon", "coordinates": [[[23.581972972536626, 46.77114444843687], [23.58525189143809, 46.77114444843687], [23.58525189143809, 46.773390226374346], [23.581972972536626, 46.773390226374346], [23.581972972536626, 46.77114444843687]]]}, "properties": {"score": 56, "res500": 4064, "transit": 6, "shops": 28, "food": 78, "comp": 8, "offices": 57}}, {"type": "Feature", "geometry": {"type": "Polygon", "coordinates": [[[23.58525189143809, 46.77114444843687], [23.588530810339556, 46.77114444843687], [23.588530810339556, 46.773390226374346], [23.58525189143809, 46.773390226374346], [23.58525189143809, 46.77114444843687]]]}, "properties": {"score": 64, "res500": 5603, "transit": 9, "shops": 147, "food": 129, "comp": 49, "offices": 83}}, {"type": "Feature", "geometry": {"type": "Polygon", "coordinates": [[[23.588530810339556, 46.77114444843687], [23.59180972924102, 46.77114444843687], [23.59180972924102, 46.773390226374346], [23.588530810339556, 46.773390226374346], [23.588530810339556, 46.77114444843687]]]}, "properties": {"score": 67, "res500": 6576, "transit": 7, "shops": 211, "food": 149, "comp": 33, "offices": 106}}, {"type": "Feature", "geometry": {"type": "Polygon", "coordinates": [[[23.59180972924102, 46.77114444843687], [23.595088648142486, 46.77114444843687], [23.595088648142486, 46.773390226374346], [23.59180972924102, 46.773390226374346], [23.59180972924102, 46.77114444843687]]]}, "properties": {"score": 57, "res500": 6379, "transit": 2, "shops": 185, "food": 86, "comp": 17, "offices": 103}}, {"type": "Feature", "geometry": {"type": "Polygon", "coordinates": [[[23.595088648142486, 46.77114444843687], [23.59836756704395, 46.77114444843687], [23.59836756704395, 46.773390226374346], [23.595088648142486, 46.773390226374346], [23.595088648142486, 46.77114444843687]]]}, "properties": {"score": 68, "res500": 5993, "transit": 6, "shops": 71, "food": 42, "comp": 7, "offices": 100}}, {"type": "Feature", "geometry": {"type": "Polygon", "coordinates": [[[23.59836756704395, 46.77114444843687], [23.601646485945416, 46.77114444843687], [23.601646485945416, 46.773390226374346], [23.59836756704395, 46.773390226374346], [23.59836756704395, 46.77114444843687]]]}, "properties": {"score": 50, "res500": 4964, "transit": 4, "shops": 10, "food": 26, "comp": 12, "offices": 93}}, {"type": "Feature", "geometry": {"type": "Polygon", "coordinates": [[[23.601646485945416, 46.77114444843687], [23.60492540484688, 46.77114444843687], [23.60492540484688, 46.773390226374346], [23.601646485945416, 46.773390226374346], [23.601646485945416, 46.77114444843687]]]}, "properties": {"score": 47, "res500": 5656, "transit": 1, "shops": 20, "food": 33, "comp": 8, "offices": 90}}, {"type": "Feature", "geometry": {"type": "Polygon", "coordinates": [[[23.60492540484688, 46.77114444843687], [23.608204323748346, 46.77114444843687], [23.608204323748346, 46.773390226374346], [23.60492540484688, 46.773390226374346], [23.60492540484688, 46.77114444843687]]]}, "properties": {"score": 58, "res500": 6817, "transit": 2, "shops": 23, "food": 22, "comp": 5, "offices": 62}}, {"type": "Feature", "geometry": {"type": "Polygon", "coordinates": [[[23.608204323748346, 46.77114444843687], [23.61148324264981, 46.77114444843687], [23.61148324264981, 46.773390226374346], [23.608204323748346, 46.773390226374346], [23.608204323748346, 46.77114444843687]]]}, "properties": {"score": 51, "res500": 7045, "transit": 1, "shops": 13, "food": 9, "comp": 2, "offices": 36}}, {"type": "Feature", "geometry": {"type": "Polygon", "coordinates": [[[23.61148324264981, 46.77114444843687], [23.614762161551276, 46.77114444843687], [23.614762161551276, 46.773390226374346], [23.61148324264981, 46.773390226374346], [23.61148324264981, 46.77114444843687]]]}, "properties": {"score": 44, "res500": 7326, "transit": 0, "shops": 1, "food": 2, "comp": 0, "offices": 16}}, {"type": "Feature", "geometry": {"type": "Polygon", "coordinates": [[[23.614762161551276, 46.77114444843687], [23.61804108045274, 46.77114444843687], [23.61804108045274, 46.773390226374346], [23.614762161551276, 46.773390226374346], [23.614762161551276, 46.77114444843687]]]}, "properties": {"score": 48, "res500": 7382, "transit": 0, "shops": 8, "food": 8, "comp": 1, "offices": 10}}, {"type": "Feature", "geometry": {"type": "Polygon", "coordinates": [[[23.61804108045274, 46.77114444843687], [23.621319999354206, 46.77114444843687], [23.621319999354206, 46.773390226374346], [23.61804108045274, 46.773390226374346], [23.61804108045274, 46.77114444843687]]]}, "properties": {"score": 49, "res500": 6380, "transit": 2, "shops": 13, "food": 9, "comp": 3, "offices": 13}}, {"type": "Feature", "geometry": {"type": "Polygon", "coordinates": [[[23.621319999354206, 46.77114444843687], [23.62459891825567, 46.77114444843687], [23.62459891825567, 46.773390226374346], [23.621319999354206, 46.773390226374346], [23.621319999354206, 46.77114444843687]]]}, "properties": {"score": 63, "res500": 5988, "transit": 4, "shops": 20, "food": 16, "comp": 1, "offices": 17}}, {"type": "Feature", "geometry": {"type": "Polygon", "coordinates": [[[23.62459891825567, 46.77114444843687], [23.627877837157136, 46.77114444843687], [23.627877837157136, 46.773390226374346], [23.62459891825567, 46.773390226374346], [23.62459891825567, 46.77114444843687]]]}, "properties": {"score": 53, "res500": 5218, "transit": 2, "shops": 52, "food": 20, "comp": 13, "offices": 15}}, {"type": "Feature", "geometry": {"type": "Polygon", "coordinates": [[[23.627877837157136, 46.77114444843687], [23.6311567560586, 46.77114444843687], [23.6311567560586, 46.773390226374346], [23.627877837157136, 46.773390226374346], [23.627877837157136, 46.77114444843687]]]}, "properties": {"score": 49, "res500": 5004, "transit": 3, "shops": 52, "food": 21, "comp": 12, "offices": 11}}, {"type": "Feature", "geometry": {"type": "Polygon", "coordinates": [[[23.6311567560586, 46.77114444843687], [23.634435674960066, 46.77114444843687], [23.634435674960066, 46.773390226374346], [23.6311567560586, 46.773390226374346], [23.6311567560586, 46.77114444843687]]]}, "properties": {"score": 34, "res500": 5524, "transit": 0, "shops": 2, "food": 13, "comp": 0, "offices": 6}}, {"type": "Feature", "geometry": {"type": "Polygon", "coordinates": [[[23.634435674960066, 46.77114444843687], [23.63771459386153, 46.77114444843687], [23.63771459386153, 46.773390226374346], [23.634435674960066, 46.773390226374346], [23.634435674960066, 46.77114444843687]]]}, "properties": {"score": 17, "res500": 4525, "transit": 0, "shops": 0, "food": 0, "comp": 0, "offices": 1}}, {"type": "Feature", "geometry": {"type": "Polygon", "coordinates": [[[23.63771459386153, 46.77114444843687], [23.640993512762996, 46.77114444843687], [23.640993512762996, 46.773390226374346], [23.63771459386153, 46.773390226374346], [23.63771459386153, 46.77114444843687]]]}, "properties": {"score": 9, "res500": 2044, "transit": 0, "shops": 0, "food": 0, "comp": 0, "offices": 1}}, {"type": "Feature", "geometry": {"type": "Polygon", "coordinates": [[[23.640993512762996, 46.77114444843687], [23.64427243166446, 46.77114444843687], [23.64427243166446, 46.773390226374346], [23.640993512762996, 46.773390226374346], [23.640993512762996, 46.77114444843687]]]}, "properties": {"score": 4, "res500": 597, "transit": 0, "shops": 0, "food": 0, "comp": 0, "offices": 1}}, {"type": "Feature", "geometry": {"type": "Polygon", "coordinates": [[[23.65738810727032, 46.77114444843687], [23.660667026171787, 46.77114444843687], [23.660667026171787, 46.773390226374346], [23.65738810727032, 46.773390226374346], [23.65738810727032, 46.77114444843687]]]}, "properties": {"score": 2, "res500": 506, "transit": 0, "shops": 0, "food": 0, "comp": 0, "offices": 0}}, {"type": "Feature", "geometry": {"type": "Polygon", "coordinates": [[[23.660667026171787, 46.77114444843687], [23.66394594507325, 46.77114444843687], [23.66394594507325, 46.773390226374346], [23.660667026171787, 46.773390226374346], [23.660667026171787, 46.77114444843687]]]}, "properties": {"score": 3, "res500": 747, "transit": 0, "shops": 0, "food": 0, "comp": 0, "offices": 0}}, {"type": "Feature", "geometry": {"type": "Polygon", "coordinates": [[[23.66394594507325, 46.77114444843687], [23.667224863974717, 46.77114444843687], [23.667224863974717, 46.773390226374346], [23.66394594507325, 46.773390226374346], [23.66394594507325, 46.77114444843687]]]}, "properties": {"score": 2, "res500": 487, "transit": 0, "shops": 0, "food": 0, "comp": 0, "offices": 0}}, {"type": "Feature", "geometry": {"type": "Polygon", "coordinates": [[[23.667224863974717, 46.77114444843687], [23.67050378287618, 46.77114444843687], [23.67050378287618, 46.773390226374346], [23.667224863974717, 46.773390226374346], [23.667224863974717, 46.77114444843687]]]}, "properties": {"score": 1, "res500": 337, "transit": 0, "shops": 0, "food": 0, "comp": 0, "offices": 0}}, {"type": "Feature", "geometry": {"type": "Polygon", "coordinates": [[[23.542627723226893, 46.773390226374346], [23.54590677885973, 46.773390226374346], [23.54590677885973, 46.77563600431182], [23.542627723226893, 46.77563600431182], [23.542627723226893, 46.773390226374346]]]}, "properties": {"score": 2, "res500": 268, "transit": 0, "shops": 0, "food": 0, "comp": 0, "offices": 0}}, {"type": "Feature", "geometry": {"type": "Polygon", "coordinates": [[[23.54590677885973, 46.773390226374346], [23.54918583449257, 46.773390226374346], [23.54918583449257, 46.77563600431182], [23.54590677885973, 46.77563600431182], [23.54590677885973, 46.773390226374346]]]}, "properties": {"score": 4, "res500": 514, "transit": 0, "shops": 0, "food": 0, "comp": 0, "offices": 0}}, {"type": "Feature", "geometry": {"type": "Polygon", "coordinates": [[[23.54918583449257, 46.773390226374346], [23.552464890125407, 46.773390226374346], [23.552464890125407, 46.77563600431182], [23.54918583449257, 46.77563600431182], [23.54918583449257, 46.773390226374346]]]}, "properties": {"score": 9, "res500": 1399, "transit": 0, "shops": 0, "food": 3, "comp": 0, "offices": 1}}, {"type": "Feature", "geometry": {"type": "Polygon", "coordinates": [[[23.552464890125407, 46.773390226374346], [23.555743945758245, 46.773390226374346], [23.555743945758245, 46.77563600431182], [23.552464890125407, 46.77563600431182], [23.552464890125407, 46.773390226374346]]]}, "properties": {"score": 12, "res500": 2772, "transit": 0, "shops": 0, "food": 1, "comp": 0, "offices": 0}}, {"type": "Feature", "geometry": {"type": "Polygon", "coordinates": [[[23.555743945758245, 46.773390226374346], [23.559023001391083, 46.773390226374346], [23.559023001391083, 46.77563600431182], [23.555743945758245, 46.77563600431182], [23.555743945758245, 46.773390226374346]]]}, "properties": {"score": 19, "res500": 3996, "transit": 0, "shops": 7, "food": 0, "comp": 0, "offices": 3}}, {"type": "Feature", "geometry": {"type": "Polygon", "coordinates": [[[23.559023001391083, 46.773390226374346], [23.56230205702392, 46.773390226374346], [23.56230205702392, 46.77563600431182], [23.559023001391083, 46.77563600431182], [23.559023001391083, 46.773390226374346]]]}, "properties": {"score": 20, "res500": 4242, "transit": 0, "shops": 5, "food": 2, "comp": 0, "offices": 3}}, {"type": "Feature", "geometry": {"type": "Polygon", "coordinates": [[[23.56230205702392, 46.773390226374346], [23.56558111265676, 46.773390226374346], [23.56558111265676, 46.77563600431182], [23.56230205702392, 46.77563600431182], [23.56230205702392, 46.773390226374346]]]}, "properties": {"score": 20, "res500": 4050, "transit": 0, "shops": 5, "food": 4, "comp": 1, "offices": 3}}, {"type": "Feature", "geometry": {"type": "Polygon", "coordinates": [[[23.56558111265676, 46.773390226374346], [23.568860168289596, 46.773390226374346], [23.568860168289596, 46.77563600431182], [23.56558111265676, 46.77563600431182], [23.56558111265676, 46.773390226374346]]]}, "properties": {"score": 19, "res500": 3389, "transit": 0, "shops": 2, "food": 7, "comp": 1, "offices": 3}}, {"type": "Feature", "geometry": {"type": "Polygon", "coordinates": [[[23.568860168289596, 46.773390226374346], [23.572139223922434, 46.773390226374346], [23.572139223922434, 46.77563600431182], [23.568860168289596, 46.77563600431182], [23.568860168289596, 46.773390226374346]]]}, "properties": {"score": 14, "res500": 3548, "transit": 0, "shops": 0, "food": 6, "comp": 3, "offices": 3}}, {"type": "Feature", "geometry": {"type": "Polygon", "coordinates": [[[23.572139223922434, 46.773390226374346], [23.575418279555272, 46.773390226374346], [23.575418279555272, 46.77563600431182], [23.572139223922434, 46.77563600431182], [23.572139223922434, 46.773390226374346]]]}, "properties": {"score": 18, "res500": 3591, "transit": 1, "shops": 1, "food": 5, "comp": 2, "offices": 4}}, {"type": "Feature", "geometry": {"type": "Polygon", "coordinates": [[[23.575418279555272, 46.773390226374346], [23.57869733518811, 46.773390226374346], [23.57869733518811, 46.77563600431182], [23.575418279555272, 46.77563600431182], [23.575418279555272, 46.773390226374346]]]}, "properties": {"score": 20, "res500": 3140, "transit": 1, "shops": 0, "food": 4, "comp": 1, "offices": 6}}, {"type": "Feature", "geometry": {"type": "Polygon", "coordinates": [[[23.57869733518811, 46.773390226374346], [23.581976390820948, 46.773390226374346], [23.581976390820948, 46.77563600431182], [23.57869733518811, 46.77563600431182], [23.57869733518811, 46.773390226374346]]]}, "properties": {"score": 30, "res500": 2834, "transit": 2, "shops": 1, "food": 4, "comp": 2, "offices": 18}}, {"type": "Feature", "geometry": {"type": "Polygon", "coordinates": [[[23.581976390820948, 46.773390226374346], [23.585255446453786, 46.773390226374346], [23.585255446453786, 46.77563600431182], [23.581976390820948, 46.77563600431182], [23.581976390820948, 46.773390226374346]]]}, "properties": {"score": 60, "res500": 3796, "transit": 6, "shops": 11, "food": 34, "comp": 1, "offices": 40}}, {"type": "Feature", "geometry": {"type": "Polygon", "coordinates": [[[23.585255446453786, 46.773390226374346], [23.588534502086624, 46.773390226374346], [23.588534502086624, 46.77563600431182], [23.585255446453786, 46.77563600431182], [23.585255446453786, 46.773390226374346]]]}, "properties": {"score": 64, "res500": 5082, "transit": 9, "shops": 111, "food": 80, "comp": 19, "offices": 81}}, {"type": "Feature", "geometry": {"type": "Polygon", "coordinates": [[[23.588534502086624, 46.773390226374346], [23.591813557719462, 46.773390226374346], [23.591813557719462, 46.77563600431182], [23.588534502086624, 46.77563600431182], [23.588534502086624, 46.773390226374346]]]}, "properties": {"score": 67, "res500": 6230, "transit": 9, "shops": 183, "food": 87, "comp": 21, "offices": 93}}, {"type": "Feature", "geometry": {"type": "Polygon", "coordinates": [[[23.591813557719462, 46.773390226374346], [23.5950926133523, 46.773390226374346], [23.5950926133523, 46.77563600431182], [23.591813557719462, 46.77563600431182], [23.591813557719462, 46.773390226374346]]]}, "properties": {"score": 62, "res500": 6384, "transit": 4, "shops": 108, "food": 52, "comp": 15, "offices": 98}}, {"type": "Feature", "geometry": {"type": "Polygon", "coordinates": [[[23.5950926133523, 46.773390226374346], [23.598371668985138, 46.773390226374346], [23.598371668985138, 46.77563600431182], [23.5950926133523, 46.77563600431182], [23.5950926133523, 46.773390226374346]]]}, "properties": {"score": 62, "res500": 5716, "transit": 3, "shops": 30, "food": 29, "comp": 3, "offices": 103}}, {"type": "Feature", "geometry": {"type": "Polygon", "coordinates": [[[23.598371668985138, 46.773390226374346], [23.601650724617976, 46.773390226374346], [23.601650724617976, 46.77563600431182], [23.598371668985138, 46.77563600431182], [23.598371668985138, 46.773390226374346]]]}, "properties": {"score": 55, "res500": 5180, "transit": 3, "shops": 10, "food": 30, "comp": 3, "offices": 109}}, {"type": "Feature", "geometry": {"type": "Polygon", "coordinates": [[[23.601650724617976, 46.773390226374346], [23.604929780250814, 46.773390226374346], [23.604929780250814, 46.77563600431182], [23.601650724617976, 46.77563600431182], [23.601650724617976, 46.773390226374346]]]}, "properties": {"score": 52, "res500": 5618, "transit": 2, "shops": 26, "food": 35, "comp": 8, "offices": 88}}, {"type": "Feature", "geometry": {"type": "Polygon", "coordinates": [[[23.604929780250814, 46.773390226374346], [23.60820883588365, 46.773390226374346], [23.60820883588365, 46.77563600431182], [23.604929780250814, 46.77563600431182], [23.604929780250814, 46.773390226374346]]]}, "properties": {"score": 58, "res500": 6420, "transit": 2, "shops": 37, "food": 23, "comp": 9, "offices": 62}}, {"type": "Feature", "geometry": {"type": "Polygon", "coordinates": [[[23.60820883588365, 46.773390226374346], [23.61148789151649, 46.773390226374346], [23.61148789151649, 46.77563600431182], [23.60820883588365, 46.77563600431182], [23.60820883588365, 46.773390226374346]]]}, "properties": {"score": 63, "res500": 6488, "transit": 1, "shops": 27, "food": 19, "comp": 0, "offices": 46}}, {"type": "Feature", "geometry": {"type": "Polygon", "coordinates": [[[23.61148789151649, 46.773390226374346], [23.614766947149327, 46.773390226374346], [23.614766947149327, 46.77563600431182], [23.61148789151649, 46.77563600431182], [23.61148789151649, 46.773390226374346]]]}, "properties": {"score": 58, "res500": 7378, "transit": 1, "shops": 20, "food": 11, "comp": 0, "offices": 21}}, {"type": "Feature", "geometry": {"type": "Polygon", "coordinates": [[[23.614766947149327, 46.773390226374346], [23.618046002782165, 46.773390226374346], [23.618046002782165, 46.77563600431182], [23.614766947149327, 46.77563600431182], [23.614766947149327, 46.773390226374346]]]}, "properties": {"score": 51, "res500": 7740, "transit": 0, "shops": 5, "food": 9, "comp": 0, "offices": 17}}, {"type": "Feature", "geometry": {"type": "Polygon", "coordinates": [[[23.618046002782165, 46.773390226374346], [23.621325058415003, 46.773390226374346], [23.621325058415003, 46.77563600431182], [23.618046002782165, 46.77563600431182], [23.618046002782165, 46.773390226374346]]]}, "properties": {"score": 49, "res500": 6616, "transit": 2, "shops": 15, "food": 10, "comp": 6, "offices": 19}}, {"type": "Feature", "geometry": {"type": "Polygon", "coordinates": [[[23.621325058415003, 46.773390226374346], [23.62460411404784, 46.773390226374346], [23.62460411404784, 46.77563600431182], [23.621325058415003, 46.77563600431182], [23.621325058415003, 46.773390226374346]]]}, "properties": {"score": 61, "res500": 6893, "transit": 3, "shops": 15, "food": 16, "comp": 2, "offices": 21}}, {"type": "Feature", "geometry": {"type": "Polygon", "coordinates": [[[23.62460411404784, 46.773390226374346], [23.62788316968068, 46.773390226374346], [23.62788316968068, 46.77563600431182], [23.62460411404784, 46.77563600431182], [23.62460411404784, 46.773390226374346]]]}, "properties": {"score": 61, "res500": 6233, "transit": 2, "shops": 47, "food": 22, "comp": 3, "offices": 18}}, {"type": "Feature", "geometry": {"type": "Polygon", "coordinates": [[[23.62788316968068, 46.773390226374346], [23.631162225313517, 46.773390226374346], [23.631162225313517, 46.77563600431182], [23.62788316968068, 46.77563600431182], [23.62788316968068, 46.773390226374346]]]}, "properties": {"score": 47, "res500": 6232, "transit": 2, "shops": 45, "food": 17, "comp": 8, "offices": 9}}, {"type": "Feature", "geometry": {"type": "Polygon", "coordinates": [[[23.631162225313517, 46.773390226374346], [23.634441280946355, 46.773390226374346], [23.634441280946355, 46.77563600431182], [23.631162225313517, 46.77563600431182], [23.631162225313517, 46.773390226374346]]]}, "properties": {"score": 37, "res500": 6356, "transit": 1, "shops": 10, "food": 9, "comp": 0, "offices": 4}}, {"type": "Feature", "geometry": {"type": "Polygon", "coordinates": [[[23.634441280946355, 46.773390226374346], [23.637720336579193, 46.773390226374346], [23.637720336579193, 46.77563600431182], [23.634441280946355, 46.77563600431182], [23.634441280946355, 46.773390226374346]]]}, "properties": {"score": 18, "res500": 4037, "transit": 0, "shops": 1, "food": 1, "comp": 0, "offices": 1}}, {"type": "Feature", "geometry": {"type": "Polygon", "coordinates": [[[23.637720336579193, 46.773390226374346], [23.64099939221203, 46.773390226374346], [23.64099939221203, 46.77563600431182], [23.637720336579193, 46.77563600431182], [23.637720336579193, 46.773390226374346]]]}, "properties": {"score": 12, "res500": 2838, "transit": 0, "shops": 0, "food": 0, "comp": 0, "offices": 1}}, {"type": "Feature", "geometry": {"type": "Polygon", "coordinates": [[[23.64099939221203, 46.773390226374346], [23.64427844784487, 46.773390226374346], [23.64427844784487, 46.77563600431182], [23.64099939221203, 46.77563600431182], [23.64099939221203, 46.773390226374346]]]}, "properties": {"score": 4, "res500": 568, "transit": 0, "shops": 0, "food": 0, "comp": 0, "offices": 0}}, {"type": "Feature", "geometry": {"type": "Polygon", "coordinates": [[[23.654115614743382, 46.773390226374346], [23.65739467037622, 46.773390226374346], [23.65739467037622, 46.77563600431182], [23.654115614743382, 46.77563600431182], [23.654115614743382, 46.773390226374346]]]}, "properties": {"score": 3, "res500": 329, "transit": 0, "shops": 2, "food": 0, "comp": 0, "offices": 0}}, {"type": "Feature", "geometry": {"type": "Polygon", "coordinates": [[[23.65739467037622, 46.773390226374346], [23.66067372600906, 46.773390226374346], [23.66067372600906, 46.77563600431182], [23.65739467037622, 46.77563600431182], [23.65739467037622, 46.773390226374346]]]}, "properties": {"score": 3, "res500": 785, "transit": 0, "shops": 0, "food": 0, "comp": 0, "offices": 0}}, {"type": "Feature", "geometry": {"type": "Polygon", "coordinates": [[[23.66067372600906, 46.773390226374346], [23.663952781641896, 46.773390226374346], [23.663952781641896, 46.77563600431182], [23.66067372600906, 46.77563600431182], [23.66067372600906, 46.773390226374346]]]}, "properties": {"score": 4, "res500": 964, "transit": 0, "shops": 0, "food": 0, "comp": 0, "offices": 0}}, {"type": "Feature", "geometry": {"type": "Polygon", "coordinates": [[[23.663952781641896, 46.773390226374346], [23.667231837274734, 46.773390226374346], [23.667231837274734, 46.77563600431182], [23.663952781641896, 46.77563600431182], [23.663952781641896, 46.773390226374346]]]}, "properties": {"score": 4, "res500": 983, "transit": 0, "shops": 0, "food": 0, "comp": 0, "offices": 0}}, {"type": "Feature", "geometry": {"type": "Polygon", "coordinates": [[[23.667231837274734, 46.773390226374346], [23.670510892907572, 46.773390226374346], [23.670510892907572, 46.77563600431182], [23.667231837274734, 46.77563600431182], [23.667231837274734, 46.773390226374346]]]}, "properties": {"score": 2, "res500": 490, "transit": 0, "shops": 0, "food": 0, "comp": 0, "offices": 0}}, {"type": "Feature", "geometry": {"type": "Polygon", "coordinates": [[[23.54262950094844, 46.77563600431182], [23.54590869332909, 46.77563600431182], [23.54590869332909, 46.777881782249295], [23.54262950094844, 46.777881782249295], [23.54262950094844, 46.77563600431182]]]}, "properties": {"score": 2, "res500": 247, "transit": 0, "shops": 0, "food": 0, "comp": 0, "offices": 0}}, {"type": "Feature", "geometry": {"type": "Polygon", "coordinates": [[[23.54590869332909, 46.77563600431182], [23.54918788570974, 46.77563600431182], [23.54918788570974, 46.777881782249295], [23.54590869332909, 46.777881782249295], [23.54590869332909, 46.77563600431182]]]}, "properties": {"score": 2, "res500": 255, "transit": 0, "shops": 0, "food": 0, "comp": 0, "offices": 0}}, {"type": "Feature", "geometry": {"type": "Polygon", "coordinates": [[[23.54918788570974, 46.77563600431182], [23.552467078090388, 46.77563600431182], [23.552467078090388, 46.777881782249295], [23.54918788570974, 46.777881782249295], [23.54918788570974, 46.77563600431182]]]}, "properties": {"score": 3, "res500": 203, "transit": 0, "shops": 0, "food": 0, "comp": 0, "offices": 0}}, {"type": "Feature", "geometry": {"type": "Polygon", "coordinates": [[[23.555746270471037, 46.77563600431182], [23.559025462851686, 46.77563600431182], [23.559025462851686, 46.777881782249295], [23.555746270471037, 46.777881782249295], [23.555746270471037, 46.77563600431182]]]}, "properties": {"score": 11, "res500": 1224, "transit": 1, "shops": 0, "food": 1, "comp": 0, "offices": 5}}, {"type": "Feature", "geometry": {"type": "Polygon", "coordinates": [[[23.559025462851686, 46.77563600431182], [23.562304655232335, 46.77563600431182], [23.562304655232335, 46.777881782249295], [23.559025462851686, 46.777881782249295], [23.559025462851686, 46.77563600431182]]]}, "properties": {"score": 11, "res500": 2037, "transit": 0, "shops": 1, "food": 1, "comp": 0, "offices": 5}}, {"type": "Feature", "geometry": {"type": "Polygon", "coordinates": [[[23.562304655232335, 46.77563600431182], [23.565583847612984, 46.77563600431182], [23.565583847612984, 46.777881782249295], [23.562304655232335, 46.777881782249295], [23.562304655232335, 46.77563600431182]]]}, "properties": {"score": 12, "res500": 2337, "transit": 0, "shops": 1, "food": 1, "comp": 0, "offices": 3}}, {"type": "Feature", "geometry": {"type": "Polygon", "coordinates": [[[23.565583847612984, 46.77563600431182], [23.568863039993634, 46.77563600431182], [23.568863039993634, 46.777881782249295], [23.565583847612984, 46.777881782249295], [23.565583847612984, 46.77563600431182]]]}, "properties": {"score": 13, "res500": 2804, "transit": 0, "shops": 0, "food": 3, "comp": 0, "offices": 1}}, {"type": "Feature", "geometry": {"type": "Polygon", "coordinates": [[[23.568863039993634, 46.77563600431182], [23.572142232374283, 46.77563600431182], [23.572142232374283, 46.777881782249295], [23.568863039993634, 46.777881782249295], [23.568863039993634, 46.77563600431182]]]}, "properties": {"score": 18, "res500": 3471, "transit": 2, "shops": 2, "food": 3, "comp": 2, "offices": 0}}, {"type": "Feature", "geometry": {"type": "Polygon", "coordinates": [[[23.572142232374283, 46.77563600431182], [23.575421424754932, 46.77563600431182], [23.575421424754932, 46.777881782249295], [23.572142232374283, 46.777881782249295], [23.572142232374283, 46.77563600431182]]]}, "properties": {"score": 25, "res500": 3666, "transit": 3, "shops": 5, "food": 5, "comp": 1, "offices": 2}}, {"type": "Feature", "geometry": {"type": "Polygon", "coordinates": [[[23.575421424754932, 46.77563600431182], [23.57870061713558, 46.77563600431182], [23.57870061713558, 46.777881782249295], [23.575421424754932, 46.777881782249295], [23.575421424754932, 46.77563600431182]]]}, "properties": {"score": 26, "res500": 3852, "transit": 3, "shops": 4, "food": 3, "comp": 1, "offices": 7}}, {"type": "Feature", "geometry": {"type": "Polygon", "coordinates": [[[23.57870061713558, 46.77563600431182], [23.58197980951623, 46.77563600431182], [23.58197980951623, 46.777881782249295], [23.57870061713558, 46.777881782249295], [23.57870061713558, 46.77563600431182]]]}, "properties": {"score": 26, "res500": 3731, "transit": 1, "shops": 2, "food": 5, "comp": 0, "offices": 11}}, {"type": "Feature", "geometry": {"type": "Polygon", "coordinates": [[[23.58197980951623, 46.77563600431182], [23.58525900189688, 46.77563600431182], [23.58525900189688, 46.777881782249295], [23.58197980951623, 46.777881782249295], [23.58197980951623, 46.77563600431182]]]}, "properties": {"score": 51, "res500": 3945, "transit": 3, "shops": 13, "food": 17, "comp": 1, "offices": 35}}, {"type": "Feature", "geometry": {"type": "Polygon", "coordinates": [[[23.58525900189688, 46.77563600431182], [23.58853819427753, 46.77563600431182], [23.58853819427753, 46.777881782249295], [23.58525900189688, 46.777881782249295], [23.58525900189688, 46.77563600431182]]]}, "properties": {"score": 62, "res500": 4726, "transit": 8, "shops": 44, "food": 26, "comp": 10, "offices": 60}}, {"type": "Feature", "geometry": {"type": "Polygon", "coordinates": [[[23.58853819427753, 46.77563600431182], [23.591817386658178, 46.77563600431182], [23.591817386658178, 46.777881782249295], [23.58853819427753, 46.777881782249295], [23.58853819427753, 46.77563600431182]]]}, "properties": {"score": 73, "res500": 6199, "transit": 11, "shops": 63, "food": 48, "comp": 3, "offices": 79}}, {"type": "Feature", "geometry": {"type": "Polygon", "coordinates": [[[23.591817386658178, 46.77563600431182], [23.595096579038827, 46.77563600431182], [23.595096579038827, 46.777881782249295], [23.591817386658178, 46.777881782249295], [23.591817386658178, 46.77563600431182]]]}, "properties": {"score": 59, "res500": 6502, "transit": 3, "shops": 36, "food": 29, "comp": 11, "offices": 69}}, {"type": "Feature", "geometry": {"type": "Polygon", "coordinates": [[[23.595096579038827, 46.77563600431182], [23.598375771419477, 46.77563600431182], [23.598375771419477, 46.777881782249295], [23.595096579038827, 46.777881782249295], [23.595096579038827, 46.77563600431182]]]}, "properties": {"score": 50, "res500": 6334, "transit": 1, "shops": 12, "food": 20, "comp": 5, "offices": 57}}, {"type": "Feature", "geometry": {"type": "Polygon", "coordinates": [[[23.598375771419477, 46.77563600431182], [23.601654963800126, 46.77563600431182], [23.601654963800126, 46.777881782249295], [23.598375771419477, 46.777881782249295], [23.598375771419477, 46.77563600431182]]]}, "properties": {"score": 61, "res500": 7317, "transit": 1, "shops": 16, "food": 21, "comp": 0, "offices": 66}}, {"type": "Feature", "geometry": {"type": "Polygon", "coordinates": [[[23.601654963800126, 46.77563600431182], [23.604934156180775, 46.77563600431182], [23.604934156180775, 46.777881782249295], [23.601654963800126, 46.777881782249295], [23.601654963800126, 46.77563600431182]]]}, "properties": {"score": 52, "res500": 7154, "transit": 1, "shops": 19, "food": 22, "comp": 14, "offices": 64}}, {"type": "Feature", "geometry": {"type": "Polygon", "coordinates": [[[23.604934156180775, 46.77563600431182], [23.608213348561424, 46.77563600431182], [23.608213348561424, 46.777881782249295], [23.604934156180775, 46.777881782249295], [23.604934156180775, 46.77563600431182]]]}, "properties": {"score": 62, "res500": 8413, "transit": 1, "shops": 29, "food": 32, "comp": 5, "offices": 48}}, {"type": "Feature", "geometry": {"type": "Polygon", "coordinates": [[[23.608213348561424, 46.77563600431182], [23.611492540942074, 46.77563600431182], [23.611492540942074, 46.777881782249295], [23.608213348561424, 46.777881782249295], [23.608213348561424, 46.77563600431182]]]}, "properties": {"score": 66, "res500": 8609, "transit": 3, "shops": 56, "food": 15, "comp": 9, "offices": 41}}, {"type": "Feature", "geometry": {"type": "Polygon", "coordinates": [[[23.611492540942074, 46.77563600431182], [23.614771733322723, 46.77563600431182], [23.614771733322723, 46.777881782249295], [23.611492540942074, 46.777881782249295], [23.611492540942074, 46.77563600431182]]]}, "properties": {"score": 71, "res500": 10645, "transit": 4, "shops": 80, "food": 13, "comp": 9, "offices": 16}}, {"type": "Feature", "geometry": {"type": "Polygon", "coordinates": [[[23.614771733322723, 46.77563600431182], [23.618050925703372, 46.77563600431182], [23.618050925703372, 46.777881782249295], [23.614771733322723, 46.777881782249295], [23.614771733322723, 46.77563600431182]]]}, "properties": {"score": 76, "res500": 10959, "transit": 4, "shops": 48, "food": 12, "comp": 3, "offices": 20}}, {"type": "Feature", "geometry": {"type": "Polygon", "coordinates": [[[23.618050925703372, 46.77563600431182], [23.62133011808402, 46.77563600431182], [23.62133011808402, 46.777881782249295], [23.618050925703372, 46.777881782249295], [23.618050925703372, 46.77563600431182]]]}, "properties": {"score": 64, "res500": 9843, "transit": 2, "shops": 29, "food": 8, "comp": 4, "offices": 20}}, {"type": "Feature", "geometry": {"type": "Polygon", "coordinates": [[[23.62133011808402, 46.77563600431182], [23.62460931046467, 46.77563600431182], [23.62460931046467, 46.777881782249295], [23.62133011808402, 46.777881782249295], [23.62133011808402, 46.77563600431182]]]}, "properties": {"score": 60, "res500": 9573, "transit": 3, "shops": 14, "food": 7, "comp": 2, "offices": 15}}, {"type": "Feature", "geometry": {"type": "Polygon", "coordinates": [[[23.62460931046467, 46.77563600431182], [23.62788850284532, 46.77563600431182], [23.62788850284532, 46.777881782249295], [23.62460931046467, 46.777881782249295], [23.62460931046467, 46.77563600431182]]]}, "properties": {"score": 51, "res500": 7859, "transit": 3, "shops": 26, "food": 2, "comp": 1, "offices": 11}}, {"type": "Feature", "geometry": {"type": "Polygon", "coordinates": [[[23.62788850284532, 46.77563600431182], [23.63116769522597, 46.77563600431182], [23.63116769522597, 46.777881782249295], [23.62788850284532, 46.777881782249295], [23.62788850284532, 46.77563600431182]]]}, "properties": {"score": 48, "res500": 7278, "transit": 3, "shops": 32, "food": 2, "comp": 1, "offices": 5}}, {"type": "Feature", "geometry": {"type": "Polygon", "coordinates": [[[23.63116769522597, 46.77563600431182], [23.634446887606618, 46.77563600431182], [23.634446887606618, 46.777881782249295], [23.63116769522597, 46.777881782249295], [23.63116769522597, 46.77563600431182]]]}, "properties": {"score": 47, "res500": 7401, "transit": 5, "shops": 18, "food": 1, "comp": 1, "offices": 1}}, {"type": "Feature", "geometry": {"type": "Polygon", "coordinates": [[[23.634446887606618, 46.77563600431182], [23.637726079987267, 46.77563600431182], [23.637726079987267, 46.777881782249295], [23.634446887606618, 46.777881782249295], [23.634446887606618, 46.77563600431182]]]}, "properties": {"score": 35, "res500": 4398, "transit": 5, "shops": 9, "food": 1, "comp": 0, "offices": 0}}, {"type": "Feature", "geometry": {"type": "Polygon", "coordinates": [[[23.637726079987267, 46.77563600431182], [23.641005272367916, 46.77563600431182], [23.641005272367916, 46.777881782249295], [23.637726079987267, 46.777881782249295], [23.637726079987267, 46.77563600431182]]]}, "properties": {"score": 28, "res500": 3310, "transit": 5, "shops": 3, "food": 0, "comp": 0, "offices": 0}}, {"type": "Feature", "geometry": {"type": "Polygon", "coordinates": [[[23.641005272367916, 46.77563600431182], [23.644284464748566, 46.77563600431182], [23.644284464748566, 46.777881782249295], [23.641005272367916, 46.777881782249295], [23.641005272367916, 46.77563600431182]]]}, "properties": {"score": 11, "res500": 1825, "transit": 1, "shops": 0, "food": 1, "comp": 0, "offices": 0}}, {"type": "Feature", "geometry": {"type": "Polygon", "coordinates": [[[23.644284464748566, 46.77563600431182], [23.647563657129215, 46.77563600431182], [23.647563657129215, 46.777881782249295], [23.644284464748566, 46.777881782249295], [23.644284464748566, 46.77563600431182]]]}, "properties": {"score": 5, "res500": 709, "transit": 0, "shops": 1, "food": 1, "comp": 0, "offices": 0}}, {"type": "Feature", "geometry": {"type": "Polygon", "coordinates": [[[23.647563657129215, 46.77563600431182], [23.650842849509864, 46.77563600431182], [23.650842849509864, 46.777881782249295], [23.647563657129215, 46.777881782249295], [23.647563657129215, 46.77563600431182]]]}, "properties": {"score": 8, "res500": 343, "transit": 2, "shops": 1, "food": 0, "comp": 0, "offices": 0}}, {"type": "Feature", "geometry": {"type": "Polygon", "coordinates": [[[23.650842849509864, 46.77563600431182], [23.654122041890513, 46.77563600431182], [23.654122041890513, 46.777881782249295], [23.650842849509864, 46.777881782249295], [23.650842849509864, 46.77563600431182]]]}, "properties": {"score": 5, "res500": 781, "transit": 0, "shops": 3, "food": 0, "comp": 0, "offices": 1}}, {"type": "Feature", "geometry": {"type": "Polygon", "coordinates": [[[23.654122041890513, 46.77563600431182], [23.657401234271163, 46.77563600431182], [23.657401234271163, 46.777881782249295], [23.654122041890513, 46.777881782249295], [23.654122041890513, 46.77563600431182]]]}, "properties": {"score": 11, "res500": 1734, "transit": 1, "shops": 3, "food": 0, "comp": 0, "offices": 2}}, {"type": "Feature", "geometry": {"type": "Polygon", "coordinates": [[[23.657401234271163, 46.77563600431182], [23.660680426651812, 46.77563600431182], [23.660680426651812, 46.777881782249295], [23.657401234271163, 46.777881782249295], [23.657401234271163, 46.77563600431182]]]}, "properties": {"score": 17, "res500": 2349, "transit": 3, "shops": 2, "food": 0, "comp": 0, "offices": 2}}, {"type": "Feature", "geometry": {"type": "Polygon", "coordinates": [[[23.660680426651812, 46.77563600431182], [23.66395961903246, 46.77563600431182], [23.66395961903246, 46.777881782249295], [23.660680426651812, 46.777881782249295], [23.660680426651812, 46.77563600431182]]]}, "properties": {"score": 15, "res500": 2079, "transit": 3, "shops": 0, "food": 0, "comp": 0, "offices": 0}}, {"type": "Feature", "geometry": {"type": "Polygon", "coordinates": [[[23.66395961903246, 46.77563600431182], [23.66723881141311, 46.77563600431182], [23.66723881141311, 46.777881782249295], [23.66395961903246, 46.777881782249295], [23.66395961903246, 46.77563600431182]]]}, "properties": {"score": 6, "res500": 1359, "transit": 0, "shops": 0, "food": 1, "comp": 0, "offices": 0}}, {"type": "Feature", "geometry": {"type": "Polygon", "coordinates": [[[23.66723881141311, 46.77563600431182], [23.67051800379376, 46.77563600431182], [23.67051800379376, 46.777881782249295], [23.66723881141311, 46.777881782249295], [23.66723881141311, 46.77563600431182]]]}, "properties": {"score": 8, "res500": 736, "transit": 2, "shops": 0, "food": 0, "comp": 0, "offices": 0}}, {"type": "Feature", "geometry": {"type": "Polygon", "coordinates": [[[23.532793291449096, 46.777881782249295], [23.536072620594005, 46.777881782249295], [23.536072620594005, 46.78012756018677], [23.532793291449096, 46.78012756018677], [23.532793291449096, 46.777881782249295]]]}, "properties": {"score": 2, "res500": 436, "transit": 0, "shops": 0, "food": 0, "comp": 0, "offices": 0}}, {"type": "Feature", "geometry": {"type": "Polygon", "coordinates": [[[23.536072620594005, 46.777881782249295], [23.539351949738915, 46.777881782249295], [23.539351949738915, 46.78012756018677], [23.536072620594005, 46.78012756018677], [23.536072620594005, 46.777881782249295]]]}, "properties": {"score": 4, "res500": 842, "transit": 0, "shops": 0, "food": 0, "comp": 0, "offices": 0}}, {"type": "Feature", "geometry": {"type": "Polygon", "coordinates": [[[23.539351949738915, 46.777881782249295], [23.542631278883825, 46.777881782249295], [23.542631278883825, 46.78012756018677], [23.539351949738915, 46.78012756018677], [23.539351949738915, 46.777881782249295]]]}, "properties": {"score": 4, "res500": 820, "transit": 0, "shops": 0, "food": 1, "comp": 0, "offices": 0}}, {"type": "Feature", "geometry": {"type": "Polygon", "coordinates": [[[23.542631278883825, 46.777881782249295], [23.545910608028734, 46.777881782249295], [23.545910608028734, 46.78012756018677], [23.542631278883825, 46.78012756018677], [23.542631278883825, 46.777881782249295]]]}, "properties": {"score": 5, "res500": 1141, "transit": 0, "shops": 0, "food": 1, "comp": 0, "offices": 0}}, {"type": "Feature", "geometry": {"type": "Polygon", "coordinates": [[[23.545910608028734, 46.777881782249295], [23.549189937173644, 46.777881782249295], [23.549189937173644, 46.78012756018677], [23.545910608028734, 46.78012756018677], [23.545910608028734, 46.777881782249295]]]}, "properties": {"score": 6, "res500": 1370, "transit": 0, "shops": 0, "food": 0, "comp": 0, "offices": 0}}, {"type": "Feature", "geometry": {"type": "Polygon", "coordinates": [[[23.549189937173644, 46.777881782249295], [23.552469266318553, 46.777881782249295], [23.552469266318553, 46.78012756018677], [23.549189937173644, 46.78012756018677], [23.549189937173644, 46.777881782249295]]]}, "properties": {"score": 6, "res500": 1064, "transit": 0, "shops": 1, "food": 0, "comp": 0, "offices": 1}}, {"type": "Feature", "geometry": {"type": "Polygon", "coordinates": [[[23.552469266318553, 46.777881782249295], [23.555748595463463, 46.777881782249295], [23.555748595463463, 46.78012756018677], [23.552469266318553, 46.78012756018677], [23.552469266318553, 46.777881782249295]]]}, "properties": {"score": 6, "res500": 477, "transit": 0, "shops": 1, "food": 1, "comp": 0, "offices": 4}}, {"type": "Feature", "geometry": {"type": "Polygon", "coordinates": [[[23.555748595463463, 46.777881782249295], [23.559027924608372, 46.777881782249295], [23.559027924608372, 46.78012756018677], [23.555748595463463, 46.78012756018677], [23.555748595463463, 46.777881782249295]]]}, "properties": {"score": 13, "res500": 1163, "transit": 2, "shops": 0, "food": 2, "comp": 1, "offices": 4}}, {"type": "Feature", "geometry": {"type": "Polygon", "coordinates": [[[23.559027924608372, 46.777881782249295], [23.562307253753282, 46.777881782249295], [23.562307253753282, 46.78012756018677], [23.559027924608372, 46.78012756018677], [23.559027924608372, 46.777881782249295]]]}, "properties": {"score": 23, "res500": 1627, "transit": 5, "shops": 2, "food": 2, "comp": 1, "offices": 5}}, {"type": "Feature", "geometry": {"type": "Polygon", "coordinates": [[[23.562307253753282, 46.777881782249295], [23.56558658289819, 46.777881782249295], [23.56558658289819, 46.78012756018677], [23.562307253753282, 46.78012756018677], [23.562307253753282, 46.777881782249295]]]}, "properties": {"score": 23, "res500": 1469, "transit": 5, "shops": 3, "food": 1, "comp": 0, "offices": 3}}, {"type": "Feature", "geometry": {"type": "Polygon", "coordinates": [[[23.56558658289819, 46.777881782249295], [23.5688659120431, 46.777881782249295], [23.5688659120431, 46.78012756018677], [23.56558658289819, 46.78012756018677], [23.56558658289819, 46.777881782249295]]]}, "properties": {"score": 15, "res500": 2320, "transit": 2, "shops": 1, "food": 0, "comp": 0, "offices": 0}}, {"type": "Feature", "geometry": {"type": "Polygon", "coordinates": [[[23.5688659120431, 46.777881782249295], [23.57214524118801, 46.777881782249295], [23.57214524118801, 46.78012756018677], [23.5688659120431, 46.78012756018677], [23.5688659120431, 46.777881782249295]]]}, "properties": {"score": 22, "res500": 3424, "transit": 3, "shops": 1, "food": 1, "comp": 0, "offices": 0}}, {"type": "Feature", "geometry": {"type": "Polygon", "coordinates": [[[23.57214524118801, 46.777881782249295], [23.57542457033292, 46.777881782249295], [23.57542457033292, 46.78012756018677], [23.57214524118801, 46.78012756018677], [23.57214524118801, 46.777881782249295]]]}, "properties": {"score": 33, "res500": 3851, "transit": 6, "shops": 5, "food": 2, "comp": 0, "offices": 2}}, {"type": "Feature", "geometry": {"type": "Polygon", "coordinates": [[[23.57542457033292, 46.777881782249295], [23.57870389947783, 46.777881782249295], [23.57870389947783, 46.78012756018677], [23.57542457033292, 46.78012756018677], [23.57542457033292, 46.777881782249295]]]}, "properties": {"score": 30, "res500": 4504, "transit": 4, "shops": 6, "food": 1, "comp": 1, "offices": 5}}, {"type": "Feature", "geometry": {"type": "Polygon", "coordinates": [[[23.57870389947783, 46.777881782249295], [23.58198322862274, 46.777881782249295], [23.58198322862274, 46.78012756018677], [23.57870389947783, 46.78012756018677], [23.57870389947783, 46.777881782249295]]]}, "properties": {"score": 36, "res500": 4245, "transit": 4, "shops": 8, "food": 2, "comp": 0, "offices": 8}}, {"type": "Feature", "geometry": {"type": "Polygon", "coordinates": [[[23.58198322862274, 46.777881782249295], [23.58526255776765, 46.777881782249295], [23.58526255776765, 46.78012756018677], [23.58198322862274, 46.78012756018677], [23.58198322862274, 46.777881782249295]]]}, "properties": {"score": 51, "res500": 4970, "transit": 4, "shops": 11, "food": 8, "comp": 0, "offices": 33}}, {"type": "Feature", "geometry": {"type": "Polygon", "coordinates": [[[23.58526255776765, 46.777881782249295], [23.58854188691256, 46.777881782249295], [23.58854188691256, 46.78012756018677], [23.58526255776765, 46.78012756018677], [23.58526255776765, 46.777881782249295]]]}, "properties": {"score": 59, "res500": 5682, "transit": 7, "shops": 30, "food": 15, "comp": 8, "offices": 48}}, {"type": "Feature", "geometry": {"type": "Polygon", "coordinates": [[[23.58854188691256, 46.777881782249295], [23.59182121605747, 46.777881782249295], [23.59182121605747, 46.78012756018677], [23.58854188691256, 46.78012756018677], [23.58854188691256, 46.777881782249295]]]}, "properties": {"score": 63, "res500": 5972, "transit": 5, "shops": 25, "food": 20, "comp": 5, "offices": 54}}, {"type": "Feature", "geometry": {"type": "Polygon", "coordinates": [[[23.59182121605747, 46.777881782249295], [23.595100545202378, 46.777881782249295], [23.595100545202378, 46.78012756018677], [23.59182121605747, 46.78012756018677], [23.59182121605747, 46.777881782249295]]]}, "properties": {"score": 60, "res500": 6647, "transit": 4, "shops": 13, "food": 20, "comp": 4, "offices": 47}}, {"type": "Feature", "geometry": {"type": "Polygon", "coordinates": [[[23.595100545202378, 46.777881782249295], [23.598379874347287, 46.777881782249295], [23.598379874347287, 46.78012756018677], [23.595100545202378, 46.78012756018677], [23.595100545202378, 46.777881782249295]]]}, "properties": {"score": 48, "res500": 7128, "transit": 3, "shops": 9, "food": 9, "comp": 6, "offices": 34}}, {"type": "Feature", "geometry": {"type": "Polygon", "coordinates": [[[23.598379874347287, 46.777881782249295], [23.601659203492197, 46.777881782249295], [23.601659203492197, 46.78012756018677], [23.598379874347287, 46.78012756018677], [23.598379874347287, 46.777881782249295]]]}, "properties": {"score": 52, "res500": 7923, "transit": 0, "shops": 7, "food": 14, "comp": 1, "offices": 40}}, {"type": "Feature", "geometry": {"type": "Polygon", "coordinates": [[[23.601659203492197, 46.777881782249295], [23.604938532637107, 46.777881782249295], [23.604938532637107, 46.78012756018677], [23.601659203492197, 46.78012756018677], [23.601659203492197, 46.777881782249295]]]}, "properties": {"score": 57, "res500": 8218, "transit": 1, "shops": 18, "food": 19, "comp": 5, "offices": 35}}, {"type": "Feature", "geometry": {"type": "Polygon", "coordinates": [[[23.604938532637107, 46.777881782249295], [23.608217861782016, 46.777881782249295], [23.608217861782016, 46.78012756018677], [23.604938532637107, 46.78012756018677], [23.604938532637107, 46.777881782249295]]]}, "properties": {"score": 68, "res500": 8698, "transit": 2, "shops": 22, "food": 23, "comp": 1, "offices": 36}}, {"type": "Feature", "geometry": {"type": "Polygon", "coordinates": [[[23.608217861782016, 46.777881782249295], [23.611497190926926, 46.777881782249295], [23.611497190926926, 46.78012756018677], [23.608217861782016, 46.78012756018677], [23.608217861782016, 46.777881782249295]]]}, "properties": {"score": 70, "res500": 11045, "transit": 2, "shops": 57, "food": 13, "comp": 4, "offices": 31}}, {"type": "Feature", "geometry": {"type": "Polygon", "coordinates": [[[23.611497190926926, 46.777881782249295], [23.614776520071835, 46.777881782249295], [23.614776520071835, 46.78012756018677], [23.611497190926926, 46.78012756018677], [23.611497190926926, 46.777881782249295]]]}, "properties": {"score": 78, "res500": 11742, "transit": 6, "shops": 112, "food": 14, "comp": 3, "offices": 15}}, {"type": "Feature", "geometry": {"type": "Polygon", "coordinates": [[[23.614776520071835, 46.777881782249295], [23.618055849216745, 46.777881782249295], [23.618055849216745, 46.78012756018677], [23.614776520071835, 46.78012756018677], [23.614776520071835, 46.777881782249295]]]}, "properties": {"score": 72, "res500": 12439, "transit": 4, "shops": 85, "food": 7, "comp": 1, "offices": 16}}, {"type": "Feature", "geometry": {"type": "Polygon", "coordinates": [[[23.618055849216745, 46.777881782249295], [23.621335178361655, 46.777881782249295], [23.621335178361655, 46.78012756018677], [23.618055849216745, 46.78012756018677], [23.618055849216745, 46.777881782249295]]]}, "properties": {"score": 68, "res500": 12321, "transit": 3, "shops": 35, "food": 7, "comp": 1, "offices": 14}}, {"type": "Feature", "geometry": {"type": "Polygon", "coordinates": [[[23.621335178361655, 46.777881782249295], [23.624614507506564, 46.777881782249295], [23.624614507506564, 46.78012756018677], [23.621335178361655, 46.78012756018677], [23.621335178361655, 46.777881782249295]]]}, "properties": {"score": 63, "res500": 10509, "transit": 3, "shops": 20, "food": 9, "comp": 0, "offices": 9}}, {"type": "Feature", "geometry": {"type": "Polygon", "coordinates": [[[23.624614507506564, 46.777881782249295], [23.627893836651474, 46.777881782249295], [23.627893836651474, 46.78012756018677], [23.624614507506564, 46.78012756018677], [23.624614507506564, 46.777881782249295]]]}, "properties": {"score": 55, "res500": 9554, "transit": 2, "shops": 36, "food": 9, "comp": 2, "offices": 4}}, {"type": "Feature", "geometry": {"type": "Polygon", "coordinates": [[[23.627893836651474, 46.777881782249295], [23.631173165796383, 46.777881782249295], [23.631173165796383, 46.78012756018677], [23.627893836651474, 46.78012756018677], [23.627893836651474, 46.777881782249295]]]}, "properties": {"score": 57, "res500": 8378, "transit": 4, "shops": 27, "food": 9, "comp": 0, "offices": 2}}, {"type": "Feature", "geometry": {"type": "Polygon", "coordinates": [[[23.631173165796383, 46.777881782249295], [23.634452494941293, 46.777881782249295], [23.634452494941293, 46.78012756018677], [23.631173165796383, 46.78012756018677], [23.631173165796383, 46.777881782249295]]]}, "properties": {"score": 43, "res500": 7389, "transit": 3, "shops": 15, "food": 4, "comp": 0, "offices": 1}}, {"type": "Feature", "geometry": {"type": "Polygon", "coordinates": [[[23.634452494941293, 46.777881782249295], [23.637731824086202, 46.777881782249295], [23.637731824086202, 46.78012756018677], [23.634452494941293, 46.78012756018677], [23.634452494941293, 46.777881782249295]]]}, "properties": {"score": 44, "res500": 5194, "transit": 7, "shops": 14, "food": 4, "comp": 0, "offices": 1}}, {"type": "Feature", "geometry": {"type": "Polygon", "coordinates": [[[23.637731824086202, 46.777881782249295], [23.641011153231112, 46.777881782249295], [23.641011153231112, 46.78012756018677], [23.637731824086202, 46.78012756018677], [23.637731824086202, 46.777881782249295]]]}, "properties": {"score": 35, "res500": 3570, "transit": 6, "shops": 5, "food": 3, "comp": 0, "offices": 1}}, {"type": "Feature", "geometry": {"type": "Polygon", "coordinates": [[[23.641011153231112, 46.777881782249295], [23.64429048237602, 46.777881782249295], [23.64429048237602, 46.78012756018677], [23.641011153231112, 46.78012756018677], [23.641011153231112, 46.777881782249295]]]}, "properties": {"score": 15, "res500": 2444, "transit": 2, "shops": 1, "food": 1, "comp": 1, "offices": 1}}, {"type": "Feature", "geometry": {"type": "Polygon", "coordinates": [[[23.64429048237602, 46.777881782249295], [23.64756981152093, 46.777881782249295], [23.64756981152093, 46.78012756018677], [23.64429048237602, 46.78012756018677], [23.64429048237602, 46.777881782249295]]]}, "properties": {"score": 15, "res500": 1587, "transit": 3, "shops": 2, "food": 1, "comp": 1, "offices": 1}}, {"type": "Feature", "geometry": {"type": "Polygon", "coordinates": [[[23.64756981152093, 46.777881782249295], [23.65084914066584, 46.777881782249295], [23.65084914066584, 46.78012756018677], [23.64756981152093, 46.78012756018677], [23.64756981152093, 46.777881782249295]]]}, "properties": {"score": 10, "res500": 783, "transit": 2, "shops": 1, "food": 1, "comp": 0, "offices": 0}}, {"type": "Feature", "geometry": {"type": "Polygon", "coordinates": [[[23.65084914066584, 46.777881782249295], [23.65412846981075, 46.777881782249295], [23.65412846981075, 46.78012756018677], [23.65084914066584, 46.78012756018677], [23.65084914066584, 46.777881782249295]]]}, "properties": {"score": 7, "res500": 1602, "transit": 0, "shops": 1, "food": 0, "comp": 0, "offices": 2}}, {"type": "Feature", "geometry": {"type": "Polygon", "coordinates": [[[23.65412846981075, 46.777881782249295], [23.65740779895566, 46.777881782249295], [23.65740779895566, 46.78012756018677], [23.65412846981075, 46.78012756018677], [23.65412846981075, 46.777881782249295]]]}, "properties": {"score": 13, "res500": 2338, "transit": 1, "shops": 3, "food": 0, "comp": 0, "offices": 2}}, {"type": "Feature", "geometry": {"type": "Polygon", "coordinates": [[[23.65740779895566, 46.777881782249295], [23.66068712810057, 46.777881782249295], [23.66068712810057, 46.78012756018677], [23.65740779895566, 46.78012756018677], [23.65740779895566, 46.777881782249295]]]}, "properties": {"score": 19, "res500": 3241, "transit": 3, "shops": 0, "food": 0, "comp": 0, "offices": 2}}, {"type": "Feature", "geometry": {"type": "Polygon", "coordinates": [[[23.66068712810057, 46.777881782249295], [23.66396645724548, 46.777881782249295], [23.66396645724548, 46.78012756018677], [23.66068712810057, 46.78012756018677], [23.66068712810057, 46.777881782249295]]]}, "properties": {"score": 23, "res500": 3346, "transit": 3, "shops": 9, "food": 1, "comp": 0, "offices": 2}}, {"type": "Feature", "geometry": {"type": "Polygon", "coordinates": [[[23.66396645724548, 46.777881782249295], [23.66724578639039, 46.777881782249295], [23.66724578639039, 46.78012756018677], [23.66396645724548, 46.78012756018677], [23.66396645724548, 46.777881782249295]]]}, "properties": {"score": 13, "res500": 2121, "transit": 1, "shops": 12, "food": 1, "comp": 1, "offices": 0}}, {"type": "Feature", "geometry": {"type": "Polygon", "coordinates": [[[23.66724578639039, 46.777881782249295], [23.6705251155353, 46.777881782249295], [23.6705251155353, 46.78012756018677], [23.66724578639039, 46.78012756018677], [23.66724578639039, 46.777881782249295]]]}, "properties": {"score": 14, "res500": 1004, "transit": 3, "shops": 5, "food": 1, "comp": 0, "offices": 0}}, {"type": "Feature", "geometry": {"type": "Polygon", "coordinates": [[[23.52951519333054, 46.78012756018677], [23.532794659256155, 46.78012756018677], [23.532794659256155, 46.782373338124245], [23.52951519333054, 46.782373338124245], [23.52951519333054, 46.78012756018677]]]}, "properties": {"score": 2, "res500": 517, "transit": 0, "shops": 0, "food": 0, "comp": 0, "offices": 0}}, {"type": "Feature", "geometry": {"type": "Polygon", "coordinates": [[[23.532794659256155, 46.78012756018677], [23.53607412518177, 46.78012756018677], [23.53607412518177, 46.782373338124245], [23.532794659256155, 46.782373338124245], [23.532794659256155, 46.78012756018677]]]}, "properties": {"score": 4, "res500": 803, "transit": 0, "shops": 0, "food": 0, "comp": 0, "offices": 2}}, {"type": "Feature", "geometry": {"type": "Polygon", "coordinates": [[[23.53607412518177, 46.78012756018677], [23.539353591107385, 46.78012756018677], [23.539353591107385, 46.782373338124245], [23.53607412518177, 46.782373338124245], [23.53607412518177, 46.78012756018677]]]}, "properties": {"score": 6, "res500": 1265, "transit": 0, "shops": 0, "food": 1, "comp": 0, "offices": 1}}, {"type": "Feature", "geometry": {"type": "Polygon", "coordinates": [[[23.539353591107385, 46.78012756018677], [23.542633057033, 46.78012756018677], [23.542633057033, 46.782373338124245], [23.539353591107385, 46.782373338124245], [23.539353591107385, 46.78012756018677]]]}, "properties": {"score": 7, "res500": 2177, "transit": 0, "shops": 1, "food": 2, "comp": 2, "offices": 0}}, {"type": "Feature", "geometry": {"type": "Polygon", "coordinates": [[[23.542633057033, 46.78012756018677], [23.545912522958616, 46.78012756018677], [23.545912522958616, 46.782373338124245], [23.542633057033, 46.782373338124245], [23.542633057033, 46.78012756018677]]]}, "properties": {"score": 9, "res500": 2529, "transit": 0, "shops": 1, "food": 2, "comp": 1, "offices": 0}}, {"type": "Feature", "geometry": {"type": "Polygon", "coordinates": [[[23.545912522958616, 46.78012756018677], [23.549191988884232, 46.78012756018677], [23.549191988884232, 46.782373338124245], [23.545912522958616, 46.782373338124245], [23.545912522958616, 46.78012756018677]]]}, "properties": {"score": 9, "res500": 2186, "transit": 0, "shops": 0, "food": 1, "comp": 0, "offices": 0}}, {"type": "Feature", "geometry": {"type": "Polygon", "coordinates": [[[23.549191988884232, 46.78012756018677], [23.552471454809847, 46.78012756018677], [23.552471454809847, 46.782373338124245], [23.549191988884232, 46.782373338124245], [23.549191988884232, 46.78012756018677]]]}, "properties": {"score": 9, "res500": 2166, "transit": 0, "shops": 1, "food": 0, "comp": 0, "offices": 1}}, {"type": "Feature", "geometry": {"type": "Polygon", "coordinates": [[[23.552471454809847, 46.78012756018677], [23.555750920735463, 46.78012756018677], [23.555750920735463, 46.782373338124245], [23.552471454809847, 46.782373338124245], [23.552471454809847, 46.78012756018677]]]}, "properties": {"score": 12, "res500": 1809, "transit": 1, "shops": 1, "food": 1, "comp": 0, "offices": 5}}, {"type": "Feature", "geometry": {"type": "Polygon", "coordinates": [[[23.555750920735463, 46.78012756018677], [23.559030386661078, 46.78012756018677], [23.559030386661078, 46.782373338124245], [23.555750920735463, 46.782373338124245], [23.555750920735463, 46.78012756018677]]]}, "properties": {"score": 15, "res500": 1860, "transit": 2, "shops": 1, "food": 2, "comp": 1, "offices": 6}}, {"type": "Feature", "geometry": {"type": "Polygon", "coordinates": [[[23.559030386661078, 46.78012756018677], [23.562309852586694, 46.78012756018677], [23.562309852586694, 46.782373338124245], [23.559030386661078, 46.782373338124245], [23.559030386661078, 46.78012756018677]]]}, "properties": {"score": 25, "res500": 1881, "transit": 5, "shops": 3, "food": 2, "comp": 0, "offices": 5}}, {"type": "Feature", "geometry": {"type": "Polygon", "coordinates": [[[23.562309852586694, 46.78012756018677], [23.56558931851231, 46.78012756018677], [23.56558931851231, 46.782373338124245], [23.562309852586694, 46.782373338124245], [23.562309852586694, 46.78012756018677]]]}, "properties": {"score": 25, "res500": 2190, "transit": 5, "shops": 4, "food": 1, "comp": 0, "offices": 3}}, {"type": "Feature", "geometry": {"type": "Polygon", "coordinates": [[[23.56558931851231, 46.78012756018677], [23.568868784437925, 46.78012756018677], [23.568868784437925, 46.782373338124245], [23.56558931851231, 46.782373338124245], [23.56558931851231, 46.78012756018677]]]}, "properties": {"score": 14, "res500": 2126, "transit": 2, "shops": 1, "food": 0, "comp": 0, "offices": 0}}, {"type": "Feature", "geometry": {"type": "Polygon", "coordinates": [[[23.568868784437925, 46.78012756018677], [23.57214825036354, 46.78012756018677], [23.57214825036354, 46.782373338124245], [23.568868784437925, 46.782373338124245], [23.568868784437925, 46.78012756018677]]]}, "properties": {"score": 18, "res500": 3021, "transit": 2, "shops": 0, "food": 0, "comp": 0, "offices": 0}}, {"type": "Feature", "geometry": {"type": "Polygon", "coordinates": [[[23.57214825036354, 46.78012756018677], [23.575427716289155, 46.78012756018677], [23.575427716289155, 46.782373338124245], [23.57214825036354, 46.782373338124245], [23.57214825036354, 46.78012756018677]]]}, "properties": {"score": 24, "res500": 3509, "transit": 4, "shops": 0, "food": 0, "comp": 0, "offices": 2}}, {"type": "Feature", "geometry": {"type": "Polygon", "coordinates": [[[23.575427716289155, 46.78012756018677], [23.57870718221477, 46.78012756018677], [23.57870718221477, 46.782373338124245], [23.575427716289155, 46.782373338124245], [23.575427716289155, 46.78012756018677]]]}, "properties": {"score": 23, "res500": 4002, "transit": 2, "shops": 4, "food": 1, "comp": 0, "offices": 4}}, {"type": "Feature", "geometry": {"type": "Polygon", "coordinates": [[[23.57870718221477, 46.78012756018677], [23.581986648140386, 46.78012756018677], [23.581986648140386, 46.782373338124245], [23.57870718221477, 46.782373338124245], [23.57870718221477, 46.78012756018677]]]}, "properties": {"score": 30, "res500": 4001, "transit": 4, "shops": 7, "food": 0, "comp": 0, "offices": 7}}, {"type": "Feature", "geometry": {"type": "Polygon", "coordinates": [[[23.581986648140386, 46.78012756018677], [23.585266114066002, 46.78012756018677], [23.585266114066002, 46.782373338124245], [23.581986648140386, 46.782373338124245], [23.581986648140386, 46.78012756018677]]]}, "properties": {"score": 44, "res500": 4770, "transit": 3, "shops": 9, "food": 11, "comp": 0, "offices": 21}}, {"type": "Feature", "geometry": {"type": "Polygon", "coordinates": [[[23.585266114066002, 46.78012756018677], [23.588545579991617, 46.78012756018677], [23.588545579991617, 46.782373338124245], [23.585266114066002, 46.782373338124245], [23.585266114066002, 46.78012756018677]]]}, "properties": {"score": 60, "res500": 5522, "transit": 2, "shops": 48, "food": 21, "comp": 3, "offices": 31}}, {"type": "Feature", "geometry": {"type": "Polygon", "coordinates": [[[23.588545579991617, 46.78012756018677], [23.591825045917233, 46.78012756018677], [23.591825045917233, 46.782373338124245], [23.588545579991617, 46.782373338124245], [23.588545579991617, 46.78012756018677]]]}, "properties": {"score": 58, "res500": 5607, "transit": 4, "shops": 35, "food": 14, "comp": 4, "offices": 29}}, {"type": "Feature", "geometry": {"type": "Polygon", "coordinates": [[[23.591825045917233, 46.78012756018677], [23.595104511842848, 46.78012756018677], [23.595104511842848, 46.782373338124245], [23.591825045917233, 46.782373338124245], [23.591825045917233, 46.78012756018677]]]}, "properties": {"score": 53, "res500": 5911, "transit": 4, "shops": 11, "food": 11, "comp": 1, "offices": 30}}, {"type": "Feature", "geometry": {"type": "Polygon", "coordinates": [[[23.595104511842848, 46.78012756018677], [23.598383977768464, 46.78012756018677], [23.598383977768464, 46.782373338124245], [23.595104511842848, 46.782373338124245], [23.595104511842848, 46.78012756018677]]]}, "properties": {"score": 45, "res500": 6425, "transit": 3, "shops": 2, "food": 7, "comp": 1, "offices": 22}}, {"type": "Feature", "geometry": {"type": "Polygon", "coordinates": [[[23.598383977768464, 46.78012756018677], [23.60166344369408, 46.78012756018677], [23.60166344369408, 46.782373338124245], [23.598383977768464, 46.782373338124245], [23.598383977768464, 46.78012756018677]]]}, "properties": {"score": 43, "res500": 7278, "transit": 1, "shops": 3, "food": 5, "comp": 0, "offices": 22}}, {"type": "Feature", "geometry": {"type": "Polygon", "coordinates": [[[23.60166344369408, 46.78012756018677], [23.604942909619695, 46.78012756018677], [23.604942909619695, 46.782373338124245], [23.60166344369408, 46.782373338124245], [23.60166344369408, 46.78012756018677]]]}, "properties": {"score": 56, "res500": 8290, "transit": 3, "shops": 12, "food": 5, "comp": 2, "offices": 29}}, {"type": "Feature", "geometry": {"type": "Polygon", "coordinates": [[[23.604942909619695, 46.78012756018677], [23.60822237554531, 46.78012756018677], [23.60822237554531, 46.782373338124245], [23.604942909619695, 46.782373338124245], [23.604942909619695, 46.78012756018677]]]}, "properties": {"score": 58, "res500": 9413, "transit": 3, "shops": 17, "food": 10, "comp": 3, "offices": 21}}, {"type": "Feature", "geometry": {"type": "Polygon", "coordinates": [[[23.60822237554531, 46.78012756018677], [23.611501841470925, 46.78012756018677], [23.611501841470925, 46.782373338124245], [23.60822237554531, 46.782373338124245], [23.60822237554531, 46.78012756018677]]]}, "properties": {"score": 77, "res500": 9506, "transit": 6, "shops": 37, "food": 12, "comp": 1, "offices": 19}}, {"type": "Feature", "geometry": {"type": "Polygon", "coordinates": [[[23.611501841470925, 46.78012756018677], [23.61478130739654, 46.78012756018677], [23.61478130739654, 46.782373338124245], [23.611501841470925, 46.782373338124245], [23.611501841470925, 46.78012756018677]]]}, "properties": {"score": 71, "res500": 10946, "transit": 3, "shops": 75, "food": 5, "comp": 1, "offices": 20}}, {"type": "Feature", "geometry": {"type": "Polygon", "coordinates": [[[23.61478130739654, 46.78012756018677], [23.618060773322156, 46.78012756018677], [23.618060773322156, 46.782373338124245], [23.61478130739654, 46.782373338124245], [23.61478130739654, 46.78012756018677]]]}, "properties": {"score": 63, "res500": 12685, "transit": 3, "shops": 67, "food": 2, "comp": 1, "offices": 6}}, {"type": "Feature", "geometry": {"type": "Polygon", "coordinates": [[[23.618060773322156, 46.78012756018677], [23.621340239247772, 46.78012756018677], [23.621340239247772, 46.782373338124245], [23.618060773322156, 46.782373338124245], [23.618060773322156, 46.78012756018677]]]}, "properties": {"score": 51, "res500": 11763, "transit": 0, "shops": 24, "food": 4, "comp": 1, "offices": 5}}, {"type": "Feature", "geometry": {"type": "Polygon", "coordinates": [[[23.621340239247772, 46.78012756018677], [23.624619705173387, 46.78012756018677], [23.624619705173387, 46.782373338124245], [23.621340239247772, 46.782373338124245], [23.621340239247772, 46.78012756018677]]]}, "properties": {"score": 56, "res500": 10093, "transit": 0, "shops": 47, "food": 10, "comp": 2, "offices": 3}}, {"type": "Feature", "geometry": {"type": "Polygon", "coordinates": [[[23.624619705173387, 46.78012756018677], [23.627899171099003, 46.78012756018677], [23.627899171099003, 46.782373338124245], [23.624619705173387, 46.782373338124245], [23.624619705173387, 46.78012756018677]]]}, "properties": {"score": 52, "res500": 9670, "transit": 2, "shops": 59, "food": 11, "comp": 6, "offices": 2}}, {"type": "Feature", "geometry": {"type": "Polygon", "coordinates": [[[23.627899171099003, 46.78012756018677], [23.631178637024618, 46.78012756018677], [23.631178637024618, 46.782373338124245], [23.627899171099003, 46.782373338124245], [23.627899171099003, 46.78012756018677]]]}, "properties": {"score": 49, "res500": 7739, "transit": 2, "shops": 44, "food": 9, "comp": 3, "offices": 1}}, {"type": "Feature", "geometry": {"type": "Polygon", "coordinates": [[[23.631178637024618, 46.78012756018677], [23.634458102950234, 46.78012756018677], [23.634458102950234, 46.782373338124245], [23.631178637024618, 46.782373338124245], [23.631178637024618, 46.78012756018677]]]}, "properties": {"score": 41, "res500": 6735, "transit": 3, "shops": 14, "food": 6, "comp": 1, "offices": 0}}, {"type": "Feature", "geometry": {"type": "Polygon", "coordinates": [[[23.634458102950234, 46.78012756018677], [23.63773756887585, 46.78012756018677], [23.63773756887585, 46.782373338124245], [23.634458102950234, 46.782373338124245], [23.634458102950234, 46.78012756018677]]]}, "properties": {"score": 34, "res500": 5116, "transit": 4, "shops": 13, "food": 3, "comp": 3, "offices": 2}}, {"type": "Feature", "geometry": {"type": "Polygon", "coordinates": [[[23.63773756887585, 46.78012756018677], [23.641017034801465, 46.78012756018677], [23.641017034801465, 46.782373338124245], [23.63773756887585, 46.782373338124245], [23.63773756887585, 46.78012756018677]]]}, "properties": {"score": 29, "res500": 3576, "transit": 4, "shops": 8, "food": 4, "comp": 1, "offices": 3}}, {"type": "Feature", "geometry": {"type": "Polygon", "coordinates": [[[23.641017034801465, 46.78012756018677], [23.64429650072708, 46.78012756018677], [23.64429650072708, 46.782373338124245], [23.641017034801465, 46.782373338124245], [23.641017034801465, 46.78012756018677]]]}, "properties": {"score": 17, "res500": 2848, "transit": 1, "shops": 2, "food": 2, "comp": 0, "offices": 3}}, {"type": "Feature", "geometry": {"type": "Polygon", "coordinates": [[[23.64429650072708, 46.78012756018677], [23.647575966652695, 46.78012756018677], [23.647575966652695, 46.782373338124245], [23.64429650072708, 46.782373338124245], [23.64429650072708, 46.78012756018677]]]}, "properties": {"score": 14, "res500": 2526, "transit": 1, "shops": 1, "food": 1, "comp": 0, "offices": 2}}, {"type": "Feature", "geometry": {"type": "Polygon", "coordinates": [[[23.647575966652695, 46.78012756018677], [23.65085543257831, 46.78012756018677], [23.65085543257831, 46.782373338124245], [23.647575966652695, 46.782373338124245], [23.647575966652695, 46.78012756018677]]]}, "properties": {"score": 13, "res500": 1639, "transit": 2, "shops": 0, "food": 0, "comp": 0, "offices": 1}}, {"type": "Feature", "geometry": {"type": "Polygon", "coordinates": [[[23.65085543257831, 46.78012756018677], [23.654134898503926, 46.78012756018677], [23.654134898503926, 46.782373338124245], [23.65085543257831, 46.782373338124245], [23.65085543257831, 46.78012756018677]]]}, "properties": {"score": 12, "res500": 2431, "transit": 0, "shops": 0, "food": 1, "comp": 0, "offices": 2}}, {"type": "Feature", "geometry": {"type": "Polygon", "coordinates": [[[23.654134898503926, 46.78012756018677], [23.657414364429542, 46.78012756018677], [23.657414364429542, 46.782373338124245], [23.654134898503926, 46.782373338124245], [23.654134898503926, 46.78012756018677]]]}, "properties": {"score": 13, "res500": 3104, "transit": 0, "shops": 0, "food": 0, "comp": 0, "offices": 2}}, {"type": "Feature", "geometry": {"type": "Polygon", "coordinates": [[[23.657414364429542, 46.78012756018677], [23.660693830355157, 46.78012756018677], [23.660693830355157, 46.782373338124245], [23.657414364429542, 46.782373338124245], [23.657414364429542, 46.78012756018677]]]}, "properties": {"score": 19, "res500": 3312, "transit": 2, "shops": 1, "food": 0, "comp": 0, "offices": 2}}, {"type": "Feature", "geometry": {"type": "Polygon", "coordinates": [[[23.660693830355157, 46.78012756018677], [23.663973296280773, 46.78012756018677], [23.663973296280773, 46.782373338124245], [23.660693830355157, 46.782373338124245], [23.660693830355157, 46.78012756018677]]]}, "properties": {"score": 24, "res500": 3422, "transit": 3, "shops": 12, "food": 1, "comp": 0, "offices": 1}}, {"type": "Feature", "geometry": {"type": "Polygon", "coordinates": [[[23.663973296280773, 46.78012756018677], [23.667252762206388, 46.78012756018677], [23.667252762206388, 46.782373338124245], [23.663973296280773, 46.782373338124245], [23.663973296280773, 46.78012756018677]]]}, "properties": {"score": 15, "res500": 1909, "transit": 2, "shops": 12, "food": 1, "comp": 1, "offices": 0}}, {"type": "Feature", "geometry": {"type": "Polygon", "coordinates": [[[23.667252762206388, 46.78012756018677], [23.670532228132004, 46.78012756018677], [23.670532228132004, 46.782373338124245], [23.667252762206388, 46.782373338124245], [23.667252762206388, 46.78012756018677]]]}, "properties": {"score": 11, "res500": 921, "transit": 2, "shops": 5, "food": 1, "comp": 0, "offices": 0}}, {"type": "Feature", "geometry": {"type": "Polygon", "coordinates": [[[23.526236821782163, 46.782373338124245], [23.529516424504934, 46.782373338124245], [23.529516424504934, 46.78461911606172], [23.526236821782163, 46.78461911606172], [23.526236821782163, 46.782373338124245]]]}, "properties": {"score": 1, "res500": 218, "transit": 0, "shops": 0, "food": 0, "comp": 0, "offices": 0}}, {"type": "Feature", "geometry": {"type": "Polygon", "coordinates": [[[23.529516424504934, 46.782373338124245], [23.532796027227704, 46.782373338124245], [23.532796027227704, 46.78461911606172], [23.529516424504934, 46.78461911606172], [23.529516424504934, 46.782373338124245]]]}, "properties": {"score": 5, "res500": 969, "transit": 0, "shops": 0, "food": 0, "comp": 0, "offices": 2}}, {"type": "Feature", "geometry": {"type": "Polygon", "coordinates": [[[23.532796027227704, 46.782373338124245], [23.536075629950474, 46.782373338124245], [23.536075629950474, 46.78461911606172], [23.532796027227704, 46.78461911606172], [23.532796027227704, 46.782373338124245]]]}, "properties": {"score": 12, "res500": 1561, "transit": 2, "shops": 1, "food": 0, "comp": 0, "offices": 2}}, {"type": "Feature", "geometry": {"type": "Polygon", "coordinates": [[[23.536075629950474, 46.782373338124245], [23.539355232673245, 46.782373338124245], [23.539355232673245, 46.78461911606172], [23.536075629950474, 46.78461911606172], [23.536075629950474, 46.782373338124245]]]}, "properties": {"score": 22, "res500": 3363, "transit": 3, "shops": 3, "food": 2, "comp": 0, "offices": 2}}, {"type": "Feature", "geometry": {"type": "Polygon", "coordinates": [[[23.539355232673245, 46.782373338124245], [23.542634835396015, 46.782373338124245], [23.542634835396015, 46.78461911606172], [23.539355232673245, 46.78461911606172], [23.539355232673245, 46.782373338124245]]]}, "properties": {"score": 23, "res500": 4049, "transit": 3, "shops": 7, "food": 3, "comp": 2, "offices": 2}}, {"type": "Feature", "geometry": {"type": "Polygon", "coordinates": [[[23.542634835396015, 46.782373338124245], [23.545914438118785, 46.782373338124245], [23.545914438118785, 46.78461911606172], [23.542634835396015, 46.78461911606172], [23.542634835396015, 46.782373338124245]]]}, "properties": {"score": 20, "res500": 4471, "transit": 1, "shops": 8, "food": 2, "comp": 1, "offices": 0}}, {"type": "Feature", "geometry": {"type": "Polygon", "coordinates": [[[23.545914438118785, 46.782373338124245], [23.549194040841556, 46.782373338124245], [23.549194040841556, 46.78461911606172], [23.545914438118785, 46.78461911606172], [23.545914438118785, 46.782373338124245]]]}, "properties": {"score": 21, "res500": 4048, "transit": 2, "shops": 4, "food": 2, "comp": 0, "offices": 0}}, {"type": "Feature", "geometry": {"type": "Polygon", "coordinates": [[[23.549194040841556, 46.782373338124245], [23.552473643564326, 46.782373338124245], [23.552473643564326, 46.78461911606172], [23.549194040841556, 46.78461911606172], [23.549194040841556, 46.782373338124245]]]}, "properties": {"score": 13, "res500": 3374, "transit": 0, "shops": 5, "food": 1, "comp": 1, "offices": 1}}, {"type": "Feature", "geometry": {"type": "Polygon", "coordinates": [[[23.552473643564326, 46.782373338124245], [23.555753246287097, 46.782373338124245], [23.555753246287097, 46.78461911606172], [23.552473643564326, 46.78461911606172], [23.552473643564326, 46.782373338124245]]]}, "properties": {"score": 20, "res500": 3100, "transit": 2, "shops": 5, "food": 2, "comp": 0, "offices": 3}}, {"type": "Feature", "geometry": {"type": "Polygon", "coordinates": [[[23.555753246287097, 46.782373338124245], [23.559032849009867, 46.782373338124245], [23.559032849009867, 46.78461911606172], [23.555753246287097, 46.78461911606172], [23.555753246287097, 46.782373338124245]]]}, "properties": {"score": 17, "res500": 2352, "transit": 2, "shops": 4, "food": 1, "comp": 0, "offices": 4}}, {"type": "Feature", "geometry": {"type": "Polygon", "coordinates": [[[23.559032849009867, 46.782373338124245], [23.562312451732637, 46.782373338124245], [23.562312451732637, 46.78461911606172], [23.559032849009867, 46.78461911606172], [23.559032849009867, 46.782373338124245]]]}, "properties": {"score": 11, "res500": 2378, "transit": 0, "shops": 5, "food": 0, "comp": 0, "offices": 2}}, {"type": "Feature", "geometry": {"type": "Polygon", "coordinates": [[[23.562312451732637, 46.782373338124245], [23.565592054455408, 46.782373338124245], [23.565592054455408, 46.78461911606172], [23.562312451732637, 46.78461911606172], [23.562312451732637, 46.782373338124245]]]}, "properties": {"score": 16, "res500": 2550, "transit": 2, "shops": 3, "food": 0, "comp": 0, "offices": 2}}, {"type": "Feature", "geometry": {"type": "Polygon", "coordinates": [[[23.565592054455408, 46.782373338124245], [23.56887165717818, 46.782373338124245], [23.56887165717818, 46.78461911606172], [23.565592054455408, 46.78461911606172], [23.565592054455408, 46.782373338124245]]]}, "properties": {"score": 16, "res500": 2277, "transit": 2, "shops": 1, "food": 0, "comp": 0, "offices": 0}}, {"type": "Feature", "geometry": {"type": "Polygon", "coordinates": [[[23.56887165717818, 46.782373338124245], [23.57215125990095, 46.782373338124245], [23.57215125990095, 46.78461911606172], [23.56887165717818, 46.78461911606172], [23.56887165717818, 46.782373338124245]]]}, "properties": {"score": 12, "res500": 2454, "transit": 0, "shops": 4, "food": 0, "comp": 0, "offices": 0}}, {"type": "Feature", "geometry": {"type": "Polygon", "coordinates": [[[23.57215125990095, 46.782373338124245], [23.57543086262372, 46.782373338124245], [23.57543086262372, 46.78461911606172], [23.57215125990095, 46.78461911606172], [23.57215125990095, 46.782373338124245]]]}, "properties": {"score": 13, "res500": 2988, "transit": 0, "shops": 0, "food": 0, "comp": 0, "offices": 0}}, {"type": "Feature", "geometry": {"type": "Polygon", "coordinates": [[[23.57543086262372, 46.782373338124245], [23.57871046534649, 46.782373338124245], [23.57871046534649, 46.78461911606172], [23.57543086262372, 46.78461911606172], [23.57543086262372, 46.782373338124245]]]}, "properties": {"score": 15, "res500": 3158, "transit": 0, "shops": 1, "food": 0, "comp": 0, "offices": 1}}, {"type": "Feature", "geometry": {"type": "Polygon", "coordinates": [[[23.57871046534649, 46.782373338124245], [23.58199006806926, 46.782373338124245], [23.58199006806926, 46.78461911606172], [23.57871046534649, 46.78461911606172], [23.57871046534649, 46.782373338124245]]]}, "properties": {"score": 17, "res500": 3463, "transit": 0, "shops": 4, "food": 1, "comp": 0, "offices": 5}}, {"type": "Feature", "geometry": {"type": "Polygon", "coordinates": [[[23.58199006806926, 46.782373338124245], [23.58526967079203, 46.782373338124245], [23.58526967079203, 46.78461911606172], [23.58199006806926, 46.78461911606172], [23.58199006806926, 46.782373338124245]]]}, "properties": {"score": 49, "res500": 4253, "transit": 7, "shops": 24, "food": 13, "comp": 3, "offices": 15}}, {"type": "Feature", "geometry": {"type": "Polygon", "coordinates": [[[23.58526967079203, 46.782373338124245], [23.5885492735148, 46.782373338124245], [23.5885492735148, 46.78461911606172], [23.58526967079203, 46.78461911606172], [23.58526967079203, 46.782373338124245]]]}, "properties": {"score": 53, "res500": 4562, "transit": 13, "shops": 58, "food": 16, "comp": 12, "offices": 20}}, {"type": "Feature", "geometry": {"type": "Polygon", "coordinates": [[[23.5885492735148, 46.782373338124245], [23.59182887623757, 46.782373338124245], [23.59182887623757, 46.78461911606172], [23.5885492735148, 46.78461911606172], [23.5885492735148, 46.782373338124245]]]}, "properties": {"score": 58, "res500": 4167, "transit": 13, "shops": 50, "food": 18, "comp": 4, "offices": 19}}, {"type": "Feature", "geometry": {"type": "Polygon", "coordinates": [[[23.59182887623757, 46.782373338124245], [23.59510847896034, 46.782373338124245], [23.59510847896034, 46.78461911606172], [23.59182887623757, 46.78461911606172], [23.59182887623757, 46.782373338124245]]]}, "properties": {"score": 34, "res500": 4520, "transit": 2, "shops": 8, "food": 6, "comp": 1, "offices": 13}}, {"type": "Feature", "geometry": {"type": "Polygon", "coordinates": [[[23.59510847896034, 46.782373338124245], [23.59838808168311, 46.782373338124245], [23.59838808168311, 46.78461911606172], [23.59510847896034, 46.78461911606172], [23.59510847896034, 46.782373338124245]]]}, "properties": {"score": 25, "res500": 4381, "transit": 1, "shops": 4, "food": 2, "comp": 1, "offices": 6}}, {"type": "Feature", "geometry": {"type": "Polygon", "coordinates": [[[23.59838808168311, 46.782373338124245], [23.601667684405882, 46.782373338124245], [23.601667684405882, 46.78461911606172], [23.59838808168311, 46.78461911606172], [23.59838808168311, 46.782373338124245]]]}, "properties": {"score": 30, "res500": 5219, "transit": 2, "shops": 3, "food": 2, "comp": 0, "offices": 3}}, {"type": "Feature", "geometry": {"type": "Polygon", "coordinates": [[[23.601667684405882, 46.782373338124245], [23.604947287128653, 46.782373338124245], [23.604947287128653, 46.78461911606172], [23.601667684405882, 46.78461911606172], [23.601667684405882, 46.782373338124245]]]}, "properties": {"score": 43, "res500": 5357, "transit": 3, "shops": 9, "food": 8, "comp": 0, "offices": 15}}, {"type": "Feature", "geometry": {"type": "Polygon", "coordinates": [[[23.604947287128653, 46.782373338124245], [23.608226889851423, 46.782373338124245], [23.608226889851423, 46.78461911606172], [23.604947287128653, 46.78461911606172], [23.604947287128653, 46.782373338124245]]]}, "properties": {"score": 51, "res500": 7133, "transit": 4, "shops": 15, "food": 12, "comp": 4, "offices": 16}}, {"type": "Feature", "geometry": {"type": "Polygon", "coordinates": [[[23.608226889851423, 46.782373338124245], [23.611506492574193, 46.782373338124245], [23.611506492574193, 46.78461911606172], [23.608226889851423, 46.78461911606172], [23.608226889851423, 46.782373338124245]]]}, "properties": {"score": 57, "res500": 7397, "transit": 8, "shops": 27, "food": 7, "comp": 6, "offices": 16}}, {"type": "Feature", "geometry": {"type": "Polygon", "coordinates": [[[23.611506492574193, 46.782373338124245], [23.614786095296964, 46.782373338124245], [23.614786095296964, 46.78461911606172], [23.611506492574193, 46.78461911606172], [23.611506492574193, 46.782373338124245]]]}, "properties": {"score": 69, "res500": 8268, "transit": 7, "shops": 33, "food": 7, "comp": 1, "offices": 15}}, {"type": "Feature", "geometry": {"type": "Polygon", "coordinates": [[[23.614786095296964, 46.782373338124245], [23.618065698019734, 46.782373338124245], [23.618065698019734, 46.78461911606172], [23.614786095296964, 46.78461911606172], [23.614786095296964, 46.782373338124245]]]}, "properties": {"score": 48, "res500": 10166, "transit": 1, "shops": 8, "food": 3, "comp": 0, "offices": 4}}, {"type": "Feature", "geometry": {"type": "Polygon", "coordinates": [[[23.618065698019734, 46.782373338124245], [23.621345300742504, 46.782373338124245], [23.621345300742504, 46.78461911606172], [23.618065698019734, 46.78461911606172], [23.618065698019734, 46.782373338124245]]]}, "properties": {"score": 37, "res500": 7725, "transit": 0, "shops": 9, "food": 3, "comp": 1, "offices": 1}}, {"type": "Feature", "geometry": {"type": "Polygon", "coordinates": [[[23.621345300742504, 46.782373338124245], [23.624624903465275, 46.782373338124245], [23.624624903465275, 46.78461911606172], [23.621345300742504, 46.78461911606172], [23.621345300742504, 46.782373338124245]]]}, "properties": {"score": 43, "res500": 9370, "transit": 0, "shops": 18, "food": 7, "comp": 2, "offices": 0}}, {"type": "Feature", "geometry": {"type": "Polygon", "coordinates": [[[23.624624903465275, 46.782373338124245], [23.627904506188045, 46.782373338124245], [23.627904506188045, 46.78461911606172], [23.624624903465275, 46.78461911606172], [23.624624903465275, 46.782373338124245]]]}, "properties": {"score": 44, "res500": 8011, "transit": 0, "shops": 41, "food": 10, "comp": 3, "offices": 0}}, {"type": "Feature", "geometry": {"type": "Polygon", "coordinates": [[[23.627904506188045, 46.782373338124245], [23.631184108910816, 46.782373338124245], [23.631184108910816, 46.78461911606172], [23.627904506188045, 46.78461911606172], [23.627904506188045, 46.782373338124245]]]}, "properties": {"score": 38, "res500": 7907, "transit": 0, "shops": 21, "food": 7, "comp": 1, "offices": 0}}, {"type": "Feature", "geometry": {"type": "Polygon", "coordinates": [[[23.631184108910816, 46.782373338124245], [23.634463711633586, 46.782373338124245], [23.634463711633586, 46.78461911606172], [23.631184108910816, 46.78461911606172], [23.631184108910816, 46.782373338124245]]]}, "properties": {"score": 33, "res500": 5842, "transit": 2, "shops": 9, "food": 5, "comp": 0, "offices": 0}}, {"type": "Feature", "geometry": {"type": "Polygon", "coordinates": [[[23.634463711633586, 46.782373338124245], [23.637743314356356, 46.782373338124245], [23.637743314356356, 46.78461911606172], [23.634463711633586, 46.78461911606172], [23.634463711633586, 46.782373338124245]]]}, "properties": {"score": 37, "res500": 5042, "transit": 4, "shops": 13, "food": 4, "comp": 0, "offices": 3}}, {"type": "Feature", "geometry": {"type": "Polygon", "coordinates": [[[23.637743314356356, 46.782373338124245], [23.641022917079127, 46.782373338124245], [23.641022917079127, 46.78461911606172], [23.637743314356356, 46.78461911606172], [23.637743314356356, 46.782373338124245]]]}, "properties": {"score": 21, "res500": 3652, "transit": 1, "shops": 6, "food": 4, "comp": 1, "offices": 3}}, {"type": "Feature", "geometry": {"type": "Polygon", "coordinates": [[[23.641022917079127, 46.782373338124245], [23.644302519801897, 46.782373338124245], [23.644302519801897, 46.78461911606172], [23.641022917079127, 46.78461911606172], [23.641022917079127, 46.782373338124245]]]}, "properties": {"score": 19, "res500": 3363, "transit": 1, "shops": 10, "food": 1, "comp": 1, "offices": 4}}, {"type": "Feature", "geometry": {"type": "Polygon", "coordinates": [[[23.644302519801897, 46.782373338124245], [23.647582122524668, 46.782373338124245], [23.647582122524668, 46.78461911606172], [23.644302519801897, 46.78461911606172], [23.644302519801897, 46.782373338124245]]]}, "properties": {"score": 21, "res500": 3130, "transit": 2, "shops": 7, "food": 0, "comp": 0, "offices": 4}}, {"type": "Feature", "geometry": {"type": "Polygon", "coordinates": [[[23.647582122524668, 46.782373338124245], [23.650861725247438, 46.782373338124245], [23.650861725247438, 46.78461911606172], [23.647582122524668, 46.78461911606172], [23.647582122524668, 46.782373338124245]]]}, "properties": {"score": 20, "res500": 2652, "transit": 2, "shops": 6, "food": 1, "comp": 0, "offices": 1}}, {"type": "Feature", "geometry": {"type": "Polygon", "coordinates": [[[23.650861725247438, 46.782373338124245], [23.65414132797021, 46.782373338124245], [23.65414132797021, 46.78461911606172], [23.650861725247438, 46.78461911606172], [23.650861725247438, 46.782373338124245]]]}, "properties": {"score": 17, "res500": 2840, "transit": 2, "shops": 1, "food": 1, "comp": 1, "offices": 1}}, {"type": "Feature", "geometry": {"type": "Polygon", "coordinates": [[[23.65414132797021, 46.782373338124245], [23.65742093069298, 46.782373338124245], [23.65742093069298, 46.78461911606172], [23.65414132797021, 46.78461911606172], [23.65414132797021, 46.782373338124245]]]}, "properties": {"score": 20, "res500": 3307, "transit": 2, "shops": 1, "food": 1, "comp": 0, "offices": 2}}, {"type": "Feature", "geometry": {"type": "Polygon", "coordinates": [[[23.65742093069298, 46.782373338124245], [23.66070053341575, 46.782373338124245], [23.66070053341575, 46.78461911606172], [23.65742093069298, 46.78461911606172], [23.65742093069298, 46.782373338124245]]]}, "properties": {"score": 19, "res500": 3471, "transit": 2, "shops": 2, "food": 0, "comp": 0, "offices": 1}}, {"type": "Feature", "geometry": {"type": "Polygon", "coordinates": [[[23.66070053341575, 46.782373338124245], [23.66398013613852, 46.782373338124245], [23.66398013613852, 46.78461911606172], [23.66070053341575, 46.78461911606172], [23.66070053341575, 46.782373338124245]]]}, "properties": {"score": 15, "res500": 2612, "transit": 2, "shops": 2, "food": 0, "comp": 0, "offices": 1}}, {"type": "Feature", "geometry": {"type": "Polygon", "coordinates": [[[23.66398013613852, 46.782373338124245], [23.66725973886129, 46.782373338124245], [23.66725973886129, 46.78461911606172], [23.66398013613852, 46.78461911606172], [23.66398013613852, 46.782373338124245]]]}, "properties": {"score": 9, "res500": 1392, "transit": 1, "shops": 2, "food": 1, "comp": 0, "offices": 0}}, {"type": "Feature", "geometry": {"type": "Polygon", "coordinates": [[[23.66725973886129, 46.782373338124245], [23.67053934158406, 46.782373338124245], [23.67053934158406, 46.78461911606172], [23.66725973886129, 46.78461911606172], [23.66725973886129, 46.782373338124245]]]}, "properties": {"score": 3, "res500": 652, "transit": 0, "shops": 0, "food": 0, "comp": 0, "offices": 0}}, {"type": "Feature", "geometry": {"type": "Polygon", "coordinates": [[[23.526237916290995, 46.78461911606172], [23.52951765582737, 46.78461911606172], [23.52951765582737, 46.786864893999194], [23.526237916290995, 46.786864893999194], [23.526237916290995, 46.78461911606172]]]}, "properties": {"score": 6, "res500": 855, "transit": 1, "shops": 0, "food": 0, "comp": 0, "offices": 0}}, {"type": "Feature", "geometry": {"type": "Polygon", "coordinates": [[[23.52951765582737, 46.78461911606172], [23.532797395363744, 46.78461911606172], [23.532797395363744, 46.786864893999194], [23.52951765582737, 46.786864893999194], [23.52951765582737, 46.78461911606172]]]}, "properties": {"score": 7, "res500": 1626, "transit": 0, "shops": 0, "food": 0, "comp": 0, "offices": 2}}, {"type": "Feature", "geometry": {"type": "Polygon", "coordinates": [[[23.532797395363744, 46.78461911606172], [23.53607713490012, 46.78461911606172], [23.53607713490012, 46.786864893999194], [23.532797395363744, 46.786864893999194], [23.532797395363744, 46.78461911606172]]]}, "properties": {"score": 14, "res500": 2232, "transit": 2, "shops": 1, "food": 0, "comp": 0, "offices": 2}}, {"type": "Feature", "geometry": {"type": "Polygon", "coordinates": [[[23.53607713490012, 46.78461911606172], [23.539356874436493, 46.78461911606172], [23.539356874436493, 46.786864893999194], [23.53607713490012, 46.786864893999194], [23.53607713490012, 46.78461911606172]]]}, "properties": {"score": 24, "res500": 3496, "transit": 4, "shops": 5, "food": 1, "comp": 1, "offices": 2}}, {"type": "Feature", "geometry": {"type": "Polygon", "coordinates": [[[23.539356874436493, 46.78461911606172], [23.542636613972867, 46.78461911606172], [23.542636613972867, 46.786864893999194], [23.539356874436493, 46.786864893999194], [23.539356874436493, 46.78461911606172]]]}, "properties": {"score": 23, "res500": 3533, "transit": 3, "shops": 8, "food": 2, "comp": 1, "offices": 2}}, {"type": "Feature", "geometry": {"type": "Polygon", "coordinates": [[[23.542636613972867, 46.78461911606172], [23.54591635350924, 46.78461911606172], [23.54591635350924, 46.786864893999194], [23.542636613972867, 46.786864893999194], [23.542636613972867, 46.78461911606172]]]}, "properties": {"score": 25, "res500": 4128, "transit": 3, "shops": 8, "food": 1, "comp": 0, "offices": 0}}, {"type": "Feature", "geometry": {"type": "Polygon", "coordinates": [[[23.54591635350924, 46.78461911606172], [23.549196093045616, 46.78461911606172], [23.549196093045616, 46.786864893999194], [23.54591635350924, 46.786864893999194], [23.54591635350924, 46.78461911606172]]]}, "properties": {"score": 25, "res500": 4472, "transit": 3, "shops": 6, "food": 1, "comp": 0, "offices": 0}}, {"type": "Feature", "geometry": {"type": "Polygon", "coordinates": [[[23.549196093045616, 46.78461911606172], [23.55247583258199, 46.78461911606172], [23.55247583258199, 46.786864893999194], [23.549196093045616, 46.786864893999194], [23.549196093045616, 46.78461911606172]]]}, "properties": {"score": 19, "res500": 3602, "transit": 2, "shops": 7, "food": 1, "comp": 1, "offices": 1}}, {"type": "Feature", "geometry": {"type": "Polygon", "coordinates": [[[23.55247583258199, 46.78461911606172], [23.555755572118365, 46.78461911606172], [23.555755572118365, 46.786864893999194], [23.55247583258199, 46.786864893999194], [23.55247583258199, 46.78461911606172]]]}, "properties": {"score": 17, "res500": 2690, "transit": 2, "shops": 6, "food": 1, "comp": 1, "offices": 2}}, {"type": "Feature", "geometry": {"type": "Polygon", "coordinates": [[[23.555755572118365, 46.78461911606172], [23.55903531165474, 46.78461911606172], [23.55903531165474, 46.786864893999194], [23.555755572118365, 46.786864893999194], [23.555755572118365, 46.78461911606172]]]}, "properties": {"score": 17, "res500": 2729, "transit": 2, "shops": 4, "food": 0, "comp": 0, "offices": 2}}, {"type": "Feature", "geometry": {"type": "Polygon", "coordinates": [[[23.55903531165474, 46.78461911606172], [23.562315051191113, 46.78461911606172], [23.562315051191113, 46.786864893999194], [23.55903531165474, 46.786864893999194], [23.55903531165474, 46.78461911606172]]]}, "properties": {"score": 11, "res500": 2839, "transit": 0, "shops": 3, "food": 0, "comp": 0, "offices": 1}}, {"type": "Feature", "geometry": {"type": "Polygon", "coordinates": [[[23.562315051191113, 46.78461911606172], [23.565594790727488, 46.78461911606172], [23.565594790727488, 46.786864893999194], [23.562315051191113, 46.786864893999194], [23.562315051191113, 46.78461911606172]]]}, "properties": {"score": 16, "res500": 2765, "transit": 2, "shops": 2, "food": 0, "comp": 0, "offices": 1}}, {"type": "Feature", "geometry": {"type": "Polygon", "coordinates": [[[23.565594790727488, 46.78461911606172], [23.568874530263862, 46.78461911606172], [23.568874530263862, 46.786864893999194], [23.565594790727488, 46.786864893999194], [23.565594790727488, 46.78461911606172]]]}, "properties": {"score": 18, "res500": 2654, "transit": 2, "shops": 3, "food": 0, "comp": 0, "offices": 0}}, {"type": "Feature", "geometry": {"type": "Polygon", "coordinates": [[[23.568874530263862, 46.78461911606172], [23.572154269800237, 46.78461911606172], [23.572154269800237, 46.786864893999194], [23.568874530263862, 46.786864893999194], [23.568874530263862, 46.78461911606172]]]}, "properties": {"score": 19, "res500": 2733, "transit": 2, "shops": 4, "food": 0, "comp": 0, "offices": 0}}, {"type": "Feature", "geometry": {"type": "Polygon", "coordinates": [[[23.572154269800237, 46.78461911606172], [23.57543400933661, 46.78461911606172], [23.57543400933661, 46.786864893999194], [23.572154269800237, 46.786864893999194], [23.572154269800237, 46.78461911606172]]]}, "properties": {"score": 19, "res500": 2841, "transit": 2, "shops": 3, "food": 0, "comp": 0, "offices": 0}}, {"type": "Feature", "geometry": {"type": "Polygon", "coordinates": [[[23.57543400933661, 46.78461911606172], [23.578713748872985, 46.78461911606172], [23.578713748872985, 46.786864893999194], [23.57543400933661, 46.786864893999194], [23.57543400933661, 46.78461911606172]]]}, "properties": {"score": 20, "res500": 3055, "transit": 1, "shops": 4, "food": 2, "comp": 0, "offices": 0}}, {"type": "Feature", "geometry": {"type": "Polygon", "coordinates": [[[23.578713748872985, 46.78461911606172], [23.58199348840936, 46.78461911606172], [23.58199348840936, 46.786864893999194], [23.578713748872985, 46.786864893999194], [23.578713748872985, 46.78461911606172]]]}, "properties": {"score": 24, "res500": 3492, "transit": 2, "shops": 9, "food": 2, "comp": 1, "offices": 2}}, {"type": "Feature", "geometry": {"type": "Polygon", "coordinates": [[[23.58199348840936, 46.78461911606172], [23.585273227945734, 46.78461911606172], [23.585273227945734, 46.786864893999194], [23.58199348840936, 46.786864893999194], [23.58199348840936, 46.78461911606172]]]}, "properties": {"score": 47, "res500": 4372, "transit": 8, "shops": 18, "food": 11, "comp": 0, "offices": 6}}, {"type": "Feature", "geometry": {"type": "Polygon", "coordinates": [[[23.585273227945734, 46.78461911606172], [23.58855296748211, 46.78461911606172], [23.58855296748211, 46.786864893999194], [23.585273227945734, 46.786864893999194], [23.585273227945734, 46.78461911606172]]]}, "properties": {"score": 56, "res500": 4309, "transit": 14, "shops": 38, "food": 15, "comp": 3, "offices": 14}}, {"type": "Feature", "geometry": {"type": "Polygon", "coordinates": [[[23.58855296748211, 46.78461911606172], [23.591832707018483, 46.78461911606172], [23.591832707018483, 46.786864893999194], [23.58855296748211, 46.786864893999194], [23.58855296748211, 46.78461911606172]]]}, "properties": {"score": 54, "res500": 4031, "transit": 9, "shops": 22, "food": 14, "comp": 1, "offices": 19}}, {"type": "Feature", "geometry": {"type": "Polygon", "coordinates": [[[23.591832707018483, 46.78461911606172], [23.595112446554857, 46.78461911606172], [23.595112446554857, 46.786864893999194], [23.591832707018483, 46.786864893999194], [23.591832707018483, 46.78461911606172]]]}, "properties": {"score": 33, "res500": 3549, "transit": 3, "shops": 10, "food": 4, "comp": 1, "offices": 12}}, {"type": "Feature", "geometry": {"type": "Polygon", "coordinates": [[[23.595112446554857, 46.78461911606172], [23.598392186091232, 46.78461911606172], [23.598392186091232, 46.786864893999194], [23.595112446554857, 46.786864893999194], [23.595112446554857, 46.78461911606172]]]}, "properties": {"score": 33, "res500": 2910, "transit": 5, "shops": 4, "food": 2, "comp": 0, "offices": 11}}, {"type": "Feature", "geometry": {"type": "Polygon", "coordinates": [[[23.598392186091232, 46.78461911606172], [23.601671925627606, 46.78461911606172], [23.601671925627606, 46.786864893999194], [23.598392186091232, 46.786864893999194], [23.598392186091232, 46.78461911606172]]]}, "properties": {"score": 20, "res500": 2607, "transit": 1, "shops": 5, "food": 2, "comp": 0, "offices": 6}}, {"type": "Feature", "geometry": {"type": "Polygon", "coordinates": [[[23.601671925627606, 46.78461911606172], [23.60495166516398, 46.78461911606172], [23.60495166516398, 46.786864893999194], [23.601671925627606, 46.786864893999194], [23.601671925627606, 46.78461911606172]]]}, "properties": {"score": 35, "res500": 2962, "transit": 3, "shops": 19, "food": 6, "comp": 2, "offices": 12}}, {"type": "Feature", "geometry": {"type": "Polygon", "coordinates": [[[23.60495166516398, 46.78461911606172], [23.608231404700355, 46.78461911606172], [23.608231404700355, 46.786864893999194], [23.60495166516398, 46.786864893999194], [23.60495166516398, 46.78461911606172]]]}, "properties": {"score": 38, "res500": 3939, "transit": 2, "shops": 17, "food": 13, "comp": 4, "offices": 17}}, {"type": "Feature", "geometry": {"type": "Polygon", "coordinates": [[[23.608231404700355, 46.78461911606172], [23.61151114423673, 46.78461911606172], [23.61151114423673, 46.786864893999194], [23.608231404700355, 46.786864893999194], [23.608231404700355, 46.78461911606172]]]}, "properties": {"score": 54, "res500": 5540, "transit": 6, "shops": 5, "food": 13, "comp": 1, "offices": 15}}, {"type": "Feature", "geometry": {"type": "Polygon", "coordinates": [[[23.61151114423673, 46.78461911606172], [23.614790883773104, 46.78461911606172], [23.614790883773104, 46.786864893999194], [23.61151114423673, 46.786864893999194], [23.61151114423673, 46.78461911606172]]]}, "properties": {"score": 49, "res500": 6583, "transit": 6, "shops": 3, "food": 4, "comp": 0, "offices": 7}}, {"type": "Feature", "geometry": {"type": "Polygon", "coordinates": [[[23.614790883773104, 46.78461911606172], [23.618070623309478, 46.78461911606172], [23.618070623309478, 46.786864893999194], [23.614790883773104, 46.786864893999194], [23.614790883773104, 46.78461911606172]]]}, "properties": {"score": 39, "res500": 6666, "transit": 3, "shops": 1, "food": 1, "comp": 0, "offices": 3}}, {"type": "Feature", "geometry": {"type": "Polygon", "coordinates": [[[23.618070623309478, 46.78461911606172], [23.621350362845853, 46.78461911606172], [23.621350362845853, 46.786864893999194], [23.618070623309478, 46.786864893999194], [23.618070623309478, 46.78461911606172]]]}, "properties": {"score": 28, "res500": 6367, "transit": 0, "shops": 2, "food": 2, "comp": 0, "offices": 0}}, {"type": "Feature", "geometry": {"type": "Polygon", "coordinates": [[[23.621350362845853, 46.78461911606172], [23.624630102382227, 46.78461911606172], [23.624630102382227, 46.786864893999194], [23.621350362845853, 46.786864893999194], [23.621350362845853, 46.78461911606172]]]}, "properties": {"score": 33, "res500": 6470, "transit": 2, "shops": 2, "food": 2, "comp": 0, "offices": 0}}, {"type": "Feature", "geometry": {"type": "Polygon", "coordinates": [[[23.624630102382227, 46.78461911606172], [23.6279098419186, 46.78461911606172], [23.6279098419186, 46.786864893999194], [23.624630102382227, 46.786864893999194], [23.624630102382227, 46.78461911606172]]]}, "properties": {"score": 34, "res500": 6869, "transit": 3, "shops": 2, "food": 1, "comp": 0, "offices": 0}}, {"type": "Feature", "geometry": {"type": "Polygon", "coordinates": [[[23.6279098419186, 46.78461911606172], [23.631189581454976, 46.78461911606172], [23.631189581454976, 46.786864893999194], [23.6279098419186, 46.786864893999194], [23.6279098419186, 46.78461911606172]]]}, "properties": {"score": 30, "res500": 6426, "transit": 2, "shops": 2, "food": 2, "comp": 0, "offices": 0}}, {"type": "Feature", "geometry": {"type": "Polygon", "coordinates": [[[23.631189581454976, 46.78461911606172], [23.63446932099135, 46.78461911606172], [23.63446932099135, 46.786864893999194], [23.631189581454976, 46.786864893999194], [23.631189581454976, 46.78461911606172]]]}, "properties": {"score": 23, "res500": 5008, "transit": 1, "shops": 4, "food": 0, "comp": 0, "offices": 0}}, {"type": "Feature", "geometry": {"type": "Polygon", "coordinates": [[[23.63446932099135, 46.78461911606172], [23.637749060527725, 46.78461911606172], [23.637749060527725, 46.786864893999194], [23.63446932099135, 46.786864893999194], [23.63446932099135, 46.78461911606172]]]}, "properties": {"score": 23, "res500": 4192, "transit": 2, "shops": 4, "food": 0, "comp": 0, "offices": 2}}, {"type": "Feature", "geometry": {"type": "Polygon", "coordinates": [[[23.637749060527725, 46.78461911606172], [23.6410288000641, 46.78461911606172], [23.6410288000641, 46.786864893999194], [23.637749060527725, 46.786864893999194], [23.637749060527725, 46.78461911606172]]]}, "properties": {"score": 23, "res500": 3516, "transit": 2, "shops": 9, "food": 2, "comp": 0, "offices": 2}}, {"type": "Feature", "geometry": {"type": "Polygon", "coordinates": [[[23.6410288000641, 46.78461911606172], [23.644308539600473, 46.78461911606172], [23.644308539600473, 46.786864893999194], [23.6410288000641, 46.786864893999194], [23.6410288000641, 46.78461911606172]]]}, "properties": {"score": 32, "res500": 3838, "transit": 5, "shops": 7, "food": 2, "comp": 0, "offices": 4}}, {"type": "Feature", "geometry": {"type": "Polygon", "coordinates": [[[23.644308539600473, 46.78461911606172], [23.647588279136848, 46.78461911606172], [23.647588279136848, 46.786864893999194], [23.644308539600473, 46.786864893999194], [23.644308539600473, 46.78461911606172]]]}, "properties": {"score": 30, "res500": 3787, "transit": 5, "shops": 9, "food": 0, "comp": 0, "offices": 2}}, {"type": "Feature", "geometry": {"type": "Polygon", "coordinates": [[[23.647588279136848, 46.78461911606172], [23.650868018673222, 46.78461911606172], [23.650868018673222, 46.786864893999194], [23.647588279136848, 46.786864893999194], [23.647588279136848, 46.78461911606172]]]}, "properties": {"score": 21, "res500": 3310, "transit": 2, "shops": 4, "food": 1, "comp": 0, "offices": 1}}, {"type": "Feature", "geometry": {"type": "Polygon", "coordinates": [[[23.650868018673222, 46.78461911606172], [23.654147758209596, 46.78461911606172], [23.654147758209596, 46.786864893999194], [23.650868018673222, 46.786864893999194], [23.650868018673222, 46.78461911606172]]]}, "properties": {"score": 24, "res500": 3026, "transit": 4, "shops": 1, "food": 1, "comp": 1, "offices": 2}}, {"type": "Feature", "geometry": {"type": "Polygon", "coordinates": [[[23.654147758209596, 46.78461911606172], [23.65742749774597, 46.78461911606172], [23.65742749774597, 46.786864893999194], [23.654147758209596, 46.786864893999194], [23.654147758209596, 46.78461911606172]]]}, "properties": {"score": 19, "res500": 3121, "transit": 2, "shops": 1, "food": 1, "comp": 0, "offices": 1}}, {"type": "Feature", "geometry": {"type": "Polygon", "coordinates": [[[23.65742749774597, 46.78461911606172], [23.660707237282345, 46.78461911606172], [23.660707237282345, 46.786864893999194], [23.65742749774597, 46.786864893999194], [23.65742749774597, 46.78461911606172]]]}, "properties": {"score": 11, "res500": 2490, "transit": 0, "shops": 1, "food": 0, "comp": 0, "offices": 1}}, {"type": "Feature", "geometry": {"type": "Polygon", "coordinates": [[[23.660707237282345, 46.78461911606172], [23.66398697681872, 46.78461911606172], [23.66398697681872, 46.786864893999194], [23.660707237282345, 46.786864893999194], [23.660707237282345, 46.78461911606172]]]}, "properties": {"score": 9, "res500": 1568, "transit": 1, "shops": 1, "food": 0, "comp": 0, "offices": 0}}, {"type": "Feature", "geometry": {"type": "Polygon", "coordinates": [[[23.66398697681872, 46.78461911606172], [23.667266716355094, 46.78461911606172], [23.667266716355094, 46.786864893999194], [23.66398697681872, 46.786864893999194], [23.66398697681872, 46.78461911606172]]]}, "properties": {"score": 3, "res500": 650, "transit": 0, "shops": 0, "food": 0, "comp": 0, "offices": 0}}, {"type": "Feature", "geometry": {"type": "Polygon", "coordinates": [[[23.522959134565067, 46.786864893999194], [23.526239010931505, 46.786864893999194], [23.526239010931505, 46.78911067193667], [23.522959134565067, 46.78911067193667], [23.522959134565067, 46.786864893999194]]]}, "properties": {"score": 9, "res500": 920, "transit": 2, "shops": 0, "food": 0, "comp": 0, "offices": 0}}, {"type": "Feature", "geometry": {"type": "Polygon", "coordinates": [[[23.526239010931505, 46.786864893999194], [23.529518887297943, 46.786864893999194], [23.529518887297943, 46.78911067193667], [23.526239010931505, 46.78911067193667], [23.526239010931505, 46.786864893999194]]]}, "properties": {"score": 20, "res500": 1772, "transit": 5, "shops": 0, "food": 0, "comp": 0, "offices": 0}}, {"type": "Feature", "geometry": {"type": "Polygon", "coordinates": [[[23.529518887297943, 46.786864893999194], [23.53279876366438, 46.786864893999194], [23.53279876366438, 46.78911067193667], [23.529518887297943, 46.78911067193667], [23.529518887297943, 46.786864893999194]]]}, "properties": {"score": 13, "res500": 2019, "transit": 2, "shops": 0, "food": 0, "comp": 0, "offices": 1}}, {"type": "Feature", "geometry": {"type": "Polygon", "coordinates": [[[23.53279876366438, 46.786864893999194], [23.53607864003082, 46.786864893999194], [23.53607864003082, 46.78911067193667], [23.53279876366438, 46.78911067193667], [23.53279876366438, 46.786864893999194]]]}, "properties": {"score": 10, "res500": 1838, "transit": 1, "shops": 0, "food": 0, "comp": 0, "offices": 2}}, {"type": "Feature", "geometry": {"type": "Polygon", "coordinates": [[[23.53607864003082, 46.786864893999194], [23.539358516397257, 46.786864893999194], [23.539358516397257, 46.78911067193667], [23.53607864003082, 46.78911067193667], [23.53607864003082, 46.786864893999194]]]}, "properties": {"score": 12, "res500": 2699, "transit": 0, "shops": 2, "food": 1, "comp": 0, "offices": 2}}, {"type": "Feature", "geometry": {"type": "Polygon", "coordinates": [[[23.539358516397257, 46.786864893999194], [23.542638392763696, 46.786864893999194], [23.542638392763696, 46.78911067193667], [23.539358516397257, 46.78911067193667], [23.539358516397257, 46.786864893999194]]]}, "properties": {"score": 11, "res500": 2977, "transit": 0, "shops": 2, "food": 1, "comp": 1, "offices": 1}}, {"type": "Feature", "geometry": {"type": "Polygon", "coordinates": [[[23.542638392763696, 46.786864893999194], [23.545918269130134, 46.786864893999194], [23.545918269130134, 46.78911067193667], [23.542638392763696, 46.78911067193667], [23.542638392763696, 46.786864893999194]]]}, "properties": {"score": 13, "res500": 3368, "transit": 0, "shops": 2, "food": 1, "comp": 0, "offices": 0}}, {"type": "Feature", "geometry": {"type": "Polygon", "coordinates": [[[23.545918269130134, 46.786864893999194], [23.54919814549657, 46.786864893999194], [23.54919814549657, 46.78911067193667], [23.545918269130134, 46.78911067193667], [23.545918269130134, 46.786864893999194]]]}, "properties": {"score": 16, "res500": 3039, "transit": 2, "shops": 2, "food": 0, "comp": 0, "offices": 0}}, {"type": "Feature", "geometry": {"type": "Polygon", "coordinates": [[[23.54919814549657, 46.786864893999194], [23.55247802186301, 46.786864893999194], [23.55247802186301, 46.78911067193667], [23.54919814549657, 46.78911067193667], [23.54919814549657, 46.786864893999194]]]}, "properties": {"score": 10, "res500": 2306, "transit": 0, "shops": 2, "food": 1, "comp": 0, "offices": 1}}, {"type": "Feature", "geometry": {"type": "Polygon", "coordinates": [[[23.55247802186301, 46.786864893999194], [23.555757898229448, 46.786864893999194], [23.555757898229448, 46.78911067193667], [23.55247802186301, 46.78911067193667], [23.55247802186301, 46.786864893999194]]]}, "properties": {"score": 9, "res500": 2093, "transit": 0, "shops": 2, "food": 1, "comp": 0, "offices": 1}}, {"type": "Feature", "geometry": {"type": "Polygon", "coordinates": [[[23.555757898229448, 46.786864893999194], [23.559037774595886, 46.786864893999194], [23.559037774595886, 46.78911067193667], [23.555757898229448, 46.78911067193667], [23.555757898229448, 46.786864893999194]]]}, "properties": {"score": 8, "res500": 2016, "transit": 0, "shops": 1, "food": 0, "comp": 0, "offices": 2}}, {"type": "Feature", "geometry": {"type": "Polygon", "coordinates": [[[23.559037774595886, 46.786864893999194], [23.562317650962324, 46.786864893999194], [23.562317650962324, 46.78911067193667], [23.559037774595886, 46.78911067193667], [23.559037774595886, 46.786864893999194]]]}, "properties": {"score": 9, "res500": 2418, "transit": 0, "shops": 1, "food": 0, "comp": 0, "offices": 1}}, {"type": "Feature", "geometry": {"type": "Polygon", "coordinates": [[[23.562317650962324, 46.786864893999194], [23.565597527328762, 46.786864893999194], [23.565597527328762, 46.78911067193667], [23.562317650962324, 46.78911067193667], [23.562317650962324, 46.786864893999194]]]}, "properties": {"score": 9, "res500": 2557, "transit": 0, "shops": 0, "food": 0, "comp": 0, "offices": 0}}, {"type": "Feature", "geometry": {"type": "Polygon", "coordinates": [[[23.565597527328762, 46.786864893999194], [23.5688774036952, 46.786864893999194], [23.5688774036952, 46.78911067193667], [23.565597527328762, 46.78911067193667], [23.565597527328762, 46.786864893999194]]]}, "properties": {"score": 12, "res500": 2832, "transit": 0, "shops": 2, "food": 0, "comp": 0, "offices": 0}}, {"type": "Feature", "geometry": {"type": "Polygon", "coordinates": [[[23.5688774036952, 46.786864893999194], [23.57215728006164, 46.786864893999194], [23.57215728006164, 46.78911067193667], [23.5688774036952, 46.78911067193667], [23.5688774036952, 46.786864893999194]]]}, "properties": {"score": 19, "res500": 3017, "transit": 2, "shops": 4, "food": 0, "comp": 0, "offices": 0}}, {"type": "Feature", "geometry": {"type": "Polygon", "coordinates": [[[23.57215728006164, 46.786864893999194], [23.575437156428077, 46.786864893999194], [23.575437156428077, 46.78911067193667], [23.57215728006164, 46.78911067193667], [23.57215728006164, 46.786864893999194]]]}, "properties": {"score": 21, "res500": 3168, "transit": 2, "shops": 2, "food": 1, "comp": 0, "offices": 0}}, {"type": "Feature", "geometry": {"type": "Polygon", "coordinates": [[[23.575437156428077, 46.786864893999194], [23.578717032794515, 46.786864893999194], [23.578717032794515, 46.78911067193667], [23.575437156428077, 46.78911067193667], [23.575437156428077, 46.786864893999194]]]}, "properties": {"score": 19, "res500": 4186, "transit": 0, "shops": 2, "food": 2, "comp": 1, "offices": 0}}, {"type": "Feature", "geometry": {"type": "Polygon", "coordinates": [[[23.578717032794515, 46.786864893999194], [23.581996909160953, 46.786864893999194], [23.581996909160953, 46.78911067193667], [23.578717032794515, 46.78911067193667], [23.578717032794515, 46.786864893999194]]]}, "properties": {"score": 28, "res500": 3969, "transit": 4, "shops": 8, "food": 2, "comp": 2, "offices": 0}}, {"type": "Feature", "geometry": {"type": "Polygon", "coordinates": [[[23.581996909160953, 46.786864893999194], [23.58527678552739, 46.786864893999194], [23.58527678552739, 46.78911067193667], [23.581996909160953, 46.78911067193667], [23.581996909160953, 46.786864893999194]]]}, "properties": {"score": 33, "res500": 4145, "transit": 4, "shops": 8, "food": 3, "comp": 0, "offices": 2}}, {"type": "Feature", "geometry": {"type": "Polygon", "coordinates": [[[23.58527678552739, 46.786864893999194], [23.58855666189383, 46.786864893999194], [23.58855666189383, 46.78911067193667], [23.58527678552739, 46.78911067193667], [23.58527678552739, 46.786864893999194]]]}, "properties": {"score": 18, "res500": 4102, "transit": 0, "shops": 3, "food": 1, "comp": 1, "offices": 5}}, {"type": "Feature", "geometry": {"type": "Polygon", "coordinates": [[[23.58855666189383, 46.786864893999194], [23.591836538260267, 46.786864893999194], [23.591836538260267, 46.78911067193667], [23.58855666189383, 46.78911067193667], [23.58855666189383, 46.786864893999194]]]}, "properties": {"score": 21, "res500": 3961, "transit": 0, "shops": 5, "food": 3, "comp": 1, "offices": 11}}, {"type": "Feature", "geometry": {"type": "Polygon", "coordinates": [[[23.591836538260267, 46.786864893999194], [23.595116414626705, 46.786864893999194], [23.595116414626705, 46.78911067193667], [23.591836538260267, 46.78911067193667], [23.591836538260267, 46.786864893999194]]]}, "properties": {"score": 35, "res500": 3641, "transit": 6, "shops": 2, "food": 2, "comp": 1, "offices": 10}}, {"type": "Feature", "geometry": {"type": "Polygon", "coordinates": [[[23.595116414626705, 46.786864893999194], [23.598396290993144, 46.786864893999194], [23.598396290993144, 46.78911067193667], [23.595116414626705, 46.78911067193667], [23.595116414626705, 46.786864893999194]]]}, "properties": {"score": 35, "res500": 3242, "transit": 6, "shops": 5, "food": 1, "comp": 1, "offices": 7}}, {"type": "Feature", "geometry": {"type": "Polygon", "coordinates": [[[23.598396290993144, 46.786864893999194], [23.60167616735958, 46.786864893999194], [23.60167616735958, 46.78911067193667], [23.598396290993144, 46.78911067193667], [23.598396290993144, 46.786864893999194]]]}, "properties": {"score": 35, "res500": 3477, "transit": 6, "shops": 0, "food": 2, "comp": 0, "offices": 7}}, {"type": "Feature", "geometry": {"type": "Polygon", "coordinates": [[[23.60167616735958, 46.786864893999194], [23.60495604372602, 46.786864893999194], [23.60495604372602, 46.78911067193667], [23.60167616735958, 46.78911067193667], [23.60167616735958, 46.786864893999194]]]}, "properties": {"score": 24, "res500": 3276, "transit": 1, "shops": 11, "food": 8, "comp": 2, "offices": 3}}, {"type": "Feature", "geometry": {"type": "Polygon", "coordinates": [[[23.60495604372602, 46.786864893999194], [23.608235920092458, 46.786864893999194], [23.608235920092458, 46.78911067193667], [23.60495604372602, 46.78911067193667], [23.60495604372602, 46.786864893999194]]]}, "properties": {"score": 27, "res500": 3342, "transit": 2, "shops": 16, "food": 11, "comp": 6, "offices": 6}}, {"type": "Feature", "geometry": {"type": "Polygon", "coordinates": [[[23.608235920092458, 46.786864893999194], [23.611515796458896, 46.786864893999194], [23.611515796458896, 46.78911067193667], [23.608235920092458, 46.78911067193667], [23.608235920092458, 46.786864893999194]]]}, "properties": {"score": 24, "res500": 4656, "transit": 0, "shops": 4, "food": 10, "comp": 3, "offices": 5}}, {"type": "Feature", "geometry": {"type": "Polygon", "coordinates": [[[23.611515796458896, 46.786864893999194], [23.614795672825334, 46.786864893999194], [23.614795672825334, 46.78911067193667], [23.611515796458896, 46.78911067193667], [23.611515796458896, 46.786864893999194]]]}, "properties": {"score": 28, "res500": 4548, "transit": 2, "shops": 6, "food": 4, "comp": 1, "offices": 3}}, {"type": "Feature", "geometry": {"type": "Polygon", "coordinates": [[[23.614795672825334, 46.786864893999194], [23.618075549191772, 46.786864893999194], [23.618075549191772, 46.78911067193667], [23.614795672825334, 46.78911067193667], [23.614795672825334, 46.786864893999194]]]}, "properties": {"score": 28, "res500": 4769, "transit": 2, "shops": 6, "food": 2, "comp": 1, "offices": 3}}, {"type": "Feature", "geometry": {"type": "Polygon", "coordinates": [[[23.618075549191772, 46.786864893999194], [23.62135542555821, 46.786864893999194], [23.62135542555821, 46.78911067193667], [23.618075549191772, 46.78911067193667], [23.618075549191772, 46.786864893999194]]]}, "properties": {"score": 20, "res500": 5132, "transit": 0, "shops": 3, "food": 1, "comp": 1, "offices": 0}}, {"type": "Feature", "geometry": {"type": "Polygon", "coordinates": [[[23.62135542555821, 46.786864893999194], [23.62463530192465, 46.786864893999194], [23.62463530192465, 46.78911067193667], [23.62135542555821, 46.78911067193667], [23.62135542555821, 46.786864893999194]]]}, "properties": {"score": 24, "res500": 4544, "transit": 2, "shops": 1, "food": 0, "comp": 0, "offices": 0}}, {"type": "Feature", "geometry": {"type": "Polygon", "coordinates": [[[23.62463530192465, 46.786864893999194], [23.627915178291087, 46.786864893999194], [23.627915178291087, 46.78911067193667], [23.62463530192465, 46.78911067193667], [23.62463530192465, 46.786864893999194]]]}, "properties": {"score": 28, "res500": 4135, "transit": 4, "shops": 2, "food": 0, "comp": 0, "offices": 1}}, {"type": "Feature", "geometry": {"type": "Polygon", "coordinates": [[[23.627915178291087, 46.786864893999194], [23.631195054657525, 46.786864893999194], [23.631195054657525, 46.78911067193667], [23.627915178291087, 46.78911067193667], [23.627915178291087, 46.786864893999194]]]}, "properties": {"score": 21, "res500": 3841, "transit": 2, "shops": 2, "food": 0, "comp": 0, "offices": 0}}, {"type": "Feature", "geometry": {"type": "Polygon", "coordinates": [[[23.631195054657525, 46.786864893999194], [23.634474931023963, 46.786864893999194], [23.634474931023963, 46.78911067193667], [23.631195054657525, 46.78911067193667], [23.631195054657525, 46.786864893999194]]]}, "properties": {"score": 19, "res500": 3361, "transit": 2, "shops": 1, "food": 0, "comp": 0, "offices": 0}}, {"type": "Feature", "geometry": {"type": "Polygon", "coordinates": [[[23.634474931023963, 46.786864893999194], [23.6377548073904, 46.786864893999194], [23.6377548073904, 46.78911067193667], [23.634474931023963, 46.78911067193667], [23.634474931023963, 46.786864893999194]]]}, "properties": {"score": 20, "res500": 3356, "transit": 2, "shops": 2, "food": 1, "comp": 0, "offices": 1}}, {"type": "Feature", "geometry": {"type": "Polygon", "coordinates": [[[23.6377548073904, 46.786864893999194], [23.64103468375684, 46.786864893999194], [23.64103468375684, 46.78911067193667], [23.6377548073904, 46.78911067193667], [23.6377548073904, 46.786864893999194]]]}, "properties": {"score": 19, "res500": 3484, "transit": 2, "shops": 4, "food": 1, "comp": 1, "offices": 2}}, {"type": "Feature", "geometry": {"type": "Polygon", "coordinates": [[[23.64103468375684, 46.786864893999194], [23.644314560123277, 46.786864893999194], [23.644314560123277, 46.78911067193667], [23.64103468375684, 46.78911067193667], [23.64103468375684, 46.786864893999194]]]}, "properties": {"score": 29, "res500": 3072, "transit": 6, "shops": 7, "food": 1, "comp": 1, "offices": 1}}, {"type": "Feature", "geometry": {"type": "Polygon", "coordinates": [[[23.644314560123277, 46.786864893999194], [23.647594436489715, 46.786864893999194], [23.647594436489715, 46.78911067193667], [23.644314560123277, 46.78911067193667], [23.644314560123277, 46.786864893999194]]]}, "properties": {"score": 25, "res500": 3732, "transit": 4, "shops": 3, "food": 0, "comp": 0, "offices": 2}}, {"type": "Feature", "geometry": {"type": "Polygon", "coordinates": [[[23.647594436489715, 46.786864893999194], [23.650874312856153, 46.786864893999194], [23.650874312856153, 46.78911067193667], [23.647594436489715, 46.78911067193667], [23.647594436489715, 46.786864893999194]]]}, "properties": {"score": 21, "res500": 3704, "transit": 3, "shops": 0, "food": 0, "comp": 0, "offices": 1}}, {"type": "Feature", "geometry": {"type": "Polygon", "coordinates": [[[23.650874312856153, 46.786864893999194], [23.65415418922259, 46.786864893999194], [23.65415418922259, 46.78911067193667], [23.650874312856153, 46.78911067193667], [23.650874312856153, 46.786864893999194]]]}, "properties": {"score": 19, "res500": 3486, "transit": 2, "shops": 0, "food": 0, "comp": 0, "offices": 1}}, {"type": "Feature", "geometry": {"type": "Polygon", "coordinates": [[[23.65415418922259, 46.786864893999194], [23.65743406558903, 46.786864893999194], [23.65743406558903, 46.78911067193667], [23.65415418922259, 46.78911067193667], [23.65415418922259, 46.786864893999194]]]}, "properties": {"score": 18, "res500": 3042, "transit": 2, "shops": 0, "food": 0, "comp": 0, "offices": 1}}, {"type": "Feature", "geometry": {"type": "Polygon", "coordinates": [[[23.65743406558903, 46.786864893999194], [23.660713941955468, 46.786864893999194], [23.660713941955468, 46.78911067193667], [23.65743406558903, 46.78911067193667], [23.65743406558903, 46.786864893999194]]]}, "properties": {"score": 8, "res500": 2005, "transit": 0, "shops": 0, "food": 0, "comp": 0, "offices": 1}}, {"type": "Feature", "geometry": {"type": "Polygon", "coordinates": [[[23.660713941955468, 46.786864893999194], [23.663993818321906, 46.786864893999194], [23.663993818321906, 46.78911067193667], [23.660713941955468, 46.78911067193667], [23.660713941955468, 46.786864893999194]]]}, "properties": {"score": 5, "res500": 1104, "transit": 0, "shops": 0, "food": 0, "comp": 0, "offices": 1}}, {"type": "Feature", "geometry": {"type": "Polygon", "coordinates": [[[23.663993818321906, 46.786864893999194], [23.667273694688344, 46.786864893999194], [23.667273694688344, 46.78911067193667], [23.663993818321906, 46.78911067193667], [23.663993818321906, 46.786864893999194]]]}, "properties": {"score": 2, "res500": 320, "transit": 0, "shops": 0, "food": 0, "comp": 0, "offices": 0}}, {"type": "Feature", "geometry": {"type": "Polygon", "coordinates": [[[23.519680079277727, 46.78911067193667], [23.52296009249068, 46.78911067193667], [23.52296009249068, 46.791356449874144], [23.519680079277727, 46.791356449874144], [23.519680079277727, 46.78911067193667]]]}, "properties": {"score": 4, "res500": 978, "transit": 0, "shops": 0, "food": 0, "comp": 0, "offices": 0}}, {"type": "Feature", "geometry": {"type": "Polygon", "coordinates": [[[23.52296009249068, 46.78911067193667], [23.526240105703636, 46.78911067193667], [23.526240105703636, 46.791356449874144], [23.52296009249068, 46.791356449874144], [23.52296009249068, 46.78911067193667]]]}, "properties": {"score": 21, "res500": 2170, "transit": 5, "shops": 0, "food": 1, "comp": 0, "offices": 0}}, {"type": "Feature", "geometry": {"type": "Polygon", "coordinates": [[[23.526240105703636, 46.78911067193667], [23.52952011891659, 46.78911067193667], [23.52952011891659, 46.791356449874144], [23.526240105703636, 46.791356449874144], [23.526240105703636, 46.78911067193667]]]}, "properties": {"score": 25, "res500": 3092, "transit": 5, "shops": 7, "food": 1, "comp": 1, "offices": 0}}, {"type": "Feature", "geometry": {"type": "Polygon", "coordinates": [[[23.52952011891659, 46.78911067193667], [23.532800132129545, 46.78911067193667], [23.532800132129545, 46.791356449874144], [23.52952011891659, 46.791356449874144], [23.52952011891659, 46.78911067193667]]]}, "properties": {"score": 23, "res500": 2808, "transit": 4, "shops": 7, "food": 1, "comp": 0, "offices": 0}}, {"type": "Feature", "geometry": {"type": "Polygon", "coordinates": [[[23.532800132129545, 46.78911067193667], [23.5360801453425, 46.78911067193667], [23.5360801453425, 46.791356449874144], [23.532800132129545, 46.791356449874144], [23.532800132129545, 46.78911067193667]]]}, "properties": {"score": 8, "res500": 2233, "transit": 0, "shops": 0, "food": 0, "comp": 0, "offices": 0}}, {"type": "Feature", "geometry": {"type": "Polygon", "coordinates": [[[23.5360801453425, 46.78911067193667], [23.539360158555453, 46.78911067193667], [23.539360158555453, 46.791356449874144], [23.5360801453425, 46.791356449874144], [23.5360801453425, 46.78911067193667]]]}, "properties": {"score": 5, "res500": 1137, "transit": 0, "shops": 0, "food": 0, "comp": 0, "offices": 0}}, {"type": "Feature", "geometry": {"type": "Polygon", "coordinates": [[[23.539360158555453, 46.78911067193667], [23.542640171768408, 46.78911067193667], [23.542640171768408, 46.791356449874144], [23.539360158555453, 46.791356449874144], [23.539360158555453, 46.78911067193667]]]}, "properties": {"score": 6, "res500": 1374, "transit": 0, "shops": 0, "food": 0, "comp": 0, "offices": 0}}, {"type": "Feature", "geometry": {"type": "Polygon", "coordinates": [[[23.542640171768408, 46.78911067193667], [23.545920184981362, 46.78911067193667], [23.545920184981362, 46.791356449874144], [23.542640171768408, 46.791356449874144], [23.542640171768408, 46.78911067193667]]]}, "properties": {"score": 6, "res500": 1407, "transit": 0, "shops": 1, "food": 0, "comp": 0, "offices": 0}}, {"type": "Feature", "geometry": {"type": "Polygon", "coordinates": [[[23.545920184981362, 46.78911067193667], [23.549200198194317, 46.78911067193667], [23.549200198194317, 46.791356449874144], [23.545920184981362, 46.791356449874144], [23.545920184981362, 46.78911067193667]]]}, "properties": {"score": 5, "res500": 1223, "transit": 0, "shops": 1, "food": 0, "comp": 0, "offices": 0}}, {"type": "Feature", "geometry": {"type": "Polygon", "coordinates": [[[23.549200198194317, 46.78911067193667], [23.55248021140727, 46.78911067193667], [23.55248021140727, 46.791356449874144], [23.549200198194317, 46.791356449874144], [23.549200198194317, 46.78911067193667]]]}, "properties": {"score": 5, "res500": 1131, "transit": 0, "shops": 0, "food": 0, "comp": 0, "offices": 0}}, {"type": "Feature", "geometry": {"type": "Polygon", "coordinates": [[[23.55248021140727, 46.78911067193667], [23.555760224620226, 46.78911067193667], [23.555760224620226, 46.791356449874144], [23.55248021140727, 46.791356449874144], [23.55248021140727, 46.78911067193667]]]}, "properties": {"score": 5, "res500": 920, "transit": 0, "shops": 1, "food": 0, "comp": 0, "offices": 0}}, {"type": "Feature", "geometry": {"type": "Polygon", "coordinates": [[[23.555760224620226, 46.78911067193667], [23.55904023783318, 46.78911067193667], [23.55904023783318, 46.791356449874144], [23.555760224620226, 46.791356449874144], [23.555760224620226, 46.78911067193667]]]}, "properties": {"score": 4, "res500": 888, "transit": 0, "shops": 1, "food": 0, "comp": 0, "offices": 0}}, {"type": "Feature", "geometry": {"type": "Polygon", "coordinates": [[[23.55904023783318, 46.78911067193667], [23.562320251046135, 46.78911067193667], [23.562320251046135, 46.791356449874144], [23.55904023783318, 46.791356449874144], [23.55904023783318, 46.78911067193667]]]}, "properties": {"score": 6, "res500": 1387, "transit": 0, "shops": 2, "food": 0, "comp": 0, "offices": 0}}, {"type": "Feature", "geometry": {"type": "Polygon", "coordinates": [[[23.562320251046135, 46.78911067193667], [23.56560026425909, 46.78911067193667], [23.56560026425909, 46.791356449874144], [23.562320251046135, 46.791356449874144], [23.562320251046135, 46.78911067193667]]]}, "properties": {"score": 7, "res500": 1808, "transit": 0, "shops": 1, "food": 0, "comp": 0, "offices": 0}}, {"type": "Feature", "geometry": {"type": "Polygon", "coordinates": [[[23.56560026425909, 46.78911067193667], [23.568880277472044, 46.78911067193667], [23.568880277472044, 46.791356449874144], [23.56560026425909, 46.791356449874144], [23.56560026425909, 46.78911067193667]]]}, "properties": {"score": 9, "res500": 2390, "transit": 0, "shops": 0, "food": 0, "comp": 0, "offices": 0}}, {"type": "Feature", "geometry": {"type": "Polygon", "coordinates": [[[23.568880277472044, 46.78911067193667], [23.572160290684998, 46.78911067193667], [23.572160290684998, 46.791356449874144], [23.568880277472044, 46.791356449874144], [23.568880277472044, 46.78911067193667]]]}, "properties": {"score": 10, "res500": 2564, "transit": 0, "shops": 0, "food": 0, "comp": 0, "offices": 0}}, {"type": "Feature", "geometry": {"type": "Polygon", "coordinates": [[[23.572160290684998, 46.78911067193667], [23.575440303897953, 46.78911067193667], [23.575440303897953, 46.791356449874144], [23.572160290684998, 46.791356449874144], [23.572160290684998, 46.78911067193667]]]}, "properties": {"score": 13, "res500": 3241, "transit": 0, "shops": 1, "food": 0, "comp": 0, "offices": 0}}, {"type": "Feature", "geometry": {"type": "Polygon", "coordinates": [[[23.575440303897953, 46.78911067193667], [23.578720317110907, 46.78911067193667], [23.578720317110907, 46.791356449874144], [23.575440303897953, 46.791356449874144], [23.575440303897953, 46.78911067193667]]]}, "properties": {"score": 17, "res500": 4592, "transit": 0, "shops": 0, "food": 1, "comp": 1, "offices": 0}}, {"type": "Feature", "geometry": {"type": "Polygon", "coordinates": [[[23.578720317110907, 46.78911067193667], [23.58200033032386, 46.78911067193667], [23.58200033032386, 46.791356449874144], [23.578720317110907, 46.791356449874144], [23.578720317110907, 46.78911067193667]]]}, "properties": {"score": 23, "res500": 4841, "transit": 2, "shops": 1, "food": 1, "comp": 1, "offices": 0}}, {"type": "Feature", "geometry": {"type": "Polygon", "coordinates": [[[23.58200033032386, 46.78911067193667], [23.585280343536816, 46.78911067193667], [23.585280343536816, 46.791356449874144], [23.58200033032386, 46.791356449874144], [23.58200033032386, 46.78911067193667]]]}, "properties": {"score": 32, "res500": 5447, "transit": 4, "shops": 1, "food": 1, "comp": 0, "offices": 1}}, {"type": "Feature", "geometry": {"type": "Polygon", "coordinates": [[[23.585280343536816, 46.78911067193667], [23.58856035674977, 46.78911067193667], [23.58856035674977, 46.791356449874144], [23.585280343536816, 46.791356449874144], [23.585280343536816, 46.78911067193667]]]}, "properties": {"score": 26, "res500": 5385, "transit": 2, "shops": 2, "food": 1, "comp": 0, "offices": 2}}, {"type": "Feature", "geometry": {"type": "Polygon", "coordinates": [[[23.58856035674977, 46.78911067193667], [23.591840369962725, 46.78911067193667], [23.591840369962725, 46.791356449874144], [23.58856035674977, 46.791356449874144], [23.58856035674977, 46.78911067193667]]]}, "properties": {"score": 30, "res500": 5143, "transit": 3, "shops": 1, "food": 1, "comp": 0, "offices": 8}}, {"type": "Feature", "geometry": {"type": "Polygon", "coordinates": [[[23.591840369962725, 46.78911067193667], [23.59512038317568, 46.78911067193667], [23.59512038317568, 46.791356449874144], [23.591840369962725, 46.791356449874144], [23.591840369962725, 46.78911067193667]]]}, "properties": {"score": 29, "res500": 4947, "transit": 2, "shops": 2, "food": 1, "comp": 0, "offices": 7}}, {"type": "Feature", "geometry": {"type": "Polygon", "coordinates": [[[23.59512038317568, 46.78911067193667], [23.598400396388634, 46.78911067193667], [23.598400396388634, 46.791356449874144], [23.59512038317568, 46.791356449874144], [23.59512038317568, 46.78911067193667]]]}, "properties": {"score": 37, "res500": 4144, "transit": 12, "shops": 2, "food": 1, "comp": 0, "offices": 7}}, {"type": "Feature", "geometry": {"type": "Polygon", "coordinates": [[[23.598400396388634, 46.78911067193667], [23.601680409601588, 46.78911067193667], [23.601680409601588, 46.791356449874144], [23.598400396388634, 46.791356449874144], [23.598400396388634, 46.78911067193667]]]}, "properties": {"score": 36, "res500": 4141, "transit": 7, "shops": 2, "food": 0, "comp": 0, "offices": 4}}, {"type": "Feature", "geometry": {"type": "Polygon", "coordinates": [[[23.601680409601588, 46.78911067193667], [23.604960422814543, 46.78911067193667], [23.604960422814543, 46.791356449874144], [23.601680409601588, 46.791356449874144], [23.601680409601588, 46.78911067193667]]]}, "properties": {"score": 25, "res500": 5920, "transit": 0, "shops": 1, "food": 5, "comp": 0, "offices": 1}}, {"type": "Feature", "geometry": {"type": "Polygon", "coordinates": [[[23.604960422814543, 46.78911067193667], [23.608240436027497, 46.78911067193667], [23.608240436027497, 46.791356449874144], [23.604960422814543, 46.791356449874144], [23.604960422814543, 46.78911067193667]]]}, "properties": {"score": 24, "res500": 5219, "transit": 0, "shops": 3, "food": 8, "comp": 2, "offices": 2}}, {"type": "Feature", "geometry": {"type": "Polygon", "coordinates": [[[23.608240436027497, 46.78911067193667], [23.61152044924045, 46.78911067193667], [23.61152044924045, 46.791356449874144], [23.608240436027497, 46.791356449874144], [23.608240436027497, 46.78911067193667]]]}, "properties": {"score": 25, "res500": 5767, "transit": 0, "shops": 3, "food": 6, "comp": 2, "offices": 3}}, {"type": "Feature", "geometry": {"type": "Polygon", "coordinates": [[[23.61152044924045, 46.78911067193667], [23.614800462453406, 46.78911067193667], [23.614800462453406, 46.791356449874144], [23.61152044924045, 46.791356449874144], [23.61152044924045, 46.78911067193667]]]}, "properties": {"score": 22, "res500": 4586, "transit": 1, "shops": 7, "food": 4, "comp": 3, "offices": 2}}, {"type": "Feature", "geometry": {"type": "Polygon", "coordinates": [[[23.614800462453406, 46.78911067193667], [23.61808047566636, 46.78911067193667], [23.61808047566636, 46.791356449874144], [23.614800462453406, 46.791356449874144], [23.614800462453406, 46.78911067193667]]]}, "properties": {"score": 20, "res500": 3619, "transit": 1, "shops": 6, "food": 2, "comp": 1, "offices": 1}}, {"type": "Feature", "geometry": {"type": "Polygon", "coordinates": [[[23.61808047566636, 46.78911067193667], [23.621360488879315, 46.78911067193667], [23.621360488879315, 46.791356449874144], [23.61808047566636, 46.791356449874144], [23.61808047566636, 46.78911067193667]]]}, "properties": {"score": 17, "res500": 4079, "transit": 0, "shops": 1, "food": 1, "comp": 0, "offices": 0}}, {"type": "Feature", "geometry": {"type": "Polygon", "coordinates": [[[23.621360488879315, 46.78911067193667], [23.62464050209227, 46.78911067193667], [23.62464050209227, 46.791356449874144], [23.621360488879315, 46.791356449874144], [23.621360488879315, 46.78911067193667]]]}, "properties": {"score": 18, "res500": 2854, "transit": 2, "shops": 2, "food": 0, "comp": 0, "offices": 1}}, {"type": "Feature", "geometry": {"type": "Polygon", "coordinates": [[[23.62464050209227, 46.78911067193667], [23.627920515305224, 46.78911067193667], [23.627920515305224, 46.791356449874144], [23.62464050209227, 46.791356449874144], [23.62464050209227, 46.78911067193667]]]}, "properties": {"score": 18, "res500": 2667, "transit": 2, "shops": 2, "food": 0, "comp": 0, "offices": 1}}, {"type": "Feature", "geometry": {"type": "Polygon", "coordinates": [[[23.627920515305224, 46.78911067193667], [23.63120052851818, 46.78911067193667], [23.63120052851818, 46.791356449874144], [23.627920515305224, 46.791356449874144], [23.627920515305224, 46.78911067193667]]]}, "properties": {"score": 16, "res500": 2213, "transit": 2, "shops": 2, "food": 0, "comp": 0, "offices": 1}}, {"type": "Feature", "geometry": {"type": "Polygon", "coordinates": [[[23.63120052851818, 46.78911067193667], [23.634480541731133, 46.78911067193667], [23.634480541731133, 46.791356449874144], [23.63120052851818, 46.791356449874144], [23.63120052851818, 46.78911067193667]]]}, "properties": {"score": 10, "res500": 1360, "transit": 1, "shops": 0, "food": 0, "comp": 0, "offices": 1}}, {"type": "Feature", "geometry": {"type": "Polygon", "coordinates": [[[23.634480541731133, 46.78911067193667], [23.637760554944087, 46.78911067193667], [23.637760554944087, 46.791356449874144], [23.634480541731133, 46.791356449874144], [23.634480541731133, 46.78911067193667]]]}, "properties": {"score": 10, "res500": 1586, "transit": 1, "shops": 0, "food": 1, "comp": 0, "offices": 0}}, {"type": "Feature", "geometry": {"type": "Polygon", "coordinates": [[[23.637760554944087, 46.78911067193667], [23.64104056815704, 46.78911067193667], [23.64104056815704, 46.791356449874144], [23.637760554944087, 46.791356449874144], [23.637760554944087, 46.78911067193667]]]}, "properties": {"score": 7, "res500": 1920, "transit": 0, "shops": 1, "food": 1, "comp": 1, "offices": 0}}, {"type": "Feature", "geometry": {"type": "Polygon", "coordinates": [[[23.64104056815704, 46.78911067193667], [23.644320581369996, 46.78911067193667], [23.644320581369996, 46.791356449874144], [23.64104056815704, 46.791356449874144], [23.64104056815704, 46.78911067193667]]]}, "properties": {"score": 10, "res500": 2203, "transit": 0, "shops": 3, "food": 1, "comp": 0, "offices": 0}}, {"type": "Feature", "geometry": {"type": "Polygon", "coordinates": [[[23.644320581369996, 46.78911067193667], [23.64760059458295, 46.78911067193667], [23.64760059458295, 46.791356449874144], [23.644320581369996, 46.791356449874144], [23.644320581369996, 46.78911067193667]]]}, "properties": {"score": 19, "res500": 2850, "transit": 3, "shops": 2, "food": 0, "comp": 0, "offices": 0}}, {"type": "Feature", "geometry": {"type": "Polygon", "coordinates": [[[23.64760059458295, 46.78911067193667], [23.650880607795905, 46.78911067193667], [23.650880607795905, 46.791356449874144], [23.64760059458295, 46.791356449874144], [23.64760059458295, 46.78911067193667]]]}, "properties": {"score": 19, "res500": 3111, "transit": 3, "shops": 0, "food": 0, "comp": 0, "offices": 0}}, {"type": "Feature", "geometry": {"type": "Polygon", "coordinates": [[[23.650880607795905, 46.78911067193667], [23.65416062100886, 46.78911067193667], [23.65416062100886, 46.791356449874144], [23.650880607795905, 46.791356449874144], [23.650880607795905, 46.78911067193667]]]}, "properties": {"score": 18, "res500": 2760, "transit": 3, "shops": 0, "food": 0, "comp": 0, "offices": 1}}, {"type": "Feature", "geometry": {"type": "Polygon", "coordinates": [[[23.65416062100886, 46.78911067193667], [23.657440634221814, 46.78911067193667], [23.657440634221814, 46.791356449874144], [23.65416062100886, 46.791356449874144], [23.65416062100886, 46.78911067193667]]]}, "properties": {"score": 17, "res500": 2591, "transit": 3, "shops": 0, "food": 0, "comp": 0, "offices": 1}}, {"type": "Feature", "geometry": {"type": "Polygon", "coordinates": [[[23.657440634221814, 46.78911067193667], [23.66072064743477, 46.78911067193667], [23.66072064743477, 46.791356449874144], [23.657440634221814, 46.791356449874144], [23.657440634221814, 46.78911067193667]]]}, "properties": {"score": 13, "res500": 1896, "transit": 2, "shops": 0, "food": 0, "comp": 0, "offices": 3}}, {"type": "Feature", "geometry": {"type": "Polygon", "coordinates": [[[23.66072064743477, 46.78911067193667], [23.664000660647723, 46.78911067193667], [23.664000660647723, 46.791356449874144], [23.66072064743477, 46.791356449874144], [23.66072064743477, 46.78911067193667]]]}, "properties": {"score": 4, "res500": 938, "transit": 0, "shops": 0, "food": 0, "comp": 0, "offices": 1}}, {"type": "Feature", "geometry": {"type": "Polygon", "coordinates": [[[23.664000660647723, 46.78911067193667], [23.667280673860677, 46.78911067193667], [23.667280673860677, 46.791356449874144], [23.664000660647723, 46.791356449874144], [23.664000660647723, 46.78911067193667]]]}, "properties": {"score": 1, "res500": 224, "transit": 0, "shops": 0, "food": 0, "comp": 0, "offices": 0}}, {"type": "Feature", "geometry": {"type": "Polygon", "coordinates": [[[23.513120600303722, 46.791356449874144], [23.516400750379653, 46.791356449874144], [23.516400750379653, 46.79360222781162], [23.513120600303722, 46.79360222781162], [23.513120600303722, 46.791356449874144]]]}, "properties": {"score": 2, "res500": 278, "transit": 0, "shops": 0, "food": 0, "comp": 0, "offices": 0}}, {"type": "Feature", "geometry": {"type": "Polygon", "coordinates": [[[23.516400750379653, 46.791356449874144], [23.519680900455583, 46.791356449874144], [23.519680900455583, 46.79360222781162], [23.516400750379653, 46.79360222781162], [23.516400750379653, 46.791356449874144]]]}, "properties": {"score": 4, "res500": 957, "transit": 0, "shops": 0, "food": 0, "comp": 0, "offices": 0}}, {"type": "Feature", "geometry": {"type": "Polygon", "coordinates": [[[23.519680900455583, 46.791356449874144], [23.522961050531514, 46.791356449874144], [23.522961050531514, 46.79360222781162], [23.519680900455583, 46.79360222781162], [23.519680900455583, 46.791356449874144]]]}, "properties": {"score": 10, "res500": 1914, "transit": 1, "shops": 1, "food": 0, "comp": 0, "offices": 0}}, {"type": "Feature", "geometry": {"type": "Polygon", "coordinates": [[[23.522961050531514, 46.791356449874144], [23.526241200607444, 46.791356449874144], [23.526241200607444, 46.79360222781162], [23.522961050531514, 46.79360222781162], [23.522961050531514, 46.791356449874144]]]}, "properties": {"score": 18, "res500": 3204, "transit": 2, "shops": 5, "food": 1, "comp": 0, "offices": 0}}, {"type": "Feature", "geometry": {"type": "Polygon", "coordinates": [[[23.526241200607444, 46.791356449874144], [23.529521350683375, 46.791356449874144], [23.529521350683375, 46.79360222781162], [23.526241200607444, 46.79360222781162], [23.526241200607444, 46.791356449874144]]]}, "properties": {"score": 18, "res500": 3342, "transit": 2, "shops": 7, "food": 1, "comp": 1, "offices": 0}}, {"type": "Feature", "geometry": {"type": "Polygon", "coordinates": [[[23.529521350683375, 46.791356449874144], [23.532801500759305, 46.791356449874144], [23.532801500759305, 46.79360222781162], [23.529521350683375, 46.79360222781162], [23.529521350683375, 46.791356449874144]]]}, "properties": {"score": 11, "res500": 2815, "transit": 0, "shops": 7, "food": 1, "comp": 1, "offices": 0}}, {"type": "Feature", "geometry": {"type": "Polygon", "coordinates": [[[23.532801500759305, 46.791356449874144], [23.536081650835236, 46.791356449874144], [23.536081650835236, 46.79360222781162], [23.532801500759305, 46.79360222781162], [23.532801500759305, 46.791356449874144]]]}, "properties": {"score": 7, "res500": 1748, "transit": 0, "shops": 0, "food": 0, "comp": 0, "offices": 0}}, {"type": "Feature", "geometry": {"type": "Polygon", "coordinates": [[[23.536081650835236, 46.791356449874144], [23.539361800911166, 46.791356449874144], [23.539361800911166, 46.79360222781162], [23.536081650835236, 46.79360222781162], [23.536081650835236, 46.791356449874144]]]}, "properties": {"score": 2, "res500": 283, "transit": 0, "shops": 0, "food": 0, "comp": 0, "offices": 0}}, {"type": "Feature", "geometry": {"type": "Polygon", "coordinates": [[[23.539361800911166, 46.791356449874144], [23.542641950987097, 46.791356449874144], [23.542641950987097, 46.79360222781162], [23.539361800911166, 46.79360222781162], [23.539361800911166, 46.791356449874144]]]}, "properties": {"score": 2, "res500": 231, "transit": 0, "shops": 0, "food": 0, "comp": 0, "offices": 0}}, {"type": "Feature", "geometry": {"type": "Polygon", "coordinates": [[[23.542641950987097, 46.791356449874144], [23.545922101063027, 46.791356449874144], [23.545922101063027, 46.79360222781162], [23.542641950987097, 46.79360222781162], [23.542641950987097, 46.791356449874144]]]}, "properties": {"score": 3, "res500": 469, "transit": 0, "shops": 0, "food": 0, "comp": 0, "offices": 0}}, {"type": "Feature", "geometry": {"type": "Polygon", "coordinates": [[[23.545922101063027, 46.791356449874144], [23.549202251138958, 46.791356449874144], [23.549202251138958, 46.79360222781162], [23.545922101063027, 46.79360222781162], [23.545922101063027, 46.791356449874144]]]}, "properties": {"score": 3, "res500": 562, "transit": 0, "shops": 0, "food": 0, "comp": 0, "offices": 0}}, {"type": "Feature", "geometry": {"type": "Polygon", "coordinates": [[[23.549202251138958, 46.791356449874144], [23.55248240121489, 46.791356449874144], [23.55248240121489, 46.79360222781162], [23.549202251138958, 46.79360222781162], [23.549202251138958, 46.791356449874144]]]}, "properties": {"score": 3, "res500": 551, "transit": 0, "shops": 0, "food": 0, "comp": 0, "offices": 0}}, {"type": "Feature", "geometry": {"type": "Polygon", "coordinates": [[[23.55248240121489, 46.791356449874144], [23.55576255129082, 46.791356449874144], [23.55576255129082, 46.79360222781162], [23.55248240121489, 46.79360222781162], [23.55248240121489, 46.791356449874144]]]}, "properties": {"score": 2, "res500": 308, "transit": 0, "shops": 0, "food": 0, "comp": 0, "offices": 0}}, {"type": "Feature", "geometry": {"type": "Polygon", "coordinates": [[[23.55576255129082, 46.791356449874144], [23.55904270136675, 46.791356449874144], [23.55904270136675, 46.79360222781162], [23.55576255129082, 46.79360222781162], [23.55576255129082, 46.791356449874144]]]}, "properties": {"score": 3, "res500": 524, "transit": 0, "shops": 0, "food": 0, "comp": 0, "offices": 0}}, {"type": "Feature", "geometry": {"type": "Polygon", "coordinates": [[[23.55904270136675, 46.791356449874144], [23.56232285144268, 46.791356449874144], [23.56232285144268, 46.79360222781162], [23.55904270136675, 46.79360222781162], [23.55904270136675, 46.791356449874144]]]}, "properties": {"score": 4, "res500": 791, "transit": 0, "shops": 1, "food": 0, "comp": 0, "offices": 0}}, {"type": "Feature", "geometry": {"type": "Polygon", "coordinates": [[[23.56232285144268, 46.791356449874144], [23.56560300151861, 46.791356449874144], [23.56560300151861, 46.79360222781162], [23.56232285144268, 46.79360222781162], [23.56232285144268, 46.791356449874144]]]}, "properties": {"score": 5, "res500": 1058, "transit": 0, "shops": 1, "food": 0, "comp": 0, "offices": 0}}, {"type": "Feature", "geometry": {"type": "Polygon", "coordinates": [[[23.56560300151861, 46.791356449874144], [23.56888315159454, 46.791356449874144], [23.56888315159454, 46.79360222781162], [23.56560300151861, 46.79360222781162], [23.56560300151861, 46.791356449874144]]]}, "properties": {"score": 6, "res500": 1463, "transit": 0, "shops": 0, "food": 0, "comp": 0, "offices": 0}}, {"type": "Feature", "geometry": {"type": "Polygon", "coordinates": [[[23.56888315159454, 46.791356449874144], [23.57216330167047, 46.791356449874144], [23.57216330167047, 46.79360222781162], [23.56888315159454, 46.79360222781162], [23.56888315159454, 46.791356449874144]]]}, "properties": {"score": 8, "res500": 1943, "transit": 0, "shops": 0, "food": 0, "comp": 0, "offices": 0}}, {"type": "Feature", "geometry": {"type": "Polygon", "coordinates": [[[23.57216330167047, 46.791356449874144], [23.575443451746402, 46.791356449874144], [23.575443451746402, 46.79360222781162], [23.57216330167047, 46.79360222781162], [23.57216330167047, 46.791356449874144]]]}, "properties": {"score": 11, "res500": 2700, "transit": 0, "shops": 0, "food": 0, "comp": 0, "offices": 0}}, {"type": "Feature", "geometry": {"type": "Polygon", "coordinates": [[[23.575443451746402, 46.791356449874144], [23.578723601822333, 46.791356449874144], [23.578723601822333, 46.79360222781162], [23.575443451746402, 46.79360222781162], [23.575443451746402, 46.791356449874144]]]}, "properties": {"score": 14, "res500": 3632, "transit": 0, "shops": 0, "food": 0, "comp": 0, "offices": 0}}, {"type": "Feature", "geometry": {"type": "Polygon", "coordinates": [[[23.578723601822333, 46.791356449874144], [23.582003751898263, 46.791356449874144], [23.582003751898263, 46.79360222781162], [23.578723601822333, 46.79360222781162], [23.578723601822333, 46.791356449874144]]]}, "properties": {"score": 16, "res500": 4369, "transit": 0, "shops": 0, "food": 0, "comp": 0, "offices": 0}}, {"type": "Feature", "geometry": {"type": "Polygon", "coordinates": [[[23.582003751898263, 46.791356449874144], [23.585283901974194, 46.791356449874144], [23.585283901974194, 46.79360222781162], [23.582003751898263, 46.79360222781162], [23.582003751898263, 46.791356449874144]]]}, "properties": {"score": 22, "res500": 4852, "transit": 2, "shops": 0, "food": 0, "comp": 0, "offices": 0}}, {"type": "Feature", "geometry": {"type": "Polygon", "coordinates": [[[23.585283901974194, 46.791356449874144], [23.588564052050124, 46.791356449874144], [23.588564052050124, 46.79360222781162], [23.585283901974194, 46.79360222781162], [23.585283901974194, 46.791356449874144]]]}, "properties": {"score": 25, "res500": 4725, "transit": 3, "shops": 0, "food": 0, "comp": 0, "offices": 0}}, {"type": "Feature", "geometry": {"type": "Polygon", "coordinates": [[[23.588564052050124, 46.791356449874144], [23.591844202126055, 46.791356449874144], [23.591844202126055, 46.79360222781162], [23.588564052050124, 46.79360222781162], [23.588564052050124, 46.791356449874144]]]}, "properties": {"score": 24, "res500": 5041, "transit": 2, "shops": 1, "food": 0, "comp": 0, "offices": 1}}, {"type": "Feature", "geometry": {"type": "Polygon", "coordinates": [[[23.591844202126055, 46.791356449874144], [23.595124352201985, 46.791356449874144], [23.595124352201985, 46.79360222781162], [23.591844202126055, 46.79360222781162], [23.591844202126055, 46.791356449874144]]]}, "properties": {"score": 32, "res500": 5216, "transit": 4, "shops": 1, "food": 0, "comp": 0, "offices": 3}}, {"type": "Feature", "geometry": {"type": "Polygon", "coordinates": [[[23.595124352201985, 46.791356449874144], [23.598404502277916, 46.791356449874144], [23.598404502277916, 46.79360222781162], [23.595124352201985, 46.79360222781162], [23.595124352201985, 46.791356449874144]]]}, "properties": {"score": 37, "res500": 4812, "transit": 9, "shops": 3, "food": 0, "comp": 0, "offices": 3}}, {"type": "Feature", "geometry": {"type": "Polygon", "coordinates": [[[23.598404502277916, 46.791356449874144], [23.601684652353846, 46.791356449874144], [23.601684652353846, 46.79360222781162], [23.598404502277916, 46.79360222781162], [23.598404502277916, 46.791356449874144]]]}, "properties": {"score": 41, "res500": 6176, "transit": 10, "shops": 3, "food": 1, "comp": 0, "offices": 1}}, {"type": "Feature", "geometry": {"type": "Polygon", "coordinates": [[[23.601684652353846, 46.791356449874144], [23.604964802429777, 46.791356449874144], [23.604964802429777, 46.79360222781162], [23.601684652353846, 46.79360222781162], [23.601684652353846, 46.791356449874144]]]}, "properties": {"score": 31, "res500": 7561, "transit": 0, "shops": 4, "food": 3, "comp": 0, "offices": 1}}, {"type": "Feature", "geometry": {"type": "Polygon", "coordinates": [[[23.604964802429777, 46.791356449874144], [23.608244952505707, 46.791356449874144], [23.608244952505707, 46.79360222781162], [23.604964802429777, 46.79360222781162], [23.604964802429777, 46.791356449874144]]]}, "properties": {"score": 29, "res500": 8313, "transit": 0, "shops": 2, "food": 3, "comp": 1, "offices": 0}}, {"type": "Feature", "geometry": {"type": "Polygon", "coordinates": [[[23.608244952505707, 46.791356449874144], [23.611525102581638, 46.791356449874144], [23.611525102581638, 46.79360222781162], [23.608244952505707, 46.79360222781162], [23.608244952505707, 46.791356449874144]]]}, "properties": {"score": 28, "res500": 7000, "transit": 0, "shops": 2, "food": 4, "comp": 0, "offices": 0}}, {"type": "Feature", "geometry": {"type": "Polygon", "coordinates": [[[23.611525102581638, 46.791356449874144], [23.61480525265757, 46.791356449874144], [23.61480525265757, 46.79360222781162], [23.611525102581638, 46.79360222781162], [23.611525102581638, 46.791356449874144]]]}, "properties": {"score": 23, "res500": 5401, "transit": 0, "shops": 2, "food": 3, "comp": 0, "offices": 0}}, {"type": "Feature", "geometry": {"type": "Polygon", "coordinates": [[[23.61480525265757, 46.791356449874144], [23.6180854027335, 46.791356449874144], [23.6180854027335, 46.79360222781162], [23.61480525265757, 46.79360222781162], [23.61480525265757, 46.791356449874144]]]}, "properties": {"score": 16, "res500": 4157, "transit": 0, "shops": 1, "food": 0, "comp": 0, "offices": 0}}, {"type": "Feature", "geometry": {"type": "Polygon", "coordinates": [[[23.6180854027335, 46.791356449874144], [23.62136555280943, 46.791356449874144], [23.62136555280943, 46.79360222781162], [23.6180854027335, 46.79360222781162], [23.6180854027335, 46.791356449874144]]]}, "properties": {"score": 11, "res500": 2932, "transit": 0, "shops": 0, "food": 0, "comp": 0, "offices": 0}}, {"type": "Feature", "geometry": {"type": "Polygon", "coordinates": [[[23.62136555280943, 46.791356449874144], [23.62464570288536, 46.791356449874144], [23.62464570288536, 46.79360222781162], [23.62136555280943, 46.79360222781162], [23.62136555280943, 46.791356449874144]]]}, "properties": {"score": 13, "res500": 2553, "transit": 0, "shops": 0, "food": 0, "comp": 0, "offices": 1}}, {"type": "Feature", "geometry": {"type": "Polygon", "coordinates": [[[23.62464570288536, 46.791356449874144], [23.62792585296129, 46.791356449874144], [23.62792585296129, 46.79360222781162], [23.62464570288536, 46.79360222781162], [23.62464570288536, 46.791356449874144]]]}, "properties": {"score": 13, "res500": 2164, "transit": 0, "shops": 1, "food": 0, "comp": 0, "offices": 1}}, {"type": "Feature", "geometry": {"type": "Polygon", "coordinates": [[[23.62792585296129, 46.791356449874144], [23.63120600303722, 46.791356449874144], [23.63120600303722, 46.79360222781162], [23.62792585296129, 46.79360222781162], [23.62792585296129, 46.791356449874144]]]}, "properties": {"score": 8, "res500": 1489, "transit": 0, "shops": 0, "food": 0, "comp": 0, "offices": 1}}, {"type": "Feature", "geometry": {"type": "Polygon", "coordinates": [[[23.63120600303722, 46.791356449874144], [23.63448615311315, 46.791356449874144], [23.63448615311315, 46.79360222781162], [23.63120600303722, 46.79360222781162], [23.63120600303722, 46.791356449874144]]]}, "properties": {"score": 6, "res500": 1193, "transit": 0, "shops": 0, "food": 0, "comp": 0, "offices": 1}}, {"type": "Feature", "geometry": {"type": "Polygon", "coordinates": [[[23.63448615311315, 46.791356449874144], [23.637766303189082, 46.791356449874144], [23.637766303189082, 46.79360222781162], [23.63448615311315, 46.79360222781162], [23.63448615311315, 46.791356449874144]]]}, "properties": {"score": 4, "res500": 905, "transit": 0, "shops": 0, "food": 0, "comp": 0, "offices": 0}}, {"type": "Feature", "geometry": {"type": "Polygon", "coordinates": [[[23.637766303189082, 46.791356449874144], [23.641046453265012, 46.791356449874144], [23.641046453265012, 46.79360222781162], [23.637766303189082, 46.79360222781162], [23.637766303189082, 46.791356449874144]]]}, "properties": {"score": 6, "res500": 1441, "transit": 0, "shops": 0, "food": 0, "comp": 0, "offices": 0}}, {"type": "Feature", "geometry": {"type": "Polygon", "coordinates": [[[23.641046453265012, 46.791356449874144], [23.644326603340943, 46.791356449874144], [23.644326603340943, 46.79360222781162], [23.641046453265012, 46.79360222781162], [23.641046453265012, 46.791356449874144]]]}, "properties": {"score": 6, "res500": 1359, "transit": 0, "shops": 0, "food": 0, "comp": 0, "offices": 0}}, {"type": "Feature", "geometry": {"type": "Polygon", "coordinates": [[[23.644326603340943, 46.791356449874144], [23.647606753416873, 46.791356449874144], [23.647606753416873, 46.79360222781162], [23.644326603340943, 46.79360222781162], [23.644326603340943, 46.791356449874144]]]}, "properties": {"score": 7, "res500": 1726, "transit": 0, "shops": 0, "food": 0, "comp": 0, "offices": 0}}, {"type": "Feature", "geometry": {"type": "Polygon", "coordinates": [[[23.647606753416873, 46.791356449874144], [23.650886903492804, 46.791356449874144], [23.650886903492804, 46.79360222781162], [23.647606753416873, 46.79360222781162], [23.647606753416873, 46.791356449874144]]]}, "properties": {"score": 10, "res500": 1785, "transit": 1, "shops": 0, "food": 0, "comp": 0, "offices": 0}}, {"type": "Feature", "geometry": {"type": "Polygon", "coordinates": [[[23.650886903492804, 46.791356449874144], [23.654167053568735, 46.791356449874144], [23.654167053568735, 46.79360222781162], [23.650886903492804, 46.79360222781162], [23.650886903492804, 46.791356449874144]]]}, "properties": {"score": 10, "res500": 1924, "transit": 1, "shops": 0, "food": 0, "comp": 0, "offices": 0}}, {"type": "Feature", "geometry": {"type": "Polygon", "coordinates": [[[23.654167053568735, 46.791356449874144], [23.657447203644665, 46.791356449874144], [23.657447203644665, 46.79360222781162], [23.654167053568735, 46.79360222781162], [23.654167053568735, 46.791356449874144]]]}, "properties": {"score": 15, "res500": 2033, "transit": 2, "shops": 0, "food": 0, "comp": 0, "offices": 7}}, {"type": "Feature", "geometry": {"type": "Polygon", "coordinates": [[[23.657447203644665, 46.791356449874144], [23.660727353720596, 46.791356449874144], [23.660727353720596, 46.79360222781162], [23.657447203644665, 46.79360222781162], [23.657447203644665, 46.791356449874144]]]}, "properties": {"score": 11, "res500": 1461, "transit": 1, "shops": 0, "food": 0, "comp": 0, "offices": 8}}, {"type": "Feature", "geometry": {"type": "Polygon", "coordinates": [[[23.660727353720596, 46.791356449874144], [23.664007503796526, 46.791356449874144], [23.664007503796526, 46.79360222781162], [23.660727353720596, 46.79360222781162], [23.660727353720596, 46.791356449874144]]]}, "properties": {"score": 5, "res500": 762, "transit": 0, "shops": 0, "food": 0, "comp": 0, "offices": 5}}, {"type": "Feature", "geometry": {"type": "Polygon", "coordinates": [[[23.664007503796526, 46.791356449874144], [23.667287653872457, 46.791356449874144], [23.667287653872457, 46.79360222781162], [23.664007503796526, 46.79360222781162], [23.664007503796526, 46.791356449874144]]]}, "properties": {"score": 4, "res500": 282, "transit": 1, "shops": 0, "food": 0, "comp": 0, "offices": 0}}, {"type": "Feature", "geometry": {"type": "Polygon", "coordinates": [[[23.50656057391074, 46.79360222781162], [23.50984086086611, 46.79360222781162], [23.50984086086611, 46.79584800574909], [23.50656057391074, 46.79584800574909], [23.50656057391074, 46.79360222781162]]]}, "properties": {"score": 1, "res500": 226, "transit": 0, "shops": 0, "food": 0, "comp": 0, "offices": 0}}, {"type": "Feature", "geometry": {"type": "Polygon", "coordinates": [[[23.50984086086611, 46.79360222781162], [23.51312114782148, 46.79360222781162], [23.51312114782148, 46.79584800574909], [23.50984086086611, 46.79584800574909], [23.50984086086611, 46.79360222781162]]]}, "properties": {"score": 2, "res500": 556, "transit": 0, "shops": 0, "food": 0, "comp": 0, "offices": 0}}, {"type": "Feature", "geometry": {"type": "Polygon", "coordinates": [[[23.51312114782148, 46.79360222781162], [23.51640143477685, 46.79360222781162], [23.51640143477685, 46.79584800574909], [23.51312114782148, 46.79584800574909], [23.51312114782148, 46.79360222781162]]]}, "properties": {"score": 11, "res500": 955, "transit": 3, "shops": 0, "food": 0, "comp": 0, "offices": 0}}, {"type": "Feature", "geometry": {"type": "Polygon", "coordinates": [[[23.51640143477685, 46.79360222781162], [23.51968172173222, 46.79360222781162], [23.51968172173222, 46.79584800574909], [23.51640143477685, 46.79584800574909], [23.51640143477685, 46.79360222781162]]]}, "properties": {"score": 15, "res500": 1958, "transit": 3, "shops": 0, "food": 1, "comp": 0, "offices": 0}}, {"type": "Feature", "geometry": {"type": "Polygon", "coordinates": [[[23.51968172173222, 46.79360222781162], [23.52296200868759, 46.79360222781162], [23.52296200868759, 46.79584800574909], [23.51968172173222, 46.79584800574909], [23.51968172173222, 46.79360222781162]]]}, "properties": {"score": 19, "res500": 2538, "transit": 3, "shops": 8, "food": 1, "comp": 0, "offices": 0}}, {"type": "Feature", "geometry": {"type": "Polygon", "coordinates": [[[23.52296200868759, 46.79360222781162], [23.52624229564296, 46.79360222781162], [23.52624229564296, 46.79584800574909], [23.52296200868759, 46.79584800574909], [23.52296200868759, 46.79360222781162]]]}, "properties": {"score": 15, "res500": 3098, "transit": 1, "shops": 7, "food": 1, "comp": 0, "offices": 0}}, {"type": "Feature", "geometry": {"type": "Polygon", "coordinates": [[[23.52624229564296, 46.79360222781162], [23.52952258259833, 46.79360222781162], [23.52952258259833, 46.79584800574909], [23.52624229564296, 46.79584800574909], [23.52624229564296, 46.79360222781162]]]}, "properties": {"score": 12, "res500": 3086, "transit": 0, "shops": 4, "food": 1, "comp": 0, "offices": 0}}, {"type": "Feature", "geometry": {"type": "Polygon", "coordinates": [[[23.52952258259833, 46.79360222781162], [23.5328028695537, 46.79360222781162], [23.5328028695537, 46.79584800574909], [23.52952258259833, 46.79584800574909], [23.52952258259833, 46.79360222781162]]]}, "properties": {"score": 8, "res500": 1999, "transit": 0, "shops": 0, "food": 1, "comp": 0, "offices": 0}}, {"type": "Feature", "geometry": {"type": "Polygon", "coordinates": [[[23.5328028695537, 46.79360222781162], [23.53608315650907, 46.79360222781162], [23.53608315650907, 46.79584800574909], [23.5328028695537, 46.79584800574909], [23.5328028695537, 46.79360222781162]]]}, "properties": {"score": 5, "res500": 1245, "transit": 0, "shops": 0, "food": 0, "comp": 0, "offices": 0}}, {"type": "Feature", "geometry": {"type": "Polygon", "coordinates": [[[23.53608315650907, 46.79360222781162], [23.53936344346444, 46.79360222781162], [23.53936344346444, 46.79584800574909], [23.53608315650907, 46.79584800574909], [23.53608315650907, 46.79360222781162]]]}, "properties": {"score": 2, "res500": 216, "transit": 0, "shops": 0, "food": 0, "comp": 0, "offices": 0}}, {"type": "Feature", "geometry": {"type": "Polygon", "coordinates": [[[23.53936344346444, 46.79360222781162], [23.542643730419808, 46.79360222781162], [23.542643730419808, 46.79584800574909], [23.53936344346444, 46.79584800574909], [23.53936344346444, 46.79360222781162]]]}, "properties": {"score": 1, "res500": 212, "transit": 0, "shops": 0, "food": 0, "comp": 0, "offices": 0}}, {"type": "Feature", "geometry": {"type": "Polygon", "coordinates": [[[23.555764878241288, 46.79360222781162], [23.559045165196657, 46.79360222781162], [23.559045165196657, 46.79584800574909], [23.555764878241288, 46.79584800574909], [23.555764878241288, 46.79360222781162]]]}, "properties": {"score": 1, "res500": 253, "transit": 0, "shops": 0, "food": 0, "comp": 0, "offices": 0}}, {"type": "Feature", "geometry": {"type": "Polygon", "coordinates": [[[23.559045165196657, 46.79360222781162], [23.562325452152027, 46.79360222781162], [23.562325452152027, 46.79584800574909], [23.559045165196657, 46.79584800574909], [23.559045165196657, 46.79360222781162]]]}, "properties": {"score": 2, "res500": 391, "transit": 0, "shops": 0, "food": 0, "comp": 0, "offices": 0}}, {"type": "Feature", "geometry": {"type": "Polygon", "coordinates": [[[23.562325452152027, 46.79360222781162], [23.565605739107397, 46.79360222781162], [23.565605739107397, 46.79584800574909], [23.562325452152027, 46.79584800574909], [23.562325452152027, 46.79360222781162]]]}, "properties": {"score": 3, "res500": 599, "transit": 0, "shops": 0, "food": 0, "comp": 0, "offices": 0}}, {"type": "Feature", "geometry": {"type": "Polygon", "coordinates": [[[23.565605739107397, 46.79360222781162], [23.568886026062767, 46.79360222781162], [23.568886026062767, 46.79584800574909], [23.565605739107397, 46.79584800574909], [23.565605739107397, 46.79360222781162]]]}, "properties": {"score": 4, "res500": 929, "transit": 0, "shops": 0, "food": 0, "comp": 0, "offices": 0}}, {"type": "Feature", "geometry": {"type": "Polygon", "coordinates": [[[23.568886026062767, 46.79360222781162], [23.572166313018137, 46.79360222781162], [23.572166313018137, 46.79584800574909], [23.568886026062767, 46.79584800574909], [23.568886026062767, 46.79360222781162]]]}, "properties": {"score": 5, "res500": 1301, "transit": 0, "shops": 0, "food": 0, "comp": 0, "offices": 0}}, {"type": "Feature", "geometry": {"type": "Polygon", "coordinates": [[[23.572166313018137, 46.79360222781162], [23.575446599973507, 46.79360222781162], [23.575446599973507, 46.79584800574909], [23.572166313018137, 46.79584800574909], [23.572166313018137, 46.79360222781162]]]}, "properties": {"score": 7, "res500": 1843, "transit": 0, "shops": 0, "food": 0, "comp": 0, "offices": 0}}, {"type": "Feature", "geometry": {"type": "Polygon", "coordinates": [[[23.575446599973507, 46.79360222781162], [23.578726886928877, 46.79360222781162], [23.578726886928877, 46.79584800574909], [23.575446599973507, 46.79584800574909], [23.575446599973507, 46.79360222781162]]]}, "properties": {"score": 9, "res500": 2341, "transit": 0, "shops": 0, "food": 0, "comp": 0, "offices": 0}}, {"type": "Feature", "geometry": {"type": "Polygon", "coordinates": [[[23.578726886928877, 46.79360222781162], [23.582007173884246, 46.79360222781162], [23.582007173884246, 46.79584800574909], [23.578726886928877, 46.79584800574909], [23.578726886928877, 46.79360222781162]]]}, "properties": {"score": 11, "res500": 2942, "transit": 0, "shops": 0, "food": 0, "comp": 0, "offices": 0}}, {"type": "Feature", "geometry": {"type": "Polygon", "coordinates": [[[23.582007173884246, 46.79360222781162], [23.585287460839616, 46.79360222781162], [23.585287460839616, 46.79584800574909], [23.582007173884246, 46.79584800574909], [23.582007173884246, 46.79360222781162]]]}, "properties": {"score": 12, "res500": 3261, "transit": 0, "shops": 0, "food": 0, "comp": 0, "offices": 0}}, {"type": "Feature", "geometry": {"type": "Polygon", "coordinates": [[[23.585287460839616, 46.79360222781162], [23.588567747794986, 46.79360222781162], [23.588567747794986, 46.79584800574909], [23.585287460839616, 46.79584800574909], [23.585287460839616, 46.79360222781162]]]}, "properties": {"score": 13, "res500": 3681, "transit": 0, "shops": 0, "food": 0, "comp": 0, "offices": 0}}, {"type": "Feature", "geometry": {"type": "Polygon", "coordinates": [[[23.588567747794986, 46.79360222781162], [23.591848034750356, 46.79360222781162], [23.591848034750356, 46.79584800574909], [23.588567747794986, 46.79584800574909], [23.588567747794986, 46.79360222781162]]]}, "properties": {"score": 13, "res500": 3555, "transit": 0, "shops": 0, "food": 0, "comp": 0, "offices": 0}}, {"type": "Feature", "geometry": {"type": "Polygon", "coordinates": [[[23.591848034750356, 46.79360222781162], [23.595128321705726, 46.79360222781162], [23.595128321705726, 46.79584800574909], [23.591848034750356, 46.79584800574909], [23.591848034750356, 46.79360222781162]]]}, "properties": {"score": 18, "res500": 3755, "transit": 1, "shops": 1, "food": 0, "comp": 0, "offices": 0}}, {"type": "Feature", "geometry": {"type": "Polygon", "coordinates": [[[23.595128321705726, 46.79360222781162], [23.598408608661096, 46.79360222781162], [23.598408608661096, 46.79584800574909], [23.595128321705726, 46.79584800574909], [23.595128321705726, 46.79360222781162]]]}, "properties": {"score": 23, "res500": 4159, "transit": 2, "shops": 0, "food": 0, "comp": 0, "offices": 1}}, {"type": "Feature", "geometry": {"type": "Polygon", "coordinates": [[[23.598408608661096, 46.79360222781162], [23.601688895616466, 46.79360222781162], [23.601688895616466, 46.79584800574909], [23.598408608661096, 46.79584800574909], [23.598408608661096, 46.79360222781162]]]}, "properties": {"score": 40, "res500": 6419, "transit": 6, "shops": 2, "food": 2, "comp": 1, "offices": 1}}, {"type": "Feature", "geometry": {"type": "Polygon", "coordinates": [[[23.601688895616466, 46.79360222781162], [23.604969182571836, 46.79360222781162], [23.604969182571836, 46.79584800574909], [23.601688895616466, 46.79584800574909], [23.601688895616466, 46.79360222781162]]]}, "properties": {"score": 41, "res500": 7150, "transit": 6, "shops": 6, "food": 2, "comp": 2, "offices": 1}}, {"type": "Feature", "geometry": {"type": "Polygon", "coordinates": [[[23.604969182571836, 46.79360222781162], [23.608249469527205, 46.79360222781162], [23.608249469527205, 46.79584800574909], [23.604969182571836, 46.79584800574909], [23.604969182571836, 46.79360222781162]]]}, "properties": {"score": 32, "res500": 8267, "transit": 0, "shops": 4, "food": 3, "comp": 0, "offices": 1}}, {"type": "Feature", "geometry": {"type": "Polygon", "coordinates": [[[23.608249469527205, 46.79360222781162], [23.611529756482575, 46.79360222781162], [23.611529756482575, 46.79584800574909], [23.608249469527205, 46.79584800574909], [23.608249469527205, 46.79360222781162]]]}, "properties": {"score": 27, "res500": 7474, "transit": 0, "shops": 3, "food": 1, "comp": 1, "offices": 0}}, {"type": "Feature", "geometry": {"type": "Polygon", "coordinates": [[[23.611529756482575, 46.79360222781162], [23.614810043437945, 46.79360222781162], [23.614810043437945, 46.79584800574909], [23.611529756482575, 46.79584800574909], [23.611529756482575, 46.79360222781162]]]}, "properties": {"score": 23, "res500": 4428, "transit": 2, "shops": 2, "food": 1, "comp": 1, "offices": 0}}, {"type": "Feature", "geometry": {"type": "Polygon", "coordinates": [[[23.614810043437945, 46.79360222781162], [23.618090330393315, 46.79360222781162], [23.618090330393315, 46.79584800574909], [23.614810043437945, 46.79584800574909], [23.614810043437945, 46.79360222781162]]]}, "properties": {"score": 20, "res500": 3473, "transit": 2, "shops": 2, "food": 1, "comp": 0, "offices": 0}}, {"type": "Feature", "geometry": {"type": "Polygon", "coordinates": [[[23.618090330393315, 46.79360222781162], [23.621370617348685, 46.79360222781162], [23.621370617348685, 46.79584800574909], [23.618090330393315, 46.79584800574909], [23.618090330393315, 46.79360222781162]]]}, "properties": {"score": 19, "res500": 1866, "transit": 4, "shops": 1, "food": 0, "comp": 0, "offices": 0}}, {"type": "Feature", "geometry": {"type": "Polygon", "coordinates": [[[23.621370617348685, 46.79360222781162], [23.624650904304055, 46.79360222781162], [23.624650904304055, 46.79584800574909], [23.621370617348685, 46.79584800574909], [23.621370617348685, 46.79360222781162]]]}, "properties": {"score": 29, "res500": 1905, "transit": 6, "shops": 2, "food": 1, "comp": 0, "offices": 1}}, {"type": "Feature", "geometry": {"type": "Polygon", "coordinates": [[[23.624650904304055, 46.79360222781162], [23.627931191259425, 46.79360222781162], [23.627931191259425, 46.79584800574909], [23.624650904304055, 46.79584800574909], [23.624650904304055, 46.79360222781162]]]}, "properties": {"score": 19, "res500": 1593, "transit": 3, "shops": 3, "food": 1, "comp": 1, "offices": 1}}, {"type": "Feature", "geometry": {"type": "Polygon", "coordinates": [[[23.627931191259425, 46.79360222781162], [23.631211478214794, 46.79360222781162], [23.631211478214794, 46.79584800574909], [23.627931191259425, 46.79584800574909], [23.627931191259425, 46.79360222781162]]]}, "properties": {"score": 26, "res500": 1271, "transit": 7, "shops": 1, "food": 1, "comp": 0, "offices": 1}}, {"type": "Feature", "geometry": {"type": "Polygon", "coordinates": [[[23.631211478214794, 46.79360222781162], [23.634491765170164, 46.79360222781162], [23.634491765170164, 46.79584800574909], [23.631211478214794, 46.79584800574909], [23.631211478214794, 46.79360222781162]]]}, "properties": {"score": 20, "res500": 1063, "transit": 8, "shops": 0, "food": 0, "comp": 0, "offices": 0}}, {"type": "Feature", "geometry": {"type": "Polygon", "coordinates": [[[23.634491765170164, 46.79360222781162], [23.637772052125534, 46.79360222781162], [23.637772052125534, 46.79584800574909], [23.634491765170164, 46.79584800574909], [23.634491765170164, 46.79360222781162]]]}, "properties": {"score": 20, "res500": 937, "transit": 6, "shops": 0, "food": 0, "comp": 0, "offices": 0}}, {"type": "Feature", "geometry": {"type": "Polygon", "coordinates": [[[23.637772052125534, 46.79360222781162], [23.641052339080904, 46.79360222781162], [23.641052339080904, 46.79584800574909], [23.637772052125534, 46.79584800574909], [23.637772052125534, 46.79360222781162]]]}, "properties": {"score": 20, "res500": 805, "transit": 6, "shops": 0, "food": 0, "comp": 0, "offices": 0}}, {"type": "Feature", "geometry": {"type": "Polygon", "coordinates": [[[23.641052339080904, 46.79360222781162], [23.644332626036274, 46.79360222781162], [23.644332626036274, 46.79584800574909], [23.641052339080904, 46.79584800574909], [23.641052339080904, 46.79360222781162]]]}, "properties": {"score": 14, "res500": 539, "transit": 4, "shops": 0, "food": 0, "comp": 0, "offices": 0}}, {"type": "Feature", "geometry": {"type": "Polygon", "coordinates": [[[23.644332626036274, 46.79360222781162], [23.647612912991644, 46.79360222781162], [23.647612912991644, 46.79584800574909], [23.644332626036274, 46.79584800574909], [23.644332626036274, 46.79360222781162]]]}, "properties": {"score": 14, "res500": 626, "transit": 4, "shops": 0, "food": 0, "comp": 0, "offices": 0}}, {"type": "Feature", "geometry": {"type": "Polygon", "coordinates": [[[23.647612912991644, 46.79360222781162], [23.650893199947014, 46.79360222781162], [23.650893199947014, 46.79584800574909], [23.647612912991644, 46.79584800574909], [23.647612912991644, 46.79360222781162]]]}, "properties": {"score": 10, "res500": 1064, "transit": 2, "shops": 0, "food": 0, "comp": 0, "offices": 0}}, {"type": "Feature", "geometry": {"type": "Polygon", "coordinates": [[[23.650893199947014, 46.79360222781162], [23.654173486902383, 46.79360222781162], [23.654173486902383, 46.79584800574909], [23.650893199947014, 46.79584800574909], [23.650893199947014, 46.79360222781162]]]}, "properties": {"score": 12, "res500": 1316, "transit": 2, "shops": 0, "food": 0, "comp": 0, "offices": 4}}, {"type": "Feature", "geometry": {"type": "Polygon", "coordinates": [[[23.654173486902383, 46.79360222781162], [23.657453773857753, 46.79360222781162], [23.657453773857753, 46.79584800574909], [23.654173486902383, 46.79584800574909], [23.654173486902383, 46.79360222781162]]]}, "properties": {"score": 21, "res500": 1403, "transit": 5, "shops": 0, "food": 0, "comp": 0, "offices": 8}}, {"type": "Feature", "geometry": {"type": "Polygon", "coordinates": [[[23.657453773857753, 46.79360222781162], [23.660734060813123, 46.79360222781162], [23.660734060813123, 46.79584800574909], [23.657453773857753, 46.79584800574909], [23.657453773857753, 46.79360222781162]]]}, "properties": {"score": 14, "res500": 906, "transit": 3, "shops": 0, "food": 0, "comp": 0, "offices": 8}}, {"type": "Feature", "geometry": {"type": "Polygon", "coordinates": [[[23.660734060813123, 46.79360222781162], [23.664014347768493, 46.79360222781162], [23.664014347768493, 46.79584800574909], [23.660734060813123, 46.79584800574909], [23.660734060813123, 46.79360222781162]]]}, "properties": {"score": 13, "res500": 553, "transit": 3, "shops": 1, "food": 0, "comp": 0, "offices": 8}}, {"type": "Feature", "geometry": {"type": "Polygon", "coordinates": [[[23.664014347768493, 46.79360222781162], [23.667294634723863, 46.79360222781162], [23.667294634723863, 46.79584800574909], [23.664014347768493, 46.79584800574909], [23.664014347768493, 46.79360222781162]]]}, "properties": {"score": 4, "res500": 266, "transit": 1, "shops": 0, "food": 0, "comp": 0, "offices": 0}}, {"type": "Feature", "geometry": {"type": "Polygon", "coordinates": [[[23.506560847702552, 46.79584800574909], [23.509841271553828, 46.79584800574909], [23.509841271553828, 46.79809378368657], [23.506560847702552, 46.79809378368657], [23.506560847702552, 46.79584800574909]]]}, "properties": {"score": 1, "res500": 310, "transit": 0, "shops": 0, "food": 0, "comp": 0, "offices": 0}}, {"type": "Feature", "geometry": {"type": "Polygon", "coordinates": [[[23.509841271553828, 46.79584800574909], [23.513121695405104, 46.79584800574909], [23.513121695405104, 46.79809378368657], [23.509841271553828, 46.79809378368657], [23.509841271553828, 46.79584800574909]]]}, "properties": {"score": 8, "res500": 609, "transit": 2, "shops": 1, "food": 0, "comp": 0, "offices": 0}}, {"type": "Feature", "geometry": {"type": "Polygon", "coordinates": [[[23.513121695405104, 46.79584800574909], [23.51640211925638, 46.79584800574909], [23.51640211925638, 46.79809378368657], [23.513121695405104, 46.79809378368657], [23.513121695405104, 46.79584800574909]]]}, "properties": {"score": 12, "res500": 1126, "transit": 3, "shops": 1, "food": 0, "comp": 0, "offices": 0}}, {"type": "Feature", "geometry": {"type": "Polygon", "coordinates": [[[23.51640211925638, 46.79584800574909], [23.519682543107656, 46.79584800574909], [23.519682543107656, 46.79809378368657], [23.51640211925638, 46.79809378368657], [23.51640211925638, 46.79584800574909]]]}, "properties": {"score": 21, "res500": 1894, "transit": 5, "shops": 3, "food": 1, "comp": 0, "offices": 0}}, {"type": "Feature", "geometry": {"type": "Polygon", "coordinates": [[[23.519682543107656, 46.79584800574909], [23.522962966958932, 46.79584800574909], [23.522962966958932, 46.79809378368657], [23.519682543107656, 46.79809378368657], [23.519682543107656, 46.79584800574909]]]}, "properties": {"score": 13, "res500": 2213, "transit": 2, "shops": 4, "food": 1, "comp": 1, "offices": 0}}, {"type": "Feature", "geometry": {"type": "Polygon", "coordinates": [[[23.522962966958932, 46.79584800574909], [23.526243390810208, 46.79584800574909], [23.526243390810208, 46.79809378368657], [23.522962966958932, 46.79809378368657], [23.522962966958932, 46.79584800574909]]]}, "properties": {"score": 11, "res500": 2361, "transit": 0, "shops": 8, "food": 1, "comp": 0, "offices": 0}}, {"type": "Feature", "geometry": {"type": "Polygon", "coordinates": [[[23.526243390810208, 46.79584800574909], [23.529523814661484, 46.79584800574909], [23.529523814661484, 46.79809378368657], [23.526243390810208, 46.79809378368657], [23.526243390810208, 46.79584800574909]]]}, "properties": {"score": 7, "res500": 1910, "transit": 0, "shops": 0, "food": 0, "comp": 0, "offices": 0}}, {"type": "Feature", "geometry": {"type": "Polygon", "coordinates": [[[23.529523814661484, 46.79584800574909], [23.53280423851276, 46.79584800574909], [23.53280423851276, 46.79809378368657], [23.529523814661484, 46.79809378368657], [23.529523814661484, 46.79584800574909]]]}, "properties": {"score": 4, "res500": 852, "transit": 0, "shops": 0, "food": 0, "comp": 0, "offices": 0}}, {"type": "Feature", "geometry": {"type": "Polygon", "coordinates": [[[23.539365086215312, 46.79584800574909], [23.54264551006659, 46.79584800574909], [23.54264551006659, 46.79809378368657], [23.539365086215312, 46.79809378368657], [23.539365086215312, 46.79584800574909]]]}, "properties": {"score": 1, "res500": 279, "transit": 0, "shops": 0, "food": 0, "comp": 0, "offices": 0}}, {"type": "Feature", "geometry": {"type": "Polygon", "coordinates": [[[23.54264551006659, 46.79584800574909], [23.545925933917864, 46.79584800574909], [23.545925933917864, 46.79809378368657], [23.54264551006659, 46.79809378368657], [23.54264551006659, 46.79584800574909]]]}, "properties": {"score": 1, "res500": 310, "transit": 0, "shops": 0, "food": 0, "comp": 0, "offices": 0}}, {"type": "Feature", "geometry": {"type": "Polygon", "coordinates": [[[23.545925933917864, 46.79584800574909], [23.54920635776914, 46.79584800574909], [23.54920635776914, 46.79809378368657], [23.545925933917864, 46.79809378368657], [23.545925933917864, 46.79584800574909]]]}, "properties": {"score": 1, "res500": 259, "transit": 0, "shops": 0, "food": 0, "comp": 0, "offices": 0}}, {"type": "Feature", "geometry": {"type": "Polygon", "coordinates": [[[23.54920635776914, 46.79584800574909], [23.552486781620416, 46.79584800574909], [23.552486781620416, 46.79809378368657], [23.54920635776914, 46.79809378368657], [23.54920635776914, 46.79584800574909]]]}, "properties": {"score": 1, "res500": 230, "transit": 0, "shops": 0, "food": 0, "comp": 0, "offices": 0}}, {"type": "Feature", "geometry": {"type": "Polygon", "coordinates": [[[23.562328053174245, 46.79584800574909], [23.56560847702552, 46.79584800574909], [23.56560847702552, 46.79809378368657], [23.562328053174245, 46.79809378368657], [23.562328053174245, 46.79584800574909]]]}, "properties": {"score": 1, "res500": 268, "transit": 0, "shops": 0, "food": 0, "comp": 0, "offices": 0}}, {"type": "Feature", "geometry": {"type": "Polygon", "coordinates": [[[23.56560847702552, 46.79584800574909], [23.568888900876797, 46.79584800574909], [23.568888900876797, 46.79809378368657], [23.56560847702552, 46.79809378368657], [23.56560847702552, 46.79584800574909]]]}, "properties": {"score": 2, "res500": 534, "transit": 0, "shops": 0, "food": 0, "comp": 0, "offices": 0}}, {"type": "Feature", "geometry": {"type": "Polygon", "coordinates": [[[23.568888900876797, 46.79584800574909], [23.572169324728073, 46.79584800574909], [23.572169324728073, 46.79809378368657], [23.568888900876797, 46.79809378368657], [23.568888900876797, 46.79584800574909]]]}, "properties": {"score": 3, "res500": 856, "transit": 0, "shops": 0, "food": 0, "comp": 0, "offices": 0}}, {"type": "Feature", "geometry": {"type": "Polygon", "coordinates": [[[23.572169324728073, 46.79584800574909], [23.57544974857935, 46.79584800574909], [23.57544974857935, 46.79809378368657], [23.572169324728073, 46.79809378368657], [23.572169324728073, 46.79584800574909]]]}, "properties": {"score": 5, "res500": 1154, "transit": 0, "shops": 0, "food": 0, "comp": 0, "offices": 0}}, {"type": "Feature", "geometry": {"type": "Polygon", "coordinates": [[[23.57544974857935, 46.79584800574909], [23.578730172430625, 46.79584800574909], [23.578730172430625, 46.79809378368657], [23.57544974857935, 46.79809378368657], [23.57544974857935, 46.79584800574909]]]}, "properties": {"score": 5, "res500": 1100, "transit": 0, "shops": 0, "food": 0, "comp": 0, "offices": 0}}, {"type": "Feature", "geometry": {"type": "Polygon", "coordinates": [[[23.578730172430625, 46.79584800574909], [23.5820105962819, 46.79584800574909], [23.5820105962819, 46.79809378368657], [23.578730172430625, 46.79809378368657], [23.578730172430625, 46.79584800574909]]]}, "properties": {"score": 6, "res500": 1302, "transit": 0, "shops": 0, "food": 0, "comp": 0, "offices": 0}}, {"type": "Feature", "geometry": {"type": "Polygon", "coordinates": [[[23.5820105962819, 46.79584800574909], [23.585291020133177, 46.79584800574909], [23.585291020133177, 46.79809378368657], [23.5820105962819, 46.79809378368657], [23.5820105962819, 46.79584800574909]]]}, "properties": {"score": 7, "res500": 1575, "transit": 0, "shops": 0, "food": 0, "comp": 0, "offices": 0}}, {"type": "Feature", "geometry": {"type": "Polygon", "coordinates": [[[23.585291020133177, 46.79584800574909], [23.588571443984453, 46.79584800574909], [23.588571443984453, 46.79809378368657], [23.585291020133177, 46.79809378368657], [23.585291020133177, 46.79584800574909]]]}, "properties": {"score": 7, "res500": 1747, "transit": 0, "shops": 0, "food": 0, "comp": 0, "offices": 0}}, {"type": "Feature", "geometry": {"type": "Polygon", "coordinates": [[[23.588571443984453, 46.79584800574909], [23.59185186783573, 46.79584800574909], [23.59185186783573, 46.79809378368657], [23.588571443984453, 46.79809378368657], [23.588571443984453, 46.79584800574909]]]}, "properties": {"score": 9, "res500": 2240, "transit": 0, "shops": 0, "food": 0, "comp": 0, "offices": 0}}, {"type": "Feature", "geometry": {"type": "Polygon", "coordinates": [[[23.59185186783573, 46.79584800574909], [23.595132291687005, 46.79584800574909], [23.595132291687005, 46.79809378368657], [23.59185186783573, 46.79809378368657], [23.59185186783573, 46.79584800574909]]]}, "properties": {"score": 9, "res500": 1997, "transit": 0, "shops": 0, "food": 0, "comp": 0, "offices": 0}}, {"type": "Feature", "geometry": {"type": "Polygon", "coordinates": [[[23.595132291687005, 46.79584800574909], [23.59841271553828, 46.79584800574909], [23.59841271553828, 46.79809378368657], [23.595132291687005, 46.79809378368657], [23.595132291687005, 46.79584800574909]]]}, "properties": {"score": 11, "res500": 2431, "transit": 0, "shops": 0, "food": 0, "comp": 0, "offices": 1}}, {"type": "Feature", "geometry": {"type": "Polygon", "coordinates": [[[23.59841271553828, 46.79584800574909], [23.601693139389557, 46.79584800574909], [23.601693139389557, 46.79809378368657], [23.59841271553828, 46.79809378368657], [23.59841271553828, 46.79584800574909]]]}, "properties": {"score": 36, "res500": 5008, "transit": 6, "shops": 2, "food": 2, "comp": 0, "offices": 1}}, {"type": "Feature", "geometry": {"type": "Polygon", "coordinates": [[[23.601693139389557, 46.79584800574909], [23.604973563240833, 46.79584800574909], [23.604973563240833, 46.79809378368657], [23.601693139389557, 46.79809378368657], [23.601693139389557, 46.79584800574909]]]}, "properties": {"score": 40, "res500": 5952, "transit": 10, "shops": 7, "food": 3, "comp": 1, "offices": 1}}, {"type": "Feature", "geometry": {"type": "Polygon", "coordinates": [[[23.604973563240833, 46.79584800574909], [23.60825398709211, 46.79584800574909], [23.60825398709211, 46.79809378368657], [23.604973563240833, 46.79809378368657], [23.604973563240833, 46.79584800574909]]]}, "properties": {"score": 44, "res500": 6975, "transit": 7, "shops": 6, "food": 5, "comp": 1, "offices": 0}}, {"type": "Feature", "geometry": {"type": "Polygon", "coordinates": [[[23.60825398709211, 46.79584800574909], [23.611534410943385, 46.79584800574909], [23.611534410943385, 46.79809378368657], [23.60825398709211, 46.79809378368657], [23.60825398709211, 46.79584800574909]]]}, "properties": {"score": 41, "res500": 5562, "transit": 8, "shops": 6, "food": 4, "comp": 0, "offices": 0}}, {"type": "Feature", "geometry": {"type": "Polygon", "coordinates": [[[23.611534410943385, 46.79584800574909], [23.61481483479466, 46.79584800574909], [23.61481483479466, 46.79809378368657], [23.611534410943385, 46.79809378368657], [23.611534410943385, 46.79584800574909]]]}, "properties": {"score": 35, "res500": 3630, "transit": 9, "shops": 8, "food": 3, "comp": 0, "offices": 0}}, {"type": "Feature", "geometry": {"type": "Polygon", "coordinates": [[[23.61481483479466, 46.79584800574909], [23.618095258645937, 46.79584800574909], [23.618095258645937, 46.79809378368657], [23.61481483479466, 46.79809378368657], [23.61481483479466, 46.79584800574909]]]}, "properties": {"score": 29, "res500": 2692, "transit": 10, "shops": 2, "food": 0, "comp": 0, "offices": 0}}, {"type": "Feature", "geometry": {"type": "Polygon", "coordinates": [[[23.618095258645937, 46.79584800574909], [23.621375682497213, 46.79584800574909], [23.621375682497213, 46.79809378368657], [23.618095258645937, 46.79809378368657], [23.618095258645937, 46.79584800574909]]]}, "properties": {"score": 26, "res500": 1575, "transit": 6, "shops": 3, "food": 0, "comp": 0, "offices": 0}}, {"type": "Feature", "geometry": {"type": "Polygon", "coordinates": [[[23.621375682497213, 46.79584800574909], [23.62465610634849, 46.79584800574909], [23.62465610634849, 46.79809378368657], [23.621375682497213, 46.79809378368657], [23.621375682497213, 46.79584800574909]]]}, "properties": {"score": 27, "res500": 1242, "transit": 6, "shops": 2, "food": 1, "comp": 0, "offices": 0}}, {"type": "Feature", "geometry": {"type": "Polygon", "coordinates": [[[23.62465610634849, 46.79584800574909], [23.627936530199765, 46.79584800574909], [23.627936530199765, 46.79809378368657], [23.62465610634849, 46.79809378368657], [23.62465610634849, 46.79584800574909]]]}, "properties": {"score": 19, "res500": 950, "transit": 4, "shops": 2, "food": 1, "comp": 1, "offices": 0}}, {"type": "Feature", "geometry": {"type": "Polygon", "coordinates": [[[23.627936530199765, 46.79584800574909], [23.63121695405104, 46.79584800574909], [23.63121695405104, 46.79809378368657], [23.627936530199765, 46.79809378368657], [23.627936530199765, 46.79584800574909]]]}, "properties": {"score": 24, "res500": 722, "transit": 7, "shops": 1, "food": 1, "comp": 0, "offices": 0}}, {"type": "Feature", "geometry": {"type": "Polygon", "coordinates": [[[23.63121695405104, 46.79584800574909], [23.634497377902317, 46.79584800574909], [23.634497377902317, 46.79809378368657], [23.63121695405104, 46.79809378368657], [23.63121695405104, 46.79584800574909]]]}, "properties": {"score": 19, "res500": 765, "transit": 8, "shops": 0, "food": 0, "comp": 0, "offices": 0}}, {"type": "Feature", "geometry": {"type": "Polygon", "coordinates": [[[23.634497377902317, 46.79584800574909], [23.637777801753593, 46.79584800574909], [23.637777801753593, 46.79809378368657], [23.634497377902317, 46.79809378368657], [23.634497377902317, 46.79584800574909]]]}, "properties": {"score": 19, "res500": 778, "transit": 6, "shops": 0, "food": 0, "comp": 0, "offices": 0}}, {"type": "Feature", "geometry": {"type": "Polygon", "coordinates": [[[23.637777801753593, 46.79584800574909], [23.64105822560487, 46.79584800574909], [23.64105822560487, 46.79809378368657], [23.637777801753593, 46.79809378368657], [23.637777801753593, 46.79584800574909]]]}, "properties": {"score": 19, "res500": 813, "transit": 7, "shops": 0, "food": 0, "comp": 0, "offices": 0}}, {"type": "Feature", "geometry": {"type": "Polygon", "coordinates": [[[23.64105822560487, 46.79584800574909], [23.644338649456145, 46.79584800574909], [23.644338649456145, 46.79809378368657], [23.64105822560487, 46.79809378368657], [23.64105822560487, 46.79584800574909]]]}, "properties": {"score": 19, "res500": 747, "transit": 6, "shops": 0, "food": 0, "comp": 0, "offices": 0}}, {"type": "Feature", "geometry": {"type": "Polygon", "coordinates": [[[23.644338649456145, 46.79584800574909], [23.64761907330742, 46.79584800574909], [23.64761907330742, 46.79809378368657], [23.644338649456145, 46.79809378368657], [23.644338649456145, 46.79584800574909]]]}, "properties": {"score": 19, "res500": 712, "transit": 6, "shops": 0, "food": 0, "comp": 0, "offices": 0}}, {"type": "Feature", "geometry": {"type": "Polygon", "coordinates": [[[23.64761907330742, 46.79584800574909], [23.650899497158697, 46.79584800574909], [23.650899497158697, 46.79809378368657], [23.64761907330742, 46.79809378368657], [23.64761907330742, 46.79584800574909]]]}, "properties": {"score": 9, "res500": 781, "transit": 2, "shops": 0, "food": 0, "comp": 0, "offices": 0}}, {"type": "Feature", "geometry": {"type": "Polygon", "coordinates": [[[23.650899497158697, 46.79584800574909], [23.654179921009973, 46.79584800574909], [23.654179921009973, 46.79809378368657], [23.650899497158697, 46.79809378368657], [23.650899497158697, 46.79584800574909]]]}, "properties": {"score": 15, "res500": 644, "transit": 4, "shops": 0, "food": 0, "comp": 0, "offices": 5}}, {"type": "Feature", "geometry": {"type": "Polygon", "coordinates": [[[23.654179921009973, 46.79584800574909], [23.65746034486125, 46.79584800574909], [23.65746034486125, 46.79809378368657], [23.654179921009973, 46.79809378368657], [23.654179921009973, 46.79584800574909]]]}, "properties": {"score": 19, "res500": 888, "transit": 5, "shops": 0, "food": 0, "comp": 0, "offices": 8}}, {"type": "Feature", "geometry": {"type": "Polygon", "coordinates": [[[23.65746034486125, 46.79584800574909], [23.660740768712525, 46.79584800574909], [23.660740768712525, 46.79809378368657], [23.65746034486125, 46.79809378368657], [23.65746034486125, 46.79584800574909]]]}, "properties": {"score": 16, "res500": 609, "transit": 4, "shops": 1, "food": 0, "comp": 0, "offices": 8}}, {"type": "Feature", "geometry": {"type": "Polygon", "coordinates": [[[23.660740768712525, 46.79584800574909], [23.6640211925638, 46.79584800574909], [23.6640211925638, 46.79809378368657], [23.660740768712525, 46.79809378368657], [23.660740768712525, 46.79584800574909]]]}, "properties": {"score": 13, "res500": 484, "transit": 3, "shops": 1, "food": 0, "comp": 0, "offices": 8}}, {"type": "Feature", "geometry": {"type": "Polygon", "coordinates": [[[23.50656112152729, 46.79809378368657], [23.509841682290936, 46.79809378368657], [23.509841682290936, 46.80033956162404], [23.50656112152729, 46.80033956162404], [23.50656112152729, 46.79809378368657]]]}, "properties": {"score": 1, "res500": 245, "transit": 0, "shops": 0, "food": 0, "comp": 0, "offices": 0}}, {"type": "Feature", "geometry": {"type": "Polygon", "coordinates": [[[23.509841682290936, 46.79809378368657], [23.513122243054582, 46.79809378368657], [23.513122243054582, 46.80033956162404], [23.509841682290936, 46.80033956162404], [23.509841682290936, 46.79809378368657]]]}, "properties": {"score": 2, "res500": 525, "transit": 0, "shops": 0, "food": 0, "comp": 0, "offices": 0}}, {"type": "Feature", "geometry": {"type": "Polygon", "coordinates": [[[23.513122243054582, 46.79809378368657], [23.516402803818227, 46.79809378368657], [23.516402803818227, 46.80033956162404], [23.513122243054582, 46.80033956162404], [23.513122243054582, 46.79809378368657]]]}, "properties": {"score": 9, "res500": 923, "transit": 2, "shops": 1, "food": 0, "comp": 0, "offices": 0}}, {"type": "Feature", "geometry": {"type": "Polygon", "coordinates": [[[23.516402803818227, 46.79809378368657], [23.519683364581873, 46.79809378368657], [23.519683364581873, 46.80033956162404], [23.516402803818227, 46.80033956162404], [23.516402803818227, 46.79809378368657]]]}, "properties": {"score": 5, "res500": 1357, "transit": 0, "shops": 0, "food": 1, "comp": 0, "offices": 0}}, {"type": "Feature", "geometry": {"type": "Polygon", "coordinates": [[[23.519683364581873, 46.79809378368657], [23.52296392534552, 46.79809378368657], [23.52296392534552, 46.80033956162404], [23.519683364581873, 46.80033956162404], [23.519683364581873, 46.79809378368657]]]}, "properties": {"score": 6, "res500": 1407, "transit": 0, "shops": 2, "food": 1, "comp": 0, "offices": 0}}, {"type": "Feature", "geometry": {"type": "Polygon", "coordinates": [[[23.52296392534552, 46.79809378368657], [23.526244486109164, 46.79809378368657], [23.526244486109164, 46.80033956162404], [23.52296392534552, 46.80033956162404], [23.52296392534552, 46.79809378368657]]]}, "properties": {"score": 5, "res500": 1127, "transit": 0, "shops": 0, "food": 1, "comp": 0, "offices": 0}}, {"type": "Feature", "geometry": {"type": "Polygon", "coordinates": [[[23.526244486109164, 46.79809378368657], [23.52952504687281, 46.79809378368657], [23.52952504687281, 46.80033956162404], [23.526244486109164, 46.80033956162404], [23.526244486109164, 46.79809378368657]]]}, "properties": {"score": 2, "res500": 451, "transit": 0, "shops": 0, "food": 0, "comp": 0, "offices": 0}}, {"type": "Feature", "geometry": {"type": "Polygon", "coordinates": [[[23.539366729163746, 46.79809378368657], [23.54264728992739, 46.79809378368657], [23.54264728992739, 46.80033956162404], [23.539366729163746, 46.80033956162404], [23.539366729163746, 46.79809378368657]]]}, "properties": {"score": 1, "res500": 263, "transit": 0, "shops": 0, "food": 0, "comp": 0, "offices": 0}}, {"type": "Feature", "geometry": {"type": "Polygon", "coordinates": [[[23.545927850691037, 46.79809378368657], [23.549208411454682, 46.79809378368657], [23.549208411454682, 46.80033956162404], [23.545927850691037, 46.80033956162404], [23.545927850691037, 46.79809378368657]]]}, "properties": {"score": 1, "res500": 339, "transit": 0, "shops": 0, "food": 0, "comp": 0, "offices": 0}}, {"type": "Feature", "geometry": {"type": "Polygon", "coordinates": [[[23.549208411454682, 46.79809378368657], [23.552488972218327, 46.79809378368657], [23.552488972218327, 46.80033956162404], [23.549208411454682, 46.80033956162404], [23.549208411454682, 46.79809378368657]]]}, "properties": {"score": 1, "res500": 402, "transit": 0, "shops": 0, "food": 0, "comp": 0, "offices": 0}}, {"type": "Feature", "geometry": {"type": "Polygon", "coordinates": [[[23.56561121527291, 46.79809378368657], [23.568891776036555, 46.79809378368657], [23.568891776036555, 46.80033956162404], [23.56561121527291, 46.80033956162404], [23.56561121527291, 46.79809378368657]]]}, "properties": {"score": 1, "res500": 315, "transit": 0, "shops": 0, "food": 0, "comp": 0, "offices": 0}}, {"type": "Feature", "geometry": {"type": "Polygon", "coordinates": [[[23.568891776036555, 46.79809378368657], [23.5721723368002, 46.79809378368657], [23.5721723368002, 46.80033956162404], [23.568891776036555, 46.80033956162404], [23.568891776036555, 46.79809378368657]]]}, "properties": {"score": 2, "res500": 425, "transit": 0, "shops": 0, "food": 0, "comp": 0, "offices": 0}}, {"type": "Feature", "geometry": {"type": "Polygon", "coordinates": [[[23.5721723368002, 46.79809378368657], [23.575452897563846, 46.79809378368657], [23.575452897563846, 46.80033956162404], [23.5721723368002, 46.80033956162404], [23.5721723368002, 46.79809378368657]]]}, "properties": {"score": 2, "res500": 501, "transit": 0, "shops": 0, "food": 0, "comp": 0, "offices": 0}}, {"type": "Feature", "geometry": {"type": "Polygon", "coordinates": [[[23.575452897563846, 46.79809378368657], [23.57873345832749, 46.79809378368657], [23.57873345832749, 46.80033956162404], [23.575452897563846, 46.80033956162404], [23.575452897563846, 46.79809378368657]]]}, "properties": {"score": 2, "res500": 248, "transit": 0, "shops": 0, "food": 0, "comp": 0, "offices": 0}}, {"type": "Feature", "geometry": {"type": "Polygon", "coordinates": [[[23.57873345832749, 46.79809378368657], [23.582014019091137, 46.79809378368657], [23.582014019091137, 46.80033956162404], [23.57873345832749, 46.80033956162404], [23.57873345832749, 46.79809378368657]]]}, "properties": {"score": 2, "res500": 301, "transit": 0, "shops": 0, "food": 0, "comp": 0, "offices": 0}}, {"type": "Feature", "geometry": {"type": "Polygon", "coordinates": [[[23.582014019091137, 46.79809378368657], [23.585294579854782, 46.79809378368657], [23.585294579854782, 46.80033956162404], [23.582014019091137, 46.80033956162404], [23.582014019091137, 46.79809378368657]]]}, "properties": {"score": 2, "res500": 296, "transit": 0, "shops": 0, "food": 0, "comp": 0, "offices": 0}}, {"type": "Feature", "geometry": {"type": "Polygon", "coordinates": [[[23.585294579854782, 46.79809378368657], [23.588575140618428, 46.79809378368657], [23.588575140618428, 46.80033956162404], [23.585294579854782, 46.80033956162404], [23.585294579854782, 46.79809378368657]]]}, "properties": {"score": 3, "res500": 430, "transit": 0, "shops": 0, "food": 0, "comp": 0, "offices": 0}}, {"type": "Feature", "geometry": {"type": "Polygon", "coordinates": [[[23.588575140618428, 46.79809378368657], [23.591855701382073, 46.79809378368657], [23.591855701382073, 46.80033956162404], [23.588575140618428, 46.80033956162404], [23.588575140618428, 46.79809378368657]]]}, "properties": {"score": 4, "res500": 716, "transit": 0, "shops": 0, "food": 0, "comp": 0, "offices": 0}}, {"type": "Feature", "geometry": {"type": "Polygon", "coordinates": [[[23.591855701382073, 46.79809378368657], [23.59513626214572, 46.79809378368657], [23.59513626214572, 46.80033956162404], [23.591855701382073, 46.80033956162404], [23.591855701382073, 46.79809378368657]]]}, "properties": {"score": 5, "res500": 1139, "transit": 0, "shops": 0, "food": 0, "comp": 0, "offices": 0}}, {"type": "Feature", "geometry": {"type": "Polygon", "coordinates": [[[23.59513626214572, 46.79809378368657], [23.598416822909364, 46.79809378368657], [23.598416822909364, 46.80033956162404], [23.59513626214572, 46.80033956162404], [23.59513626214572, 46.79809378368657]]]}, "properties": {"score": 7, "res500": 1399, "transit": 0, "shops": 0, "food": 0, "comp": 0, "offices": 0}}, {"type": "Feature", "geometry": {"type": "Polygon", "coordinates": [[[23.598416822909364, 46.79809378368657], [23.60169738367301, 46.79809378368657], [23.60169738367301, 46.80033956162404], [23.598416822909364, 46.80033956162404], [23.598416822909364, 46.79809378368657]]]}, "properties": {"score": 8, "res500": 1849, "transit": 0, "shops": 0, "food": 0, "comp": 0, "offices": 0}}, {"type": "Feature", "geometry": {"type": "Polygon", "coordinates": [[[23.60169738367301, 46.79809378368657], [23.604977944436655, 46.79809378368657], [23.604977944436655, 46.80033956162404], [23.60169738367301, 46.80033956162404], [23.60169738367301, 46.79809378368657]]]}, "properties": {"score": 30, "res500": 3317, "transit": 6, "shops": 2, "food": 1, "comp": 0, "offices": 0}}, {"type": "Feature", "geometry": {"type": "Polygon", "coordinates": [[[23.604977944436655, 46.79809378368657], [23.6082585052003, 46.79809378368657], [23.6082585052003, 46.80033956162404], [23.604977944436655, 46.80033956162404], [23.604977944436655, 46.79809378368657]]]}, "properties": {"score": 32, "res500": 3528, "transit": 7, "shops": 2, "food": 3, "comp": 1, "offices": 0}}, {"type": "Feature", "geometry": {"type": "Polygon", "coordinates": [[[23.6082585052003, 46.79809378368657], [23.611539065963946, 46.79809378368657], [23.611539065963946, 46.80033956162404], [23.6082585052003, 46.80033956162404], [23.6082585052003, 46.79809378368657]]]}, "properties": {"score": 33, "res500": 3143, "transit": 6, "shops": 13, "food": 3, "comp": 2, "offices": 0}}, {"type": "Feature", "geometry": {"type": "Polygon", "coordinates": [[[23.611539065963946, 46.79809378368657], [23.61481962672759, 46.79809378368657], [23.61481962672759, 46.80033956162404], [23.611539065963946, 46.80033956162404], [23.611539065963946, 46.79809378368657]]]}, "properties": {"score": 30, "res500": 2409, "transit": 8, "shops": 11, "food": 2, "comp": 1, "offices": 0}}, {"type": "Feature", "geometry": {"type": "Polygon", "coordinates": [[[23.61481962672759, 46.79809378368657], [23.618100187491237, 46.79809378368657], [23.618100187491237, 46.80033956162404], [23.61481962672759, 46.80033956162404], [23.61481962672759, 46.79809378368657]]]}, "properties": {"score": 20, "res500": 1600, "transit": 5, "shops": 2, "food": 0, "comp": 0, "offices": 0}}, {"type": "Feature", "geometry": {"type": "Polygon", "coordinates": [[[23.618100187491237, 46.79809378368657], [23.621380748254882, 46.79809378368657], [23.621380748254882, 46.80033956162404], [23.618100187491237, 46.80033956162404], [23.618100187491237, 46.79809378368657]]]}, "properties": {"score": 5, "res500": 1308, "transit": 0, "shops": 0, "food": 0, "comp": 0, "offices": 0}}, {"type": "Feature", "geometry": {"type": "Polygon", "coordinates": [[[23.621380748254882, 46.79809378368657], [23.624661309018528, 46.79809378368657], [23.624661309018528, 46.80033956162404], [23.621380748254882, 46.80033956162404], [23.621380748254882, 46.79809378368657]]]}, "properties": {"score": 9, "res500": 1114, "transit": 0, "shops": 1, "food": 0, "comp": 0, "offices": 0}}, {"type": "Feature", "geometry": {"type": "Polygon", "coordinates": [[[23.624661309018528, 46.79809378368657], [23.627941869782173, 46.79809378368657], [23.627941869782173, 46.80033956162404], [23.624661309018528, 46.80033956162404], [23.624661309018528, 46.79809378368657]]]}, "properties": {"score": 8, "res500": 727, "transit": 0, "shops": 0, "food": 1, "comp": 0, "offices": 0}}, {"type": "Feature", "geometry": {"type": "Polygon", "coordinates": [[[23.627941869782173, 46.79809378368657], [23.63122243054582, 46.79809378368657], [23.63122243054582, 46.80033956162404], [23.627941869782173, 46.80033956162404], [23.627941869782173, 46.79809378368657]]]}, "properties": {"score": 6, "res500": 314, "transit": 0, "shops": 0, "food": 0, "comp": 0, "offices": 0}}, {"type": "Feature", "geometry": {"type": "Polygon", "coordinates": [[[23.63122243054582, 46.79809378368657], [23.634502991309464, 46.79809378368657], [23.634502991309464, 46.80033956162404], [23.63122243054582, 46.80033956162404], [23.63122243054582, 46.79809378368657]]]}, "properties": {"score": 2, "res500": 382, "transit": 0, "shops": 0, "food": 0, "comp": 0, "offices": 0}}, {"type": "Feature", "geometry": {"type": "Polygon", "coordinates": [[[23.634502991309464, 46.79809378368657], [23.63778355207311, 46.79809378368657], [23.63778355207311, 46.80033956162404], [23.634502991309464, 46.80033956162404], [23.634502991309464, 46.79809378368657]]]}, "properties": {"score": 2, "res500": 426, "transit": 0, "shops": 0, "food": 0, "comp": 0, "offices": 0}}, {"type": "Feature", "geometry": {"type": "Polygon", "coordinates": [[[23.63778355207311, 46.79809378368657], [23.641064112836755, 46.79809378368657], [23.641064112836755, 46.80033956162404], [23.63778355207311, 46.80033956162404], [23.63778355207311, 46.79809378368657]]]}, "properties": {"score": 3, "res500": 687, "transit": 0, "shops": 0, "food": 0, "comp": 0, "offices": 0}}, {"type": "Feature", "geometry": {"type": "Polygon", "coordinates": [[[23.641064112836755, 46.79809378368657], [23.6443446736004, 46.79809378368657], [23.6443446736004, 46.80033956162404], [23.641064112836755, 46.80033956162404], [23.641064112836755, 46.79809378368657]]]}, "properties": {"score": 3, "res500": 954, "transit": 0, "shops": 0, "food": 0, "comp": 0, "offices": 0}}, {"type": "Feature", "geometry": {"type": "Polygon", "coordinates": [[[23.6443446736004, 46.79809378368657], [23.647625234364046, 46.79809378368657], [23.647625234364046, 46.80033956162404], [23.6443446736004, 46.80033956162404], [23.6443446736004, 46.79809378368657]]]}, "properties": {"score": 6, "res500": 1019, "transit": 1, "shops": 0, "food": 0, "comp": 0, "offices": 0}}, {"type": "Feature", "geometry": {"type": "Polygon", "coordinates": [[[23.647625234364046, 46.79809378368657], [23.65090579512769, 46.79809378368657], [23.65090579512769, 46.80033956162404], [23.647625234364046, 46.80033956162404], [23.647625234364046, 46.79809378368657]]]}, "properties": {"score": 3, "res500": 833, "transit": 0, "shops": 0, "food": 0, "comp": 0, "offices": 0}}, {"type": "Feature", "geometry": {"type": "Polygon", "coordinates": [[[23.65090579512769, 46.79809378368657], [23.654186355891337, 46.79809378368657], [23.654186355891337, 46.80033956162404], [23.65090579512769, 46.80033956162404], [23.65090579512769, 46.79809378368657]]]}, "properties": {"score": 2, "res500": 424, "transit": 0, "shops": 0, "food": 0, "comp": 0, "offices": 1}}, {"type": "Feature", "geometry": {"type": "Polygon", "coordinates": [[[23.654186355891337, 46.79809378368657], [23.657466916654982, 46.79809378368657], [23.657466916654982, 46.80033956162404], [23.654186355891337, 46.80033956162404], [23.654186355891337, 46.79809378368657]]]}, "properties": {"score": 14, "res500": 331, "transit": 4, "shops": 0, "food": 0, "comp": 0, "offices": 5}}, {"type": "Feature", "geometry": {"type": "Polygon", "coordinates": [[[23.657466916654982, 46.79809378368657], [23.660747477418628, 46.79809378368657], [23.660747477418628, 46.80033956162404], [23.657466916654982, 46.80033956162404], [23.657466916654982, 46.79809378368657]]]}, "properties": {"score": 8, "res500": 242, "transit": 2, "shops": 0, "food": 0, "comp": 0, "offices": 6}}, {"type": "Feature", "geometry": {"type": "Polygon", "coordinates": [[[23.660747477418628, 46.79809378368657], [23.664028038182273, 46.79809378368657], [23.664028038182273, 46.80033956162404], [23.660747477418628, 46.80033956162404], [23.660747477418628, 46.79809378368657]]]}, "properties": {"score": 8, "res500": 125, "transit": 2, "shops": 1, "food": 0, "comp": 0, "offices": 4}}, {"type": "Feature", "geometry": {"type": "Polygon", "coordinates": [[[23.509842093077456, 46.80033956162404], [23.51312279076994, 46.80033956162404], [23.51312279076994, 46.80258533956152], [23.509842093077456, 46.80258533956152], [23.509842093077456, 46.80033956162404]]]}, "properties": {"score": 1, "res500": 207, "transit": 0, "shops": 0, "food": 0, "comp": 0, "offices": 0}}, {"type": "Feature", "geometry": {"type": "Polygon", "coordinates": [[[23.51312279076994, 46.80033956162404], [23.516403488462426, 46.80033956162404], [23.516403488462426, 46.80258533956152], [23.51312279076994, 46.80258533956152], [23.51312279076994, 46.80033956162404]]]}, "properties": {"score": 2, "res500": 379, "transit": 0, "shops": 0, "food": 0, "comp": 0, "offices": 0}}, {"type": "Feature", "geometry": {"type": "Polygon", "coordinates": [[[23.516403488462426, 46.80033956162404], [23.51968418615491, 46.80033956162404], [23.51968418615491, 46.80258533956152], [23.516403488462426, 46.80258533956152], [23.516403488462426, 46.80033956162404]]]}, "properties": {"score": 2, "res500": 419, "transit": 0, "shops": 0, "food": 0, "comp": 0, "offices": 0}}, {"type": "Feature", "geometry": {"type": "Polygon", "coordinates": [[[23.51968418615491, 46.80033956162404], [23.522964883847397, 46.80033956162404], [23.522964883847397, 46.80258533956152], [23.51968418615491, 46.80258533956152], [23.51968418615491, 46.80033956162404]]]}, "properties": {"score": 2, "res500": 407, "transit": 0, "shops": 0, "food": 0, "comp": 0, "offices": 0}}, {"type": "Feature", "geometry": {"type": "Polygon", "coordinates": [[[23.522964883847397, 46.80033956162404], [23.526245581539882, 46.80033956162404], [23.526245581539882, 46.80258533956152], [23.522964883847397, 46.80258533956152], [23.522964883847397, 46.80033956162404]]]}, "properties": {"score": 1, "res500": 231, "transit": 0, "shops": 0, "food": 0, "comp": 0, "offices": 0}}, {"type": "Feature", "geometry": {"type": "Polygon", "coordinates": [[[23.54264907000231, 46.80033956162404], [23.545929767694794, 46.80033956162404], [23.545929767694794, 46.80258533956152], [23.54264907000231, 46.80258533956152], [23.54264907000231, 46.80033956162404]]]}, "properties": {"score": 1, "res500": 331, "transit": 0, "shops": 0, "food": 0, "comp": 0, "offices": 0}}, {"type": "Feature", "geometry": {"type": "Polygon", "coordinates": [[[23.545929767694794, 46.80033956162404], [23.54921046538728, 46.80033956162404], [23.54921046538728, 46.80258533956152], [23.545929767694794, 46.80258533956152], [23.545929767694794, 46.80033956162404]]]}, "properties": {"score": 2, "res500": 494, "transit": 0, "shops": 0, "food": 0, "comp": 0, "offices": 0}}, {"type": "Feature", "geometry": {"type": "Polygon", "coordinates": [[[23.54921046538728, 46.80033956162404], [23.552491163079765, 46.80033956162404], [23.552491163079765, 46.80258533956152], [23.54921046538728, 46.80258533956152], [23.54921046538728, 46.80033956162404]]]}, "properties": {"score": 2, "res500": 740, "transit": 0, "shops": 0, "food": 0, "comp": 0, "offices": 0}}, {"type": "Feature", "geometry": {"type": "Polygon", "coordinates": [[[23.552491163079765, 46.80033956162404], [23.55577186077225, 46.80033956162404], [23.55577186077225, 46.80258533956152], [23.552491163079765, 46.80258533956152], [23.552491163079765, 46.80033956162404]]]}, "properties": {"score": 2, "res500": 519, "transit": 0, "shops": 0, "food": 0, "comp": 0, "offices": 0}}, {"type": "Feature", "geometry": {"type": "Polygon", "coordinates": [[[23.55577186077225, 46.80033956162404], [23.559052558464735, 46.80033956162404], [23.559052558464735, 46.80258533956152], [23.55577186077225, 46.80258533956152], [23.55577186077225, 46.80033956162404]]]}, "properties": {"score": 1, "res500": 291, "transit": 0, "shops": 0, "food": 0, "comp": 0, "offices": 0}}, {"type": "Feature", "geometry": {"type": "Polygon", "coordinates": [[[23.585298140004618, 46.80033956162404], [23.588578837697103, 46.80033956162404], [23.588578837697103, 46.80258533956152], [23.585298140004618, 46.80258533956152], [23.585298140004618, 46.80033956162404]]]}, "properties": {"score": 1, "res500": 214, "transit": 0, "shops": 0, "food": 0, "comp": 0, "offices": 0}}, {"type": "Feature", "geometry": {"type": "Polygon", "coordinates": [[[23.588578837697103, 46.80033956162404], [23.591859535389588, 46.80033956162404], [23.591859535389588, 46.80258533956152], [23.588578837697103, 46.80258533956152], [23.588578837697103, 46.80033956162404]]]}, "properties": {"score": 2, "res500": 270, "transit": 0, "shops": 0, "food": 0, "comp": 0, "offices": 0}}, {"type": "Feature", "geometry": {"type": "Polygon", "coordinates": [[[23.591859535389588, 46.80033956162404], [23.595140233082073, 46.80033956162404], [23.595140233082073, 46.80258533956152], [23.591859535389588, 46.80258533956152], [23.591859535389588, 46.80033956162404]]]}, "properties": {"score": 3, "res500": 651, "transit": 0, "shops": 0, "food": 0, "comp": 0, "offices": 0}}, {"type": "Feature", "geometry": {"type": "Polygon", "coordinates": [[[23.595140233082073, 46.80033956162404], [23.59842093077456, 46.80033956162404], [23.59842093077456, 46.80258533956152], [23.595140233082073, 46.80258533956152], [23.595140233082073, 46.80033956162404]]]}, "properties": {"score": 4, "res500": 875, "transit": 0, "shops": 0, "food": 0, "comp": 0, "offices": 0}}, {"type": "Feature", "geometry": {"type": "Polygon", "coordinates": [[[23.59842093077456, 46.80033956162404], [23.601701628467044, 46.80033956162404], [23.601701628467044, 46.80258533956152], [23.59842093077456, 46.80258533956152], [23.59842093077456, 46.80033956162404]]]}, "properties": {"score": 6, "res500": 1215, "transit": 0, "shops": 0, "food": 0, "comp": 0, "offices": 0}}, {"type": "Feature", "geometry": {"type": "Polygon", "coordinates": [[[23.601701628467044, 46.80033956162404], [23.60498232615953, 46.80033956162404], [23.60498232615953, 46.80258533956152], [23.601701628467044, 46.80258533956152], [23.601701628467044, 46.80033956162404]]]}, "properties": {"score": 9, "res500": 2043, "transit": 0, "shops": 0, "food": 1, "comp": 0, "offices": 0}}, {"type": "Feature", "geometry": {"type": "Polygon", "coordinates": [[[23.60498232615953, 46.80033956162404], [23.608263023852015, 46.80033956162404], [23.608263023852015, 46.80258533956152], [23.60498232615953, 46.80258533956152], [23.60498232615953, 46.80033956162404]]]}, "properties": {"score": 17, "res500": 1998, "transit": 3, "shops": 0, "food": 2, "comp": 0, "offices": 0}}, {"type": "Feature", "geometry": {"type": "Polygon", "coordinates": [[[23.608263023852015, 46.80033956162404], [23.6115437215445, 46.80033956162404], [23.6115437215445, 46.80258533956152], [23.608263023852015, 46.80258533956152], [23.608263023852015, 46.80033956162404]]]}, "properties": {"score": 19, "res500": 1388, "transit": 3, "shops": 10, "food": 2, "comp": 0, "offices": 0}}, {"type": "Feature", "geometry": {"type": "Polygon", "coordinates": [[[23.6115437215445, 46.80033956162404], [23.614824419236985, 46.80033956162404], [23.614824419236985, 46.80258533956152], [23.6115437215445, 46.80258533956152], [23.6115437215445, 46.80033956162404]]]}, "properties": {"score": 9, "res500": 1043, "transit": 0, "shops": 10, "food": 2, "comp": 0, "offices": 0}}, {"type": "Feature", "geometry": {"type": "Polygon", "coordinates": [[[23.614824419236985, 46.80033956162404], [23.61810511692947, 46.80033956162404], [23.61810511692947, 46.80258533956152], [23.614824419236985, 46.80258533956152], [23.614824419236985, 46.80033956162404]]]}, "properties": {"score": 4, "res500": 815, "transit": 0, "shops": 0, "food": 0, "comp": 0, "offices": 0}}, {"type": "Feature", "geometry": {"type": "Polygon", "coordinates": [[[23.61810511692947, 46.80033956162404], [23.621385814621956, 46.80033956162404], [23.621385814621956, 46.80258533956152], [23.61810511692947, 46.80258533956152], [23.61810511692947, 46.80033956162404]]]}, "properties": {"score": 3, "res500": 643, "transit": 0, "shops": 1, "food": 0, "comp": 0, "offices": 0}}, {"type": "Feature", "geometry": {"type": "Polygon", "coordinates": [[[23.621385814621956, 46.80033956162404], [23.62466651231444, 46.80033956162404], [23.62466651231444, 46.80258533956152], [23.621385814621956, 46.80258533956152], [23.621385814621956, 46.80033956162404]]]}, "properties": {"score": 3, "res500": 542, "transit": 0, "shops": 1, "food": 0, "comp": 0, "offices": 0}}, {"type": "Feature", "geometry": {"type": "Polygon", "coordinates": [[[23.62466651231444, 46.80033956162404], [23.627947210006926, 46.80033956162404], [23.627947210006926, 46.80258533956152], [23.62466651231444, 46.80258533956152], [23.62466651231444, 46.80033956162404]]]}, "properties": {"score": 2, "res500": 360, "transit": 0, "shops": 0, "food": 0, "comp": 0, "offices": 0}}, {"type": "Feature", "geometry": {"type": "Polygon", "coordinates": [[[23.637789303084382, 46.80033956162404], [23.641070000776867, 46.80033956162404], [23.641070000776867, 46.80258533956152], [23.637789303084382, 46.80258533956152], [23.637789303084382, 46.80033956162404]]]}, "properties": {"score": 3, "res500": 761, "transit": 0, "shops": 0, "food": 0, "comp": 0, "offices": 0}}, {"type": "Feature", "geometry": {"type": "Polygon", "coordinates": [[[23.641070000776867, 46.80033956162404], [23.644350698469353, 46.80033956162404], [23.644350698469353, 46.80258533956152], [23.641070000776867, 46.80258533956152], [23.641070000776867, 46.80033956162404]]]}, "properties": {"score": 4, "res500": 1066, "transit": 0, "shops": 0, "food": 0, "comp": 0, "offices": 0}}, {"type": "Feature", "geometry": {"type": "Polygon", "coordinates": [[[23.644350698469353, 46.80033956162404], [23.647631396161838, 46.80033956162404], [23.647631396161838, 46.80258533956152], [23.644350698469353, 46.80258533956152], [23.644350698469353, 46.80033956162404]]]}, "properties": {"score": 3, "res500": 988, "transit": 0, "shops": 0, "food": 0, "comp": 0, "offices": 0}}, {"type": "Feature", "geometry": {"type": "Polygon", "coordinates": [[[23.647631396161838, 46.80033956162404], [23.650912093854323, 46.80033956162404], [23.650912093854323, 46.80258533956152], [23.647631396161838, 46.80258533956152], [23.647631396161838, 46.80033956162404]]]}, "properties": {"score": 3, "res500": 946, "transit": 0, "shops": 0, "food": 0, "comp": 0, "offices": 0}}, {"type": "Feature", "geometry": {"type": "Polygon", "coordinates": [[[23.650912093854323, 46.80033956162404], [23.65419279154681, 46.80033956162404], [23.65419279154681, 46.80258533956152], [23.650912093854323, 46.80258533956152], [23.650912093854323, 46.80033956162404]]]}, "properties": {"score": 1, "res500": 289, "transit": 0, "shops": 0, "food": 0, "comp": 0, "offices": 0}}, {"type": "Feature", "geometry": {"type": "Polygon", "coordinates": [[[23.542650850291388, 46.80258533956152], [23.545931684929187, 46.80258533956152], [23.545931684929187, 46.80483111749899], [23.542650850291388, 46.80483111749899], [23.542650850291388, 46.80258533956152]]]}, "properties": {"score": 1, "res500": 297, "transit": 0, "shops": 0, "food": 0, "comp": 0, "offices": 0}}, {"type": "Feature", "geometry": {"type": "Polygon", "coordinates": [[[23.545931684929187, 46.80258533956152], [23.549212519566986, 46.80258533956152], [23.549212519566986, 46.80483111749899], [23.545931684929187, 46.80483111749899], [23.545931684929187, 46.80258533956152]]]}, "properties": {"score": 2, "res500": 604, "transit": 0, "shops": 0, "food": 0, "comp": 0, "offices": 0}}, {"type": "Feature", "geometry": {"type": "Polygon", "coordinates": [[[23.549212519566986, 46.80258533956152], [23.552493354204785, 46.80258533956152], [23.552493354204785, 46.80483111749899], [23.549212519566986, 46.80483111749899], [23.549212519566986, 46.80258533956152]]]}, "properties": {"score": 2, "res500": 563, "transit": 0, "shops": 0, "food": 0, "comp": 0, "offices": 0}}, {"type": "Feature", "geometry": {"type": "Polygon", "coordinates": [[[23.552493354204785, 46.80258533956152], [23.555774188842584, 46.80258533956152], [23.555774188842584, 46.80483111749899], [23.552493354204785, 46.80483111749899], [23.552493354204785, 46.80258533956152]]]}, "properties": {"score": 2, "res500": 527, "transit": 0, "shops": 0, "food": 0, "comp": 0, "offices": 0}}, {"type": "Feature", "geometry": {"type": "Polygon", "coordinates": [[[23.555774188842584, 46.80258533956152], [23.559055023480383, 46.80258533956152], [23.559055023480383, 46.80483111749899], [23.555774188842584, 46.80483111749899], [23.555774188842584, 46.80258533956152]]]}, "properties": {"score": 1, "res500": 427, "transit": 0, "shops": 0, "food": 0, "comp": 0, "offices": 0}}, {"type": "Feature", "geometry": {"type": "Polygon", "coordinates": [[[23.591863369858373, 46.80258533956152], [23.595144204496172, 46.80258533956152], [23.595144204496172, 46.80483111749899], [23.591863369858373, 46.80483111749899], [23.591863369858373, 46.80258533956152]]]}, "properties": {"score": 1, "res500": 226, "transit": 0, "shops": 0, "food": 0, "comp": 0, "offices": 0}}, {"type": "Feature", "geometry": {"type": "Polygon", "coordinates": [[[23.595144204496172, 46.80258533956152], [23.59842503913397, 46.80258533956152], [23.59842503913397, 46.80483111749899], [23.595144204496172, 46.80483111749899], [23.595144204496172, 46.80258533956152]]]}, "properties": {"score": 2, "res500": 426, "transit": 0, "shops": 0, "food": 0, "comp": 0, "offices": 0}}, {"type": "Feature", "geometry": {"type": "Polygon", "coordinates": [[[23.59842503913397, 46.80258533956152], [23.60170587377177, 46.80258533956152], [23.60170587377177, 46.80483111749899], [23.59842503913397, 46.80483111749899], [23.59842503913397, 46.80258533956152]]]}, "properties": {"score": 3, "res500": 740, "transit": 0, "shops": 0, "food": 0, "comp": 0, "offices": 0}}, {"type": "Feature", "geometry": {"type": "Polygon", "coordinates": [[[23.60170587377177, 46.80258533956152], [23.60498670840957, 46.80258533956152], [23.60498670840957, 46.80483111749899], [23.60170587377177, 46.80483111749899], [23.60170587377177, 46.80258533956152]]]}, "properties": {"score": 5, "res500": 1255, "transit": 0, "shops": 0, "food": 0, "comp": 0, "offices": 0}}, {"type": "Feature", "geometry": {"type": "Polygon", "coordinates": [[[23.60498670840957, 46.80258533956152], [23.60826754304737, 46.80258533956152], [23.60826754304737, 46.80483111749899], [23.60498670840957, 46.80483111749899], [23.60498670840957, 46.80258533956152]]]}, "properties": {"score": 11, "res500": 1486, "transit": 2, "shops": 0, "food": 0, "comp": 0, "offices": 0}}, {"type": "Feature", "geometry": {"type": "Polygon", "coordinates": [[[23.60826754304737, 46.80258533956152], [23.611548377685168, 46.80258533956152], [23.611548377685168, 46.80483111749899], [23.60826754304737, 46.80483111749899], [23.60826754304737, 46.80258533956152]]]}, "properties": {"score": 11, "res500": 1490, "transit": 2, "shops": 0, "food": 0, "comp": 0, "offices": 0}}, {"type": "Feature", "geometry": {"type": "Polygon", "coordinates": [[[23.611548377685168, 46.80258533956152], [23.614829212322967, 46.80258533956152], [23.614829212322967, 46.80483111749899], [23.611548377685168, 46.80483111749899], [23.611548377685168, 46.80258533956152]]]}, "properties": {"score": 4, "res500": 1058, "transit": 0, "shops": 0, "food": 0, "comp": 0, "offices": 0}}, {"type": "Feature", "geometry": {"type": "Polygon", "coordinates": [[[23.614829212322967, 46.80258533956152], [23.618110046960766, 46.80258533956152], [23.618110046960766, 46.80483111749899], [23.614829212322967, 46.80483111749899], [23.614829212322967, 46.80258533956152]]]}, "properties": {"score": 3, "res500": 780, "transit": 0, "shops": 0, "food": 0, "comp": 0, "offices": 0}}, {"type": "Feature", "geometry": {"type": "Polygon", "coordinates": [[[23.618110046960766, 46.80258533956152], [23.621390881598565, 46.80258533956152], [23.621390881598565, 46.80483111749899], [23.618110046960766, 46.80483111749899], [23.618110046960766, 46.80258533956152]]]}, "properties": {"score": 3, "res500": 597, "transit": 0, "shops": 1, "food": 0, "comp": 0, "offices": 0}}, {"type": "Feature", "geometry": {"type": "Polygon", "coordinates": [[[23.621390881598565, 46.80258533956152], [23.624671716236364, 46.80258533956152], [23.624671716236364, 46.80483111749899], [23.621390881598565, 46.80483111749899], [23.621390881598565, 46.80258533956152]]]}, "properties": {"score": 2, "res500": 477, "transit": 0, "shops": 1, "food": 0, "comp": 0, "offices": 0}}, {"type": "Feature", "geometry": {"type": "Polygon", "coordinates": [[[23.624671716236364, 46.80258533956152], [23.627952550874163, 46.80258533956152], [23.627952550874163, 46.80483111749899], [23.624671716236364, 46.80483111749899], [23.624671716236364, 46.80258533956152]]]}, "properties": {"score": 1, "res500": 329, "transit": 0, "shops": 0, "food": 0, "comp": 0, "offices": 0}}, {"type": "Feature", "geometry": {"type": "Polygon", "coordinates": [[[23.63451422014976, 46.80258533956152], [23.63779505478756, 46.80258533956152], [23.63779505478756, 46.80483111749899], [23.63451422014976, 46.80483111749899], [23.63451422014976, 46.80258533956152]]]}, "properties": {"score": 1, "res500": 221, "transit": 0, "shops": 0, "food": 0, "comp": 0, "offices": 0}}, {"type": "Feature", "geometry": {"type": "Polygon", "coordinates": [[[23.63779505478756, 46.80258533956152], [23.64107588942536, 46.80258533956152], [23.64107588942536, 46.80483111749899], [23.63779505478756, 46.80483111749899], [23.63779505478756, 46.80258533956152]]]}, "properties": {"score": 3, "res500": 918, "transit": 0, "shops": 0, "food": 0, "comp": 0, "offices": 0}}, {"type": "Feature", "geometry": {"type": "Polygon", "coordinates": [[[23.64107588942536, 46.80258533956152], [23.644356724063158, 46.80258533956152], [23.644356724063158, 46.80483111749899], [23.64107588942536, 46.80483111749899], [23.64107588942536, 46.80258533956152]]]}, "properties": {"score": 4, "res500": 1190, "transit": 0, "shops": 0, "food": 0, "comp": 0, "offices": 0}}, {"type": "Feature", "geometry": {"type": "Polygon", "coordinates": [[[23.644356724063158, 46.80258533956152], [23.647637558700957, 46.80258533956152], [23.647637558700957, 46.80483111749899], [23.644356724063158, 46.80483111749899], [23.644356724063158, 46.80258533956152]]]}, "properties": {"score": 4, "res500": 1074, "transit": 0, "shops": 0, "food": 0, "comp": 0, "offices": 0}}, {"type": "Feature", "geometry": {"type": "Polygon", "coordinates": [[[23.647637558700957, 46.80258533956152], [23.650918393338756, 46.80258533956152], [23.650918393338756, 46.80483111749899], [23.647637558700957, 46.80483111749899], [23.647637558700957, 46.80258533956152]]]}, "properties": {"score": 2, "res500": 611, "transit": 0, "shops": 0, "food": 0, "comp": 0, "offices": 0}}, {"type": "Feature", "geometry": {"type": "Polygon", "coordinates": [[[23.54265263079458, 46.80483111749899], [23.545933602394165, 46.80483111749899], [23.545933602394165, 46.80707689543647], [23.54265263079458, 46.80707689543647], [23.54265263079458, 46.80483111749899]]]}, "properties": {"score": 1, "res500": 259, "transit": 0, "shops": 0, "food": 0, "comp": 0, "offices": 0}}, {"type": "Feature", "geometry": {"type": "Polygon", "coordinates": [[[23.545933602394165, 46.80483111749899], [23.549214573993748, 46.80483111749899], [23.549214573993748, 46.80707689543647], [23.545933602394165, 46.80707689543647], [23.545933602394165, 46.80483111749899]]]}, "properties": {"score": 1, "res500": 388, "transit": 0, "shops": 0, "food": 0, "comp": 0, "offices": 0}}, {"type": "Feature", "geometry": {"type": "Polygon", "coordinates": [[[23.549214573993748, 46.80483111749899], [23.55249554559333, 46.80483111749899], [23.55249554559333, 46.80707689543647], [23.549214573993748, 46.80707689543647], [23.549214573993748, 46.80483111749899]]]}, "properties": {"score": 2, "res500": 520, "transit": 0, "shops": 0, "food": 0, "comp": 0, "offices": 0}}, {"type": "Feature", "geometry": {"type": "Polygon", "coordinates": [[[23.55249554559333, 46.80483111749899], [23.555776517192914, 46.80483111749899], [23.555776517192914, 46.80707689543647], [23.55249554559333, 46.80707689543647], [23.55249554559333, 46.80483111749899]]]}, "properties": {"score": 1, "res500": 380, "transit": 0, "shops": 0, "food": 0, "comp": 0, "offices": 0}}, {"type": "Feature", "geometry": {"type": "Polygon", "coordinates": [[[23.555776517192914, 46.80483111749899], [23.559057488792497, 46.80483111749899], [23.559057488792497, 46.80707689543647], [23.555776517192914, 46.80707689543647], [23.555776517192914, 46.80483111749899]]]}, "properties": {"score": 1, "res500": 352, "transit": 0, "shops": 0, "food": 0, "comp": 0, "offices": 0}}, {"type": "Feature", "geometry": {"type": "Polygon", "coordinates": [[[23.598429147987495, 46.80483111749899], [23.60171011958708, 46.80483111749899], [23.60171011958708, 46.80707689543647], [23.598429147987495, 46.80707689543647], [23.598429147987495, 46.80483111749899]]]}, "properties": {"score": 2, "res500": 364, "transit": 0, "shops": 0, "food": 0, "comp": 0, "offices": 0}}, {"type": "Feature", "geometry": {"type": "Polygon", "coordinates": [[[23.60171011958708, 46.80483111749899], [23.604991091186662, 46.80483111749899], [23.604991091186662, 46.80707689543647], [23.60171011958708, 46.80707689543647], [23.60171011958708, 46.80483111749899]]]}, "properties": {"score": 9, "res500": 842, "transit": 2, "shops": 0, "food": 0, "comp": 0, "offices": 0}}, {"type": "Feature", "geometry": {"type": "Polygon", "coordinates": [[[23.604991091186662, 46.80483111749899], [23.608272062786245, 46.80483111749899], [23.608272062786245, 46.80707689543647], [23.604991091186662, 46.80707689543647], [23.604991091186662, 46.80483111749899]]]}, "properties": {"score": 10, "res500": 1177, "transit": 2, "shops": 0, "food": 0, "comp": 0, "offices": 0}}, {"type": "Feature", "geometry": {"type": "Polygon", "coordinates": [[[23.608272062786245, 46.80483111749899], [23.611553034385828, 46.80483111749899], [23.611553034385828, 46.80707689543647], [23.608272062786245, 46.80707689543647], [23.608272062786245, 46.80483111749899]]]}, "properties": {"score": 4, "res500": 1215, "transit": 0, "shops": 0, "food": 0, "comp": 0, "offices": 0}}, {"type": "Feature", "geometry": {"type": "Polygon", "coordinates": [[[23.611553034385828, 46.80483111749899], [23.61483400598541, 46.80483111749899], [23.61483400598541, 46.80707689543647], [23.611553034385828, 46.80707689543647], [23.611553034385828, 46.80483111749899]]]}, "properties": {"score": 3, "res500": 895, "transit": 0, "shops": 0, "food": 0, "comp": 0, "offices": 0}}, {"type": "Feature", "geometry": {"type": "Polygon", "coordinates": [[[23.61483400598541, 46.80483111749899], [23.618114977584995, 46.80483111749899], [23.618114977584995, 46.80707689543647], [23.61483400598541, 46.80707689543647], [23.61483400598541, 46.80483111749899]]]}, "properties": {"score": 2, "res500": 484, "transit": 0, "shops": 0, "food": 0, "comp": 0, "offices": 0}}, {"type": "Feature", "geometry": {"type": "Polygon", "coordinates": [[[23.618114977584995, 46.80483111749899], [23.621395949184578, 46.80483111749899], [23.621395949184578, 46.80707689543647], [23.618114977584995, 46.80707689543647], [23.618114977584995, 46.80483111749899]]]}, "properties": {"score": 2, "res500": 580, "transit": 0, "shops": 0, "food": 0, "comp": 0, "offices": 0}}, {"type": "Feature", "geometry": {"type": "Polygon", "coordinates": [[[23.621395949184578, 46.80483111749899], [23.62467692078416, 46.80483111749899], [23.62467692078416, 46.80707689543647], [23.621395949184578, 46.80707689543647], [23.621395949184578, 46.80483111749899]]]}, "properties": {"score": 2, "res500": 452, "transit": 0, "shops": 0, "food": 0, "comp": 0, "offices": 0}}, {"type": "Feature", "geometry": {"type": "Polygon", "coordinates": [[[23.63451983558291, 46.80483111749899], [23.637800807182494, 46.80483111749899], [23.637800807182494, 46.80707689543647], [23.63451983558291, 46.80707689543647], [23.63451983558291, 46.80483111749899]]]}, "properties": {"score": 2, "res500": 451, "transit": 0, "shops": 0, "food": 0, "comp": 0, "offices": 0}}, {"type": "Feature", "geometry": {"type": "Polygon", "coordinates": [[[23.637800807182494, 46.80483111749899], [23.641081778782077, 46.80483111749899], [23.641081778782077, 46.80707689543647], [23.637800807182494, 46.80707689543647], [23.637800807182494, 46.80483111749899]]]}, "properties": {"score": 3, "res500": 914, "transit": 0, "shops": 0, "food": 0, "comp": 0, "offices": 0}}, {"type": "Feature", "geometry": {"type": "Polygon", "coordinates": [[[23.641081778782077, 46.80483111749899], [23.64436275038166, 46.80483111749899], [23.64436275038166, 46.80707689543647], [23.641081778782077, 46.80707689543647], [23.641081778782077, 46.80483111749899]]]}, "properties": {"score": 4, "res500": 1240, "transit": 0, "shops": 0, "food": 0, "comp": 0, "offices": 0}}, {"type": "Feature", "geometry": {"type": "Polygon", "coordinates": [[[23.64436275038166, 46.80483111749899], [23.647643721981243, 46.80483111749899], [23.647643721981243, 46.80707689543647], [23.64436275038166, 46.80707689543647], [23.64436275038166, 46.80483111749899]]]}, "properties": {"score": 4, "res500": 1156, "transit": 0, "shops": 0, "food": 0, "comp": 0, "offices": 0}}, {"type": "Feature", "geometry": {"type": "Polygon", "coordinates": [[[23.647643721981243, 46.80483111749899], [23.650924693580826, 46.80483111749899], [23.650924693580826, 46.80707689543647], [23.647643721981243, 46.80707689543647], [23.647643721981243, 46.80483111749899]]]}, "properties": {"score": 2, "res500": 408, "transit": 0, "shops": 0, "food": 0, "comp": 0, "offices": 0}}, {"type": "Feature", "geometry": {"type": "Polygon", "coordinates": [[[23.552497737245574, 46.80707689543647], [23.555778845823422, 46.80707689543647], [23.555778845823422, 46.80932267337394], [23.552497737245574, 46.80932267337394], [23.552497737245574, 46.80707689543647]]]}, "properties": {"score": 1, "res500": 238, "transit": 0, "shops": 0, "food": 0, "comp": 0, "offices": 0}}, {"type": "Feature", "geometry": {"type": "Polygon", "coordinates": [[[23.59843325733545, 46.80707689543647], [23.6017143659133, 46.80707689543647], [23.6017143659133, 46.80932267337394], [23.59843325733545, 46.80932267337394], [23.59843325733545, 46.80707689543647]]]}, "properties": {"score": 2, "res500": 464, "transit": 0, "shops": 0, "food": 0, "comp": 0, "offices": 0}}, {"type": "Feature", "geometry": {"type": "Polygon", "coordinates": [[[23.6017143659133, 46.80707689543647], [23.604995474491147, 46.80707689543647], [23.604995474491147, 46.80932267337394], [23.6017143659133, 46.80932267337394], [23.6017143659133, 46.80707689543647]]]}, "properties": {"score": 8, "res500": 726, "transit": 2, "shops": 0, "food": 0, "comp": 0, "offices": 0}}, {"type": "Feature", "geometry": {"type": "Polygon", "coordinates": [[[23.604995474491147, 46.80707689543647], [23.608276583068996, 46.80707689543647], [23.608276583068996, 46.80932267337394], [23.604995474491147, 46.80932267337394], [23.604995474491147, 46.80707689543647]]]}, "properties": {"score": 9, "res500": 932, "transit": 2, "shops": 0, "food": 0, "comp": 0, "offices": 0}}, {"type": "Feature", "geometry": {"type": "Polygon", "coordinates": [[[23.608276583068996, 46.80707689543647], [23.611557691646844, 46.80707689543647], [23.611557691646844, 46.80932267337394], [23.608276583068996, 46.80932267337394], [23.608276583068996, 46.80707689543647]]]}, "properties": {"score": 6, "res500": 854, "transit": 1, "shops": 0, "food": 0, "comp": 0, "offices": 0}}, {"type": "Feature", "geometry": {"type": "Polygon", "coordinates": [[[23.611557691646844, 46.80707689543647], [23.614838800224693, 46.80707689543647], [23.614838800224693, 46.80932267337394], [23.611557691646844, 46.80932267337394], [23.611557691646844, 46.80707689543647]]]}, "properties": {"score": 2, "res500": 503, "transit": 0, "shops": 0, "food": 0, "comp": 0, "offices": 0}}, {"type": "Feature", "geometry": {"type": "Polygon", "coordinates": [[[23.614838800224693, 46.80707689543647], [23.61811990880254, 46.80707689543647], [23.61811990880254, 46.80932267337394], [23.614838800224693, 46.80932267337394], [23.614838800224693, 46.80707689543647]]]}, "properties": {"score": 1, "res500": 347, "transit": 0, "shops": 0, "food": 0, "comp": 0, "offices": 0}}, {"type": "Feature", "geometry": {"type": "Polygon", "coordinates": [[[23.634525451691783, 46.80707689543647], [23.63780656026963, 46.80707689543647], [23.63780656026963, 46.80932267337394], [23.634525451691783, 46.80932267337394], [23.634525451691783, 46.80707689543647]]]}, "properties": {"score": 1, "res500": 409, "transit": 0, "shops": 0, "food": 0, "comp": 0, "offices": 0}}, {"type": "Feature", "geometry": {"type": "Polygon", "coordinates": [[[23.63780656026963, 46.80707689543647], [23.64108766884748, 46.80707689543647], [23.64108766884748, 46.80932267337394], [23.63780656026963, 46.80932267337394], [23.63780656026963, 46.80707689543647]]]}, "properties": {"score": 3, "res500": 765, "transit": 0, "shops": 0, "food": 0, "comp": 0, "offices": 0}}, {"type": "Feature", "geometry": {"type": "Polygon", "coordinates": [[[23.64108766884748, 46.80707689543647], [23.644368777425328, 46.80707689543647], [23.644368777425328, 46.80932267337394], [23.64108766884748, 46.80932267337394], [23.64108766884748, 46.80707689543647]]]}, "properties": {"score": 3, "res500": 801, "transit": 0, "shops": 0, "food": 0, "comp": 0, "offices": 0}}, {"type": "Feature", "geometry": {"type": "Polygon", "coordinates": [[[23.644368777425328, 46.80707689543647], [23.647649886003176, 46.80707689543647], [23.647649886003176, 46.80932267337394], [23.644368777425328, 46.80932267337394], [23.644368777425328, 46.80707689543647]]]}, "properties": {"score": 2, "res500": 696, "transit": 0, "shops": 0, "food": 0, "comp": 0, "offices": 0}}, {"type": "Feature", "geometry": {"type": "Polygon", "coordinates": [[[23.647649886003176, 46.80707689543647], [23.650930994581024, 46.80707689543647], [23.650930994581024, 46.80932267337394], [23.647649886003176, 46.80932267337394], [23.647649886003176, 46.80707689543647]]]}, "properties": {"score": 1, "res500": 216, "transit": 0, "shops": 0, "food": 0, "comp": 0, "offices": 0}}, {"type": "Feature", "geometry": {"type": "Polygon", "coordinates": [[[23.59515612160514, 46.80932267337394], [23.59843736717773, 46.80932267337394], [23.59843736717773, 46.811568451311416], [23.59515612160514, 46.811568451311416], [23.59515612160514, 46.80932267337394]]]}, "properties": {"score": 1, "res500": 205, "transit": 0, "shops": 0, "food": 0, "comp": 0, "offices": 0}}, {"type": "Feature", "geometry": {"type": "Polygon", "coordinates": [[[23.59843736717773, 46.80932267337394], [23.60171861275032, 46.80932267337394], [23.60171861275032, 46.811568451311416], [23.59843736717773, 46.811568451311416], [23.59843736717773, 46.80932267337394]]]}, "properties": {"score": 2, "res500": 606, "transit": 0, "shops": 0, "food": 0, "comp": 0, "offices": 0}}, {"type": "Feature", "geometry": {"type": "Polygon", "coordinates": [[[23.60171861275032, 46.80932267337394], [23.604999858322913, 46.80932267337394], [23.604999858322913, 46.811568451311416], [23.60171861275032, 46.811568451311416], [23.60171861275032, 46.80932267337394]]]}, "properties": {"score": 8, "res500": 772, "transit": 2, "shops": 0, "food": 0, "comp": 0, "offices": 0}}, {"type": "Feature", "geometry": {"type": "Polygon", "coordinates": [[[23.604999858322913, 46.80932267337394], [23.608281103895504, 46.80932267337394], [23.608281103895504, 46.811568451311416], [23.604999858322913, 46.811568451311416], [23.604999858322913, 46.80932267337394]]]}, "properties": {"score": 8, "res500": 808, "transit": 2, "shops": 0, "food": 0, "comp": 0, "offices": 0}}, {"type": "Feature", "geometry": {"type": "Polygon", "coordinates": [[[23.608281103895504, 46.80932267337394], [23.611562349468095, 46.80932267337394], [23.611562349468095, 46.811568451311416], [23.608281103895504, 46.811568451311416], [23.608281103895504, 46.80932267337394]]]}, "properties": {"score": 3, "res500": 735, "transit": 0, "shops": 0, "food": 0, "comp": 0, "offices": 0}}, {"type": "Feature", "geometry": {"type": "Polygon", "coordinates": [[[23.611562349468095, 46.80932267337394], [23.614843595040686, 46.80932267337394], [23.614843595040686, 46.811568451311416], [23.611562349468095, 46.811568451311416], [23.611562349468095, 46.80932267337394]]]}, "properties": {"score": 2, "res500": 376, "transit": 0, "shops": 0, "food": 0, "comp": 0, "offices": 0}}, {"type": "Feature", "geometry": {"type": "Polygon", "coordinates": [[[23.614843595040686, 46.80932267337394], [23.618124840613277, 46.80932267337394], [23.618124840613277, 46.811568451311416], [23.614843595040686, 46.811568451311416], [23.614843595040686, 46.80932267337394]]]}, "properties": {"score": 1, "res500": 217, "transit": 0, "shops": 0, "food": 0, "comp": 0, "offices": 0}}, {"type": "Feature", "geometry": {"type": "Polygon", "coordinates": [[[23.63453106847623, 46.80932267337394], [23.637812314048823, 46.80932267337394], [23.637812314048823, 46.811568451311416], [23.63453106847623, 46.811568451311416], [23.63453106847623, 46.80932267337394]]]}, "properties": {"score": 1, "res500": 235, "transit": 0, "shops": 0, "food": 0, "comp": 0, "offices": 0}}, {"type": "Feature", "geometry": {"type": "Polygon", "coordinates": [[[23.637812314048823, 46.80932267337394], [23.641093559621414, 46.80932267337394], [23.641093559621414, 46.811568451311416], [23.637812314048823, 46.811568451311416], [23.637812314048823, 46.80932267337394]]]}, "properties": {"score": 2, "res500": 516, "transit": 0, "shops": 0, "food": 0, "comp": 0, "offices": 0}}, {"type": "Feature", "geometry": {"type": "Polygon", "coordinates": [[[23.641093559621414, 46.80932267337394], [23.644374805194005, 46.80932267337394], [23.644374805194005, 46.811568451311416], [23.641093559621414, 46.811568451311416], [23.641093559621414, 46.80932267337394]]]}, "properties": {"score": 2, "res500": 572, "transit": 0, "shops": 0, "food": 0, "comp": 0, "offices": 0}}, {"type": "Feature", "geometry": {"type": "Polygon", "coordinates": [[[23.644374805194005, 46.80932267337394], [23.647656050766596, 46.80932267337394], [23.647656050766596, 46.811568451311416], [23.644374805194005, 46.811568451311416], [23.644374805194005, 46.80932267337394]]]}, "properties": {"score": 1, "res500": 392, "transit": 0, "shops": 0, "food": 0, "comp": 0, "offices": 0}}, {"type": "Feature", "geometry": {"type": "Polygon", "coordinates": [[[23.595160094930627, 46.811568451311416], [23.59844147751444, 46.811568451311416], [23.59844147751444, 46.81381422924889], [23.595160094930627, 46.81381422924889], [23.595160094930627, 46.811568451311416]]]}, "properties": {"score": 2, "res500": 438, "transit": 0, "shops": 0, "food": 0, "comp": 0, "offices": 0}}, {"type": "Feature", "geometry": {"type": "Polygon", "coordinates": [[[23.59844147751444, 46.811568451311416], [23.601722860098256, 46.811568451311416], [23.601722860098256, 46.81381422924889], [23.59844147751444, 46.81381422924889], [23.59844147751444, 46.811568451311416]]]}, "properties": {"score": 8, "res500": 816, "transit": 2, "shops": 0, "food": 0, "comp": 0, "offices": 0}}, {"type": "Feature", "geometry": {"type": "Polygon", "coordinates": [[[23.601722860098256, 46.811568451311416], [23.60500424268207, 46.811568451311416], [23.60500424268207, 46.81381422924889], [23.601722860098256, 46.81381422924889], [23.601722860098256, 46.811568451311416]]]}, "properties": {"score": 13, "res500": 801, "transit": 4, "shops": 0, "food": 0, "comp": 0, "offices": 0}}, {"type": "Feature", "geometry": {"type": "Polygon", "coordinates": [[[23.60500424268207, 46.811568451311416], [23.608285625265886, 46.811568451311416], [23.608285625265886, 46.81381422924889], [23.60500424268207, 46.81381422924889], [23.60500424268207, 46.811568451311416]]]}, "properties": {"score": 11, "res500": 734, "transit": 3, "shops": 0, "food": 0, "comp": 0, "offices": 0}}, {"type": "Feature", "geometry": {"type": "Polygon", "coordinates": [[[23.608285625265886, 46.811568451311416], [23.6115670078497, 46.811568451311416], [23.6115670078497, 46.81381422924889], [23.608285625265886, 46.81381422924889], [23.608285625265886, 46.811568451311416]]]}, "properties": {"score": 2, "res500": 445, "transit": 0, "shops": 0, "food": 0, "comp": 0, "offices": 0}}, {"type": "Feature", "geometry": {"type": "Polygon", "coordinates": [[[23.595164068734167, 46.81381422924889], [23.59844558834569, 46.81381422924889], [23.59844558834569, 46.816060007186366], [23.595164068734167, 46.816060007186366], [23.595164068734167, 46.81381422924889]]]}, "properties": {"score": 3, "res500": 877, "transit": 0, "shops": 0, "food": 0, "comp": 0, "offices": 0}}, {"type": "Feature", "geometry": {"type": "Polygon", "coordinates": [[[23.59844558834569, 46.81381422924889], [23.601727107957213, 46.81381422924889], [23.601727107957213, 46.816060007186366], [23.59844558834569, 46.816060007186366], [23.59844558834569, 46.81381422924889]]]}, "properties": {"score": 14, "res500": 1025, "transit": 4, "shops": 0, "food": 0, "comp": 0, "offices": 0}}, {"type": "Feature", "geometry": {"type": "Polygon", "coordinates": [[[23.601727107957213, 46.81381422924889], [23.605008627568736, 46.81381422924889], [23.605008627568736, 46.816060007186366], [23.601727107957213, 46.816060007186366], [23.601727107957213, 46.81381422924889]]]}, "properties": {"score": 9, "res500": 979, "transit": 2, "shops": 0, "food": 0, "comp": 0, "offices": 0}}, {"type": "Feature", "geometry": {"type": "Polygon", "coordinates": [[[23.605008627568736, 46.81381422924889], [23.60829014718026, 46.81381422924889], [23.60829014718026, 46.816060007186366], [23.605008627568736, 46.816060007186366], [23.605008627568736, 46.81381422924889]]]}, "properties": {"score": 2, "res500": 606, "transit": 0, "shops": 0, "food": 0, "comp": 0, "offices": 0}}, {"type": "Feature", "geometry": {"type": "Polygon", "coordinates": [[[23.60829014718026, 46.81381422924889], [23.611571666791782, 46.81381422924889], [23.611571666791782, 46.816060007186366], [23.60829014718026, 46.816060007186366], [23.60829014718026, 46.81381422924889]]]}, "properties": {"score": 1, "res500": 203, "transit": 0, "shops": 0, "food": 0, "comp": 0, "offices": 0}}, {"type": "Feature", "geometry": {"type": "Polygon", "coordinates": [[[23.591886386360045, 46.816060007186366], [23.59516804301576, 46.816060007186366], [23.59516804301576, 46.81830578512384], [23.591886386360045, 46.81830578512384], [23.591886386360045, 46.816060007186366]]]}, "properties": {"score": 2, "res500": 577, "transit": 0, "shops": 0, "food": 0, "comp": 0, "offices": 0}}, {"type": "Feature", "geometry": {"type": "Polygon", "coordinates": [[[23.59516804301576, 46.816060007186366], [23.598449699671477, 46.816060007186366], [23.598449699671477, 46.81830578512384], [23.59516804301576, 46.81830578512384], [23.59516804301576, 46.816060007186366]]]}, "properties": {"score": 6, "res500": 827, "transit": 1, "shops": 3, "food": 0, "comp": 0, "offices": 0}}, {"type": "Feature", "geometry": {"type": "Polygon", "coordinates": [[[23.598449699671477, 46.816060007186366], [23.601731356327193, 46.816060007186366], [23.601731356327193, 46.81830578512384], [23.598449699671477, 46.81830578512384], [23.598449699671477, 46.816060007186366]]]}, "properties": {"score": 9, "res500": 917, "transit": 2, "shops": 3, "food": 0, "comp": 0, "offices": 0}}, {"type": "Feature", "geometry": {"type": "Polygon", "coordinates": [[[23.601731356327193, 46.816060007186366], [23.60501301298291, 46.816060007186366], [23.60501301298291, 46.81830578512384], [23.601731356327193, 46.81830578512384], [23.601731356327193, 46.816060007186366]]]}, "properties": {"score": 8, "res500": 841, "transit": 2, "shops": 1, "food": 0, "comp": 0, "offices": 0}}, {"type": "Feature", "geometry": {"type": "Polygon", "coordinates": [[[23.60501301298291, 46.816060007186366], [23.608294669638624, 46.816060007186366], [23.608294669638624, 46.81830578512384], [23.60501301298291, 46.81830578512384], [23.60501301298291, 46.816060007186366]]]}, "properties": {"score": 1, "res500": 379, "transit": 0, "shops": 0, "food": 0, "comp": 0, "offices": 0}}, {"type": "Feature", "geometry": {"type": "Polygon", "coordinates": [[[23.588608430342813, 46.81830578512384], [23.591890224059213, 46.81830578512384], [23.591890224059213, 46.820551563061315], [23.588608430342813, 46.820551563061315], [23.588608430342813, 46.81830578512384]]]}, "properties": {"score": 1, "res500": 298, "transit": 0, "shops": 0, "food": 0, "comp": 0, "offices": 0}}, {"type": "Feature", "geometry": {"type": "Polygon", "coordinates": [[[23.591890224059213, 46.81830578512384], [23.595172017775614, 46.81830578512384], [23.595172017775614, 46.820551563061315], [23.591890224059213, 46.820551563061315], [23.591890224059213, 46.81830578512384]]]}, "properties": {"score": 8, "res500": 667, "transit": 2, "shops": 0, "food": 0, "comp": 0, "offices": 0}}, {"type": "Feature", "geometry": {"type": "Polygon", "coordinates": [[[23.595172017775614, 46.81830578512384], [23.598453811492014, 46.81830578512384], [23.598453811492014, 46.820551563061315], [23.595172017775614, 46.820551563061315], [23.595172017775614, 46.81830578512384]]]}, "properties": {"score": 9, "res500": 836, "transit": 2, "shops": 3, "food": 0, "comp": 0, "offices": 0}}, {"type": "Feature", "geometry": {"type": "Polygon", "coordinates": [[[23.598453811492014, 46.81830578512384], [23.601735605208415, 46.81830578512384], [23.601735605208415, 46.820551563061315], [23.598453811492014, 46.820551563061315], [23.598453811492014, 46.81830578512384]]]}, "properties": {"score": 9, "res500": 814, "transit": 2, "shops": 3, "food": 0, "comp": 0, "offices": 0}}, {"type": "Feature", "geometry": {"type": "Polygon", "coordinates": [[[23.601735605208415, 46.81830578512384], [23.605017398924815, 46.81830578512384], [23.605017398924815, 46.820551563061315], [23.601735605208415, 46.820551563061315], [23.601735605208415, 46.81830578512384]]]}, "properties": {"score": 5, "res500": 616, "transit": 1, "shops": 0, "food": 0, "comp": 0, "offices": 0}}, {"type": "Feature", "geometry": {"type": "Polygon", "coordinates": [[[23.58204826983942, 46.820551563061315], [23.585330200632995, 46.820551563061315], [23.585330200632995, 46.82279734099879], [23.58204826983942, 46.82279734099879], [23.58204826983942, 46.820551563061315]]]}, "properties": {"score": 1, "res500": 225, "transit": 0, "shops": 0, "food": 0, "comp": 0, "offices": 1}}, {"type": "Feature", "geometry": {"type": "Polygon", "coordinates": [[[23.585330200632995, 46.820551563061315], [23.588612131426572, 46.820551563061315], [23.588612131426572, 46.82279734099879], [23.585330200632995, 46.82279734099879], [23.585330200632995, 46.820551563061315]]]}, "properties": {"score": 1, "res500": 326, "transit": 0, "shops": 0, "food": 0, "comp": 0, "offices": 0}}, {"type": "Feature", "geometry": {"type": "Polygon", "coordinates": [[[23.588612131426572, 46.820551563061315], [23.59189406222015, 46.820551563061315], [23.59189406222015, 46.82279734099879], [23.588612131426572, 46.82279734099879], [23.588612131426572, 46.820551563061315]]]}, "properties": {"score": 2, "res500": 453, "transit": 0, "shops": 0, "food": 0, "comp": 0, "offices": 0}}, {"type": "Feature", "geometry": {"type": "Polygon", "coordinates": [[[23.59189406222015, 46.820551563061315], [23.595175993013726, 46.820551563061315], [23.595175993013726, 46.82279734099879], [23.59189406222015, 46.82279734099879], [23.59189406222015, 46.820551563061315]]]}, "properties": {"score": 7, "res500": 512, "transit": 2, "shops": 0, "food": 0, "comp": 0, "offices": 0}}, {"type": "Feature", "geometry": {"type": "Polygon", "coordinates": [[[23.595175993013726, 46.820551563061315], [23.598457923807302, 46.820551563061315], [23.598457923807302, 46.82279734099879], [23.595175993013726, 46.82279734099879], [23.595175993013726, 46.820551563061315]]]}, "properties": {"score": 8, "res500": 663, "transit": 2, "shops": 0, "food": 0, "comp": 0, "offices": 0}}, {"type": "Feature", "geometry": {"type": "Polygon", "coordinates": [[[23.598457923807302, 46.820551563061315], [23.60173985460088, 46.820551563061315], [23.60173985460088, 46.82279734099879], [23.598457923807302, 46.82279734099879], [23.598457923807302, 46.820551563061315]]]}, "properties": {"score": 2, "res500": 674, "transit": 0, "shops": 0, "food": 0, "comp": 0, "offices": 0}}, {"type": "Feature", "geometry": {"type": "Polygon", "coordinates": [[[23.60173985460088, 46.820551563061315], [23.605021785394456, 46.820551563061315], [23.605021785394456, 46.82279734099879], [23.60173985460088, 46.82279734099879], [23.60173985460088, 46.820551563061315]]]}, "properties": {"score": 1, "res500": 205, "transit": 0, "shops": 0, "food": 0, "comp": 0, "offices": 0}}, {"type": "Feature", "geometry": {"type": "Polygon", "coordinates": [[[23.582051697181207, 46.82279734099879], [23.585333765068455, 46.82279734099879], [23.585333765068455, 46.825043118936264], [23.582051697181207, 46.825043118936264], [23.582051697181207, 46.82279734099879]]]}, "properties": {"score": 1, "res500": 201, "transit": 0, "shops": 0, "food": 0, "comp": 0, "offices": 1}}, {"type": "Feature", "geometry": {"type": "Polygon", "coordinates": [[[23.585333765068455, 46.82279734099879], [23.588615832955703, 46.82279734099879], [23.588615832955703, 46.825043118936264], [23.585333765068455, 46.825043118936264], [23.585333765068455, 46.82279734099879]]]}, "properties": {"score": 1, "res500": 225, "transit": 0, "shops": 0, "food": 0, "comp": 0, "offices": 0}}, {"type": "Feature", "geometry": {"type": "Polygon", "coordinates": [[[23.588615832955703, 46.82279734099879], [23.59189790084295, 46.82279734099879], [23.59189790084295, 46.825043118936264], [23.588615832955703, 46.825043118936264], [23.588615832955703, 46.82279734099879]]]}, "properties": {"score": 1, "res500": 388, "transit": 0, "shops": 0, "food": 0, "comp": 0, "offices": 0}}, {"type": "Feature", "geometry": {"type": "Polygon", "coordinates": [[[23.59189790084295, 46.82279734099879], [23.5951799687302, 46.82279734099879], [23.5951799687302, 46.825043118936264], [23.59189790084295, 46.825043118936264], [23.59189790084295, 46.82279734099879]]]}, "properties": {"score": 2, "res500": 445, "transit": 0, "shops": 0, "food": 0, "comp": 0, "offices": 0}}, {"type": "Feature", "geometry": {"type": "Polygon", "coordinates": [[[23.5951799687302, 46.82279734099879], [23.59846203661745, 46.82279734099879], [23.59846203661745, 46.825043118936264], [23.5951799687302, 46.825043118936264], [23.5951799687302, 46.82279734099879]]]}, "properties": {"score": 1, "res500": 408, "transit": 0, "shops": 0, "food": 0, "comp": 0, "offices": 0}}, {"type": "Feature", "geometry": {"type": "Polygon", "coordinates": [[[23.59846203661745, 46.82279734099879], [23.601744104504697, 46.82279734099879], [23.601744104504697, 46.825043118936264], [23.59846203661745, 46.825043118936264], [23.59846203661745, 46.82279734099879]]]}, "properties": {"score": 1, "res500": 259, "transit": 0, "shops": 0, "food": 0, "comp": 0, "offices": 0}}]}